; HEADER_BLOCK_START
; generated by OrcaSlicer 2.3.0 on 2025-05-19 at 11:05:19
; total layer number: 40
;_GP_TOTAL_LAYER_NUMBER_PLACEHOLDER
; filament_density: 1.24
; filament_diameter: 1.75
; max_z_height: 8.00
; HEADER_BLOCK_END

; external perimeters extrusion width = 0.42mm
; perimeters extrusion width = 0.45mm
; infill extrusion width = 0.45mm
; solid infill extrusion width = 0.42mm
; top infill extrusion width = 0.42mm
; first layer extrusion width = 0.46mm

; external perimeters extrusion width = 0.42mm
; perimeters extrusion width = 0.45mm
; infill extrusion width = 0.45mm
; solid infill extrusion width = 0.42mm
; top infill extrusion width = 0.42mm
; first layer extrusion width = 0.46mm

; external perimeters extrusion width = 0.42mm
; perimeters extrusion width = 0.45mm
; infill extrusion width = 0.45mm
; solid infill extrusion width = 0.42mm
; top infill extrusion width = 0.42mm
; first layer extrusion width = 0.46mm

; external perimeters extrusion width = 0.42mm
; perimeters extrusion width = 0.45mm
; infill extrusion width = 0.45mm
; solid infill extrusion width = 0.42mm
; top infill extrusion width = 0.42mm
; first layer extrusion width = 0.46mm

; EXECUTABLE_BLOCK_START
M201 X2500 Y2500 Z500 E5000
M203 X250 Y250 Z5 E40
M204 P2500 R500 T2500 ; sets acceleration (P, T) and retract acceleration (R), mm/sec^2
M205 X10.00 Y10.00 Z0.40 E5.00 ; sets the jerk limits, mm/sec
M106 S0
M106 P2 S0
;TYPE:Custom
M220 S100 ;Reset Feedrate 
M221 S100 ;Reset Flowrate 
M413 S0; Disable power loss recovery 
M104 S215 ;Set final nozzle temp 
M190 S60 ;Set and wait for bed temp to stabilize 
G28 ;Home 
G92 E0 ;Reset Extruder 
G1 Z2.0 F3000 ;Move Z Axis up 
G1 X-2.1 Y20 Z0.28 F5000.0 ;Move to start position 
M109 S215 ;Wait for nozzle temp to stabilize 
G1 X-2.1 Y145.0 Z0.28 F1500.0 E15 ;Draw the first line 
G1 X-2.4 Y145.0 Z0.28 F5000.0 ;Move to side a little 
G1 X-2.4 Y20 Z0.28 F1500.0 E30 ;Draw the second line 
G92 E0  ;Reset Extruder 
G1 E-1.0000 F1800 ;Retract a bit 
G1 Z2.0 F3000 ;Move Z Axis up 
G1 E0.0000 F1800
G90
G21
M83 ; use relative distances for extrusion
; filament start gcode
M106 S0
M106 P2 S0
;LAYER_CHANGE
;Z:0.2
;HEIGHT:0.2
;BEFORE_LAYER_CHANGE
;0.2
G92 E0

G1 E-1.2 F2400
;_SET_FAN_SPEED_CHANGING_LAYER
M204 P500
; printing object OrangePi-Spacer.stl id:8761013144 copy 0
M204 T500
G1 X110.729 Y112.406 F9000
G1 Z.6
G1 Z.2
G1 E1.2 F1800
;TYPE:Brim
;WIDTH:0.46
G1 X110.852 Y112.525 E.00533
G1 X110.997 Y112.753 E.00843
G1 X111.082 Y113.009 E.00843
G1 X111.104 Y113.278 E.00843
G1 X111.061 Y113.545 E.00843
G1 X110.955 Y113.793 E.00843
G1 X110.793 Y114.009 E.00843
G1 X110.725 Y114.063 E.0027
G1 X110.68 Y113.677 E.01214
G1 X110.658 Y113.238 E.01373
G1 X110.68 Y112.819 E.01308
G1 X110.725 Y112.446 E.01173
G1 E-.84 F2400
;WIPE_START
G1 F1800
G1 X110.852 Y112.525 E-.05401
G1 X110.997 Y112.753 E-.09718
G1 X111.082 Y113.009 E-.09718
G1 X111.104 Y113.278 E-.09719
G1 X111.097 Y113.318 E-.01444
;WIPE_END
G17
G3 Z.6 I1.124 J.467 P1  F9000
G1 X113.38 Y107.824 Z.6
G1 Z.2
G1 E1.2 F1800
G1 X113.704 Y107.583 E.01261
G1 X114.073 Y107.344 E.01373
G1 X114.446 Y107.154 E.01308
G1 X114.815 Y106.995 E.01251
G1 X114.801 Y107.079 E.00264
G1 X114.695 Y107.327 E.00843
G1 X114.533 Y107.543 E.00843
G1 X114.324 Y107.713 E.00843
G1 X114.08 Y107.829 E.00843
G1 X113.815 Y107.883 E.00843
G1 X113.546 Y107.872 E.00843
G1 X113.418 Y107.835 E.00415
G1 X112.808 Y109.667 F9000
G1 F1800
G1 X113.058 Y109.75 E.00822
G1 X113.737 Y109.824 E.0213
G1 X114.392 Y109.75 E.0206
G1 X114.978 Y109.555 E.01927
G1 X115.495 Y109.259 E.01859
G1 X115.989 Y108.821 E.02062
G1 X116.389 Y108.268 E.0213
G1 X116.636 Y107.701 E.0193
G1 X116.764 Y107.098 E.01924
G1 X116.768 Y106.473 E.01951
G1 X117.188 Y106.451 E.01312
G1 X117.752 Y106.451 E.0176
G1 X118.172 Y106.473 E.01312
G1 X118.608 Y106.541 E.01377
G1 X119.147 Y106.655 E.01721
G1 X119.933 Y106.908 E.02576
G1 X120.47 Y107.143 E.0183
G1 X120.862 Y107.342 E.01373
G1 X121.237 Y107.583 E.01393
G1 X121.693 Y107.915 E.01759
G1 X122.02 Y108.179 E.01312
G1 X122.333 Y108.49 E.01377
G1 X122.71 Y108.909 E.01759
G1 X122.986 Y109.253 E.01377
G1 X123.215 Y109.605 E.01312
G1 X123.497 Y110.093 E.01759
G1 X123.696 Y110.487 E.01376
G1 X123.847 Y110.879 E.01313
G1 X124.021 Y111.416 E.0176
G1 X124.135 Y111.842 E.01377
G1 X124.2 Y112.257 E.01312
G1 X124.259 Y112.818 E.0176
G1 X124.281 Y113.238 E.01312
G1 X124.259 Y113.678 E.01377
G1 X124.2 Y114.239 E.01759
G1 X124.13 Y114.674 E.01376
G1 X124.022 Y115.08 E.01312
G1 X123.847 Y115.616 E.0176
G1 X123.688 Y116.028 E.01376
G1 X123.497 Y116.402 E.01312
G1 X123.216 Y116.891 E.0176
G1 X122.974 Y117.26 E.01377
G1 X122.71 Y117.587 E.01312
G1 X122.333 Y118.006 E.0176
G1 X122.02 Y118.317 E.01376
G1 X121.693 Y118.581 E.01312
G1 X121.237 Y118.913 E.0176
G1 X120.867 Y119.152 E.01376
G1 X120.492 Y119.343 E.01313
G1 X119.977 Y119.572 E.0176
G1 X119.584 Y119.723 E.01312
G1 X119.159 Y119.838 E.01376
G1 X118.607 Y119.955 E.0176
G1 X118.192 Y120.021 E.01312
G1 X117.752 Y120.045 E.01376
G1 X117.188 Y120.045 E.01759
G1 X116.768 Y120.023 E.01312
G1 X116.332 Y119.955 E.01377
G1 X115.781 Y119.838 E.01759
G1 X115.375 Y119.729 E.01312
G1 X114.963 Y119.572 E.01377
G1 X114.448 Y119.343 E.01759
G1 X114.055 Y119.142 E.01377
G1 X113.703 Y118.913 E.01312
G1 X113.247 Y118.581 E.0176
G1 X112.905 Y118.303 E.01377
G1 X112.607 Y118.006 E.01312
G1 X112.23 Y117.587 E.0176
G1 X111.965 Y117.26 E.01312
G1 X111.724 Y116.891 E.01377
G1 X111.442 Y116.402 E.01759
G1 X111.247 Y116.017 E.01348
G1 X111.773 Y115.712 E.01897
G1 X112.25 Y115.286 E.01995
G1 X112.638 Y114.752 E.02063
G1 X112.902 Y114.147 E.0206
G1 X113.026 Y113.542 E.01927
G1 X113.028 Y112.946 E.01859
G1 X112.896 Y112.299 E.02062
G1 X112.627 Y111.695 E.02063
G1 X112.249 Y111.179 E.01997
G1 X111.791 Y110.767 E.01924
G1 X111.259 Y110.454 E.01926
G1 X111.724 Y109.605 E.03022
G1 X111.951 Y109.256 E.01299
G1 X112.472 Y109.555 E.01876
G1 X112.77 Y109.655 E.00981
G1 X112.639 Y110.05 F9000
G1 F1800
G1 X112.915 Y110.142 E.00908
G1 X113.68 Y110.237 E.02407
G1 X114.427 Y110.166 E.02342
G1 X115.196 Y109.911 E.02527
G1 X115.781 Y109.563 E.02126
G1 X116.257 Y109.141 E.01985
G1 X116.72 Y108.521 E.02415
G1 X117.047 Y107.775 E.02544
G1 X117.17 Y107.194 E.01855
G1 X117.182 Y106.986 E.0065
G1 X117.235 Y106.891 E.0034
G1 X117.31 Y106.868 E.00244
G1 X118.119 Y106.888 E.02524
G1 X119.045 Y107.061 E.02943
G1 X119.791 Y107.301 E.02444
G1 X120.289 Y107.519 E.01697
G1 X120.649 Y107.701 E.01259
G1 X121.006 Y107.931 E.01328
G1 X121.733 Y108.484 E.02849
G1 X122.394 Y109.182 E.03003
G1 X122.654 Y109.506 E.01295
G1 X123.132 Y110.295 E.02879
G1 X123.318 Y110.666 E.01295
G1 X123.619 Y111.528 E.0285
G1 X123.728 Y111.938 E.01326
G1 X123.843 Y112.845 E.02852
G1 X123.863 Y113.245 E.0125
G1 X123.843 Y113.652 E.01274
G1 X123.719 Y114.597 E.02972
G1 X123.456 Y115.471 E.02849
G1 X123.302 Y115.867 E.01325
G1 X122.863 Y116.667 E.02849
G1 X122.64 Y117.009 E.01274
G1 X122.034 Y117.713 E.02901
G1 X121.733 Y118.012 E.01325
G1 X121.006 Y118.565 E.02849
G1 X120.653 Y118.793 E.01313
G1 X120.307 Y118.969 E.01211
G1 X119.449 Y119.328 E.02904
G1 X119.055 Y119.434 E.01273
G1 X118.141 Y119.606 E.02901
G1 X117.734 Y119.628 E.01273
G1 X116.805 Y119.607 E.02901
G1 X116.402 Y119.544 E.01274
G1 X115.494 Y119.328 E.02913
G1 X114.625 Y118.965 E.02939
G1 X114.27 Y118.783 E.01244
G1 X113.942 Y118.571 E.01221
G1 X113.504 Y118.253 E.01689
G1 X113.189 Y117.997 E.01265
G1 X112.906 Y117.714 E.0125
G1 X112.309 Y117.022 E.02852
G1 X111.86 Y116.292 E.02675
G1 X111.85 Y116.184 E.0034
G1 X111.898 Y116.122 E.00245
G1 X112.058 Y116.017 E.00597
G1 X112.518 Y115.605 E.01927
G1 X113.022 Y114.913 E.02673
G1 X113.313 Y114.219 E.0235
G1 X113.432 Y113.637 E.01853
G1 X113.445 Y112.96 E.02114
G1 X113.271 Y112.118 E.02682
G1 X112.957 Y111.44 E.02334
G1 X112.519 Y110.861 E.02264
G1 X112.077 Y110.463 E.01858
G1 X111.918 Y110.357 E.00595
G1 X111.863 Y110.264 E.0034
G1 X111.878 Y110.193 E.00225
G1 X112.024 Y109.926 E.0095
G1 X112.113 Y109.863 E.0034
G1 X112.19 Y109.874 E.00242
G1 X112.349 Y109.954 E.00556
G1 X112.601 Y110.038 E.00828
G1 X113.036 Y110.594 F9000
G1 F1800
G1 X113.1 Y110.585 E.002
G1 X113.616 Y110.649 E.01625
G1 X114.356 Y110.592 E.02316
G1 X114.458 Y110.631 E.0034
G1 X114.489 Y110.736 E.0034
G1 X114.463 Y110.796 E.00205
G1 X114.355 Y110.927 E.0053
G1 X113.954 Y111.597 E.02437
G1 X113.853 Y111.873 E.00917
G1 X113.774 Y111.948 E.0034
G1 X113.666 Y111.934 E.0034
G1 X113.622 Y111.882 E.00213
G1 X113.34 Y111.275 E.02088
G1 X112.983 Y110.783 E.01898
G1 X112.964 Y110.676 E.0034
G1 X113.01 Y110.624 E.00215
G1 X114.491 Y111.511 F9000
G1 F1800
G1 X114.718 Y111.134 E.01374
G1 X115.214 Y110.61 E.02252
G1 X115.771 Y110.221 E.0212
G1 X116.438 Y109.934 E.02266
G1 X117.15 Y109.792 E.02265
G1 X117.875 Y109.801 E.02265
G1 X118.573 Y109.958 E.02233
G1 X119.22 Y110.251 E.02217
G1 X119.806 Y110.681 E.02268
G1 X120.222 Y111.133 E.01919
G1 X120.602 Y111.753 E.02268
G1 X120.844 Y112.436 E.02265
G1 X120.939 Y113.156 E.02265
G1 X120.883 Y113.879 E.02265
G1 X120.634 Y114.675 E.02602
G1 X120.222 Y115.362 E.02502
G1 X119.726 Y115.886 E.02252
G1 X119.169 Y116.275 E.0212
G1 X118.502 Y116.562 E.02266
G1 X117.79 Y116.704 E.02265
G1 X117.065 Y116.695 E.02265
G1 X116.358 Y116.536 E.02259
G1 X115.719 Y116.245 E.02193
G1 X115.134 Y115.815 E.02266
G1 X114.718 Y115.363 E.01919
G1 X114.338 Y114.743 E.02268
G1 X114.095 Y114.06 E.02265
G1 X114 Y113.34 E.02265
G1 X114.057 Y112.617 E.02265
G1 X114.306 Y111.821 E.02602
G1 X114.471 Y111.546 E.01003
G1 X114.828 Y111.752 F9000
G1 F1800
G1 X115.016 Y111.425 E.01178
G1 X115.449 Y110.954 E.01995
G1 X115.932 Y110.606 E.01859
G1 X116.515 Y110.344 E.01995
G1 X117.14 Y110.209 E.01995
G1 X117.779 Y110.207 E.01995
G1 X118.397 Y110.336 E.01971
G1 X118.97 Y110.584 E.01948
G1 X119.491 Y110.954 E.01995
G1 X119.923 Y111.425 E.01995
G1 X120.249 Y111.975 E.01995
G1 X120.453 Y112.58 E.01995
G1 X120.527 Y113.215 E.01995
G1 X120.467 Y113.851 E.01995
G1 X120.276 Y114.461 E.01995
G1 X119.923 Y115.071 E.022
G1 X119.491 Y115.542 E.01995
G1 X119.008 Y115.89 E.01859
G1 X118.425 Y116.152 E.01995
G1 X117.8 Y116.287 E.01995
G1 X117.161 Y116.289 E.01995
G1 X116.535 Y116.159 E.01995
G1 X115.969 Y115.911 E.01927
G1 X115.449 Y115.542 E.01992
G1 X115.016 Y115.071 E.01995
G1 X114.691 Y114.521 E.01995
G1 X114.487 Y113.916 E.01995
G1 X114.413 Y113.281 E.01995
G1 X114.473 Y112.645 E.01995
G1 X114.664 Y112.035 E.01995
G1 X114.808 Y111.786 E.00896
G1 E-.84 F2400
;WIPE_START
G1 F1800
G1 X115.016 Y111.425 E-.1503
G1 X115.411 Y110.996 E-.2097
;WIPE_END
G17
G3 Z.6 I-1.108 J-.503 P1  F9000
G1 X113.801 Y114.539 Z.6
G1 Z.2
G1 E1.2 F1800
G1 X113.842 Y114.593 E.00212
G1 X113.988 Y114.971 E.01265
G1 X114.356 Y115.571 E.02194
G1 X114.896 Y116.158 E.02491
G1 X115.556 Y116.629 E.02531
G1 X116.279 Y116.946 E.02462
G1 X116.96 Y117.099 E.02181
G1 X117.884 Y117.11 E.02883
G1 X118.678 Y116.94 E.02535
G1 X119.323 Y116.663 E.02191
G1 X119.955 Y116.234 E.02384
G1 X120.584 Y115.571 E.02852
G1 X121.034 Y114.793 E.02805
G1 X121.299 Y113.899 E.0291
G1 X121.351 Y113.089 E.02535
G1 X121.26 Y112.395 E.02185
G1 X120.951 Y111.523 E.02886
G1 X120.584 Y110.925 E.02192
G1 X120.12 Y110.407 E.02169
G1 X119.381 Y109.866 E.02859
G1 X118.653 Y109.548 E.0248
G1 X117.978 Y109.397 E.02157
G1 X117.165 Y109.375 E.0254
G1 X116.83 Y109.43 E.01059
G1 X116.726 Y109.4 E.0034
G1 X116.685 Y109.298 E.0034
G1 X116.708 Y109.234 E.00213
G1 X117.107 Y108.677 E.02139
G1 X117.424 Y107.953 E.02467
G1 X117.555 Y107.391 E.01801
G1 X117.623 Y107.306 E.0034
G1 X117.68 Y107.294 E.0018
G1 X118.065 Y107.304 E.01202
G1 X118.95 Y107.468 E.02811
G1 X119.651 Y107.695 E.02299
G1 X120.432 Y108.059 E.02689
G1 X120.771 Y108.276 E.01256
G1 X121.445 Y108.789 E.02644
G1 X122.083 Y109.461 E.02891
G1 X122.316 Y109.753 E.01166
G1 X122.769 Y110.502 E.02732
G1 X122.936 Y110.837 E.01169
G1 X123.219 Y111.645 E.02673
G1 X123.318 Y112.026 E.0123
G1 X123.426 Y112.877 E.02677
G1 X123.445 Y113.251 E.01169
G1 X123.426 Y113.62 E.01151
G1 X123.307 Y114.519 E.02831
G1 X123.063 Y115.33 E.02645
G1 X122.919 Y115.697 E.01229
G1 X122.507 Y116.448 E.02674
G1 X122.31 Y116.751 E.01127
G1 X121.732 Y117.425 E.02773
G1 X121.452 Y117.702 E.01229
G1 X120.77 Y118.22 E.02673
G1 X120.439 Y118.434 E.01231
G1 X120.128 Y118.592 E.0109
G1 X119.305 Y118.934 E.0278
G1 X118.957 Y119.028 E.01126
G1 X118.083 Y119.192 E.02775
G1 X117.723 Y119.211 E.01126
G1 X116.834 Y119.189 E.02775
G1 X116.478 Y119.133 E.01126
G1 X115.614 Y118.926 E.02773
G1 X114.805 Y118.588 E.02735
G1 X114.471 Y118.416 E.01175
G1 X113.755 Y117.92 E.02717
G1 X113.474 Y117.691 E.01133
G1 X113.215 Y117.433 E.0114
G1 X112.642 Y116.766 E.02744
G1 X112.414 Y116.396 E.01356
G1 X112.403 Y116.288 E.0034
G1 X112.863 Y115.841 E.02
G1 X113.352 Y115.169 E.02594
G1 X113.611 Y114.588 E.01988
G1 X113.694 Y114.517 E.0034
G1 X113.762 Y114.531 E.00215
G1 X113.72 Y115.453 F9000
G1 F1800
G1 X113.83 Y115.511 E.00387
G1 X114.056 Y115.86 E.01299
G1 X114.664 Y116.504 E.02766
G1 X115.304 Y116.961 E.02455
G1 X116.101 Y117.323 E.02731
G1 X116.968 Y117.516 E.02774
G1 X117.866 Y117.527 E.02801
G1 X118.755 Y117.35 E.02831
G1 X119.478 Y117.05 E.02444
G1 X120.179 Y116.587 E.02621
G1 X120.882 Y115.862 E.03151
G1 X121.391 Y115.008 E.03103
G1 X121.435 Y114.906 E.0035
G1 X121.716 Y113.914 E.03218
G1 X121.763 Y113.024 E.0278
G1 X121.649 Y112.244 E.0246
G1 X121.348 Y111.395 E.0281
G1 X120.944 Y110.716 E.02467
G1 X120.357 Y110.063 E.02741
G1 X119.537 Y109.479 E.03143
G1 X118.733 Y109.139 E.02723
G1 X118.08 Y108.992 E.02088
G1 X117.619 Y108.97 E.01441
G1 X117.523 Y108.918 E.0034
G1 X117.511 Y108.795 E.00386
G1 X117.802 Y108.129 E.02268
G1 X117.887 Y107.812 E.01024
G1 X117.959 Y107.73 E.0034
G1 X118.031 Y107.722 E.00227
G1 X118.839 Y107.872 E.02566
G1 X119.505 Y108.088 E.02184
G1 X120.223 Y108.422 E.02471
G1 X120.527 Y108.615 E.01127
G1 X121.173 Y109.108 E.02534
G1 X121.764 Y109.731 E.0268
G1 X121.977 Y109.999 E.01068
G1 X122.401 Y110.699 E.02555
G1 X122.548 Y110.992 E.01023
G1 X122.818 Y111.762 E.02547
G1 X122.906 Y112.098 E.01084
G1 X123.01 Y112.909 E.02554
G1 X123.027 Y113.257 E.01088
G1 X123.01 Y113.586 E.01028
G1 X122.895 Y114.44 E.0269
G1 X122.67 Y115.189 E.02441
G1 X122.544 Y115.513 E.01083
G1 X122.151 Y116.23 E.02552
G1 X121.98 Y116.493 E.00981
G1 X121.43 Y117.137 E.02642
G1 X121.184 Y117.381 E.01081
G1 X120.535 Y117.875 E.02548
G1 X120.225 Y118.074 E.01148
G1 X119.948 Y118.214 E.00969
G1 X119.162 Y118.541 E.02656
G1 X118.86 Y118.622 E.00978
G1 X118.025 Y118.777 E.0265
G1 X117.712 Y118.793 E.00978
G1 X116.863 Y118.772 E.02649
G1 X116.554 Y118.722 E.00978
G1 X115.753 Y118.531 E.0257
G1 X114.986 Y118.212 E.02594
G1 X114.693 Y118.062 E.01027
G1 X114.01 Y117.589 E.02593
G1 X113.758 Y117.384 E.01013
G1 X113.524 Y117.153 E.01028
G1 X112.962 Y116.488 E.02715
G1 X112.935 Y116.383 E.0034
G1 X112.969 Y116.32 E.00222
G1 X113.205 Y116.079 E.01054
G1 X113.623 Y115.505 E.02217
G1 X113.684 Y115.472 E.00215
G1 X113.717 Y116.169 F9000
G1 F1800
G1 X113.811 Y116.208 E.00318
G1 X114.353 Y116.782 E.02465
G1 X115.053 Y117.295 E.02708
G1 X115.917 Y117.698 E.02976
G1 X116.975 Y117.933 E.03384
G1 X117.959 Y117.934 E.03069
G1 X118.925 Y117.731 E.03083
G1 X119.717 Y117.391 E.0269
G1 X120.398 Y116.942 E.02546
G1 X121.176 Y116.157 E.03449
G1 X121.244 Y116.07 E.00345
G1 X121.745 Y115.229 E.03055
G1 X121.839 Y115.011 E.0074
G1 X122.114 Y114.04 E.03151
G1 X122.179 Y113.058 E.03073
G1 X122.038 Y112.094 E.0304
G1 X121.701 Y111.173 E.03059
G1 X121.247 Y110.429 E.02722
G1 X120.589 Y109.717 E.03027
G1 X119.687 Y109.09 E.03427
G1 X118.906 Y108.759 E.02649
G1 X118.215 Y108.595 E.02216
G1 X118.13 Y108.526 E.0034
G1 X118.128 Y108.424 E.00318
G1 X118.192 Y108.275 E.00504
G1 X118.274 Y108.204 E.0034
G1 X118.729 Y108.276 E.01438
G1 X119.359 Y108.48 E.02068
G1 X120.015 Y108.785 E.02256
G1 X120.284 Y108.955 E.00995
G1 X120.9 Y109.426 E.02422
G1 X121.445 Y110 E.0247
G1 X121.638 Y110.244 E.0097
G1 X122.033 Y110.896 E.0238
G1 X122.159 Y111.148 E.00879
G1 X122.417 Y111.88 E.02421
G1 X122.494 Y112.17 E.00937
G1 X122.594 Y112.942 E.02429
G1 X122.609 Y113.263 E.01005
G1 X122.594 Y113.552 E.00904
G1 X122.483 Y114.361 E.02549
G1 X122.276 Y115.049 E.0224
G1 X122.168 Y115.329 E.00937
G1 X121.795 Y116.012 E.02429
G1 X121.65 Y116.236 E.00835
G1 X121.128 Y116.849 E.02512
G1 X120.915 Y117.06 E.00934
G1 X120.299 Y117.531 E.02421
G1 X120.023 Y117.708 E.01024
G1 X119.77 Y117.837 E.00888
G1 X119.02 Y118.147 E.02532
G1 X118.763 Y118.215 E.00831
G1 X117.968 Y118.362 E.02524
G1 X117.702 Y118.376 E.00831
G1 X116.894 Y118.354 E.02523
G1 X116.631 Y118.312 E.00831
G1 X115.892 Y118.135 E.0237
G1 X115.166 Y117.835 E.02453
G1 X114.915 Y117.707 E.00879
G1 X114.264 Y117.258 E.02468
G1 X114.042 Y117.078 E.00894
G1 X113.827 Y116.865 E.00943
G1 X113.524 Y116.507 E.01463
G1 X113.52 Y116.351 E.00487
G1 X113.62 Y116.219 E.00517
G1 X113.681 Y116.187 E.00215
G1 E-.84 F2400
;WIPE_START
G1 F1800
G1 X113.811 Y116.208 E-.04723
G1 X114.353 Y116.782 E-.28432
G1 X114.416 Y116.829 E-.02845
;WIPE_END
G17
G3 Z.6 I.971 J.733 P1  F9000
G1 X118.735 Y111.108 Z.6
G1 Z.2
G1 E1.2 F1800
;TYPE:Outer wall
;WIDTH:0.520624
G1 X119.162 Y111.429 E.01908
;WIDTH:0.52467
G1 X119.494 Y111.809 E.0182
;WIDTH:0.526121
G1 X119.748 Y112.261 E.01878
;WIDTH:0.526411
G1 X119.904 Y112.757 E.01878
G1 X119.953 Y113.273 E.01878
;WIDTH:0.52554
G1 X119.895 Y113.789 E.01875
;WIDTH:0.523506
G1 X119.73 Y114.282 E.01868
;WIDTH:0.520548
G1 X119.466 Y114.729 E.01857
;WIDTH:0.523506
G1 X119.113 Y115.111 E.01869
;WIDTH:0.525539
G1 X118.69 Y115.411 E.01876
;WIDTH:0.526411
G1 X118.213 Y115.617 E.01878
G1 X117.704 Y115.72 E.01878
;WIDTH:0.526121
G1 X117.185 Y115.715 E.01877
;WIDTH:0.524668
G1 X116.678 Y115.604 E.01872
;WIDTH:0.522053
G1 X116.205 Y115.388 E.01863
;WIDTH:0.520625
G1 X115.778 Y115.067 E.0191
;WIDTH:0.524671
G1 X115.446 Y114.687 E.0182
;WIDTH:0.526122
G1 X115.191 Y114.235 E.01878
;WIDTH:0.526411
G1 X115.036 Y113.739 E.01878
G1 X114.987 Y113.223 E.01878
;WIDTH:0.525541
G1 X115.045 Y112.707 E.01875
;WIDTH:0.523508
G1 X115.209 Y112.214 E.01868
;WIDTH:0.520548
G1 X115.474 Y111.767 E.01857
;WIDTH:0.523507
G1 X115.826 Y111.385 E.01869
;WIDTH:0.525542
G1 X116.25 Y111.085 E.01876
;WIDTH:0.526413
G1 X116.727 Y110.879 E.01878
G1 X117.235 Y110.776 E.01878
;WIDTH:0.526122
G1 X117.755 Y110.781 E.01877
;WIDTH:0.524667
G1 X118.255 Y110.891 E.01846
;WIDTH:0.521425
G1 X118.699 Y111.091 E.01745
G1 X117.093 Y111.278 F9000
;WIDTH:0.515746
G1 F1800
G1 X117.096 Y111.277 E.00014
;WIDTH:0.524667
G1 X117.666 Y111.254 E.02054
G1 X118.064 Y111.329 E.01462
;WIDTH:0.521425
G1 X118.499 Y111.524 E.01704
;WIDTH:0.51873
G1 X118.881 Y111.821 E.01723
;WIDTH:0.516451
G1 X119.181 Y112.2 E.01714
;WIDTH:0.515377
G1 X119.382 Y112.64 E.0171
;WIDTH:0.516591
G1 X119.472 Y113.115 E.01715
;WIDTH:0.523506
G1 X119.435 Y113.648 E.01921
G1 X119.306 Y114.062 E.01559
;WIDTH:0.520307
G1 X119.057 Y114.477 E.01729
;WIDTH:0.517445
G1 X118.717 Y114.82 E.01718
;WIDTH:0.515744
G1 X118.304 Y115.073 E.01711
G1 X117.843 Y115.22 E.01712
;WIDTH:0.524668
G1 X117.274 Y115.242 E.02054
G1 X116.87 Y115.164 E.01485
;WIDTH:0.522053
G1 X116.441 Y114.972 E.01683
;WIDTH:0.518731
G1 X116.059 Y114.675 E.01723
;WIDTH:0.516451
G1 X115.759 Y114.296 E.01714
;WIDTH:0.515376
G1 X115.558 Y113.856 E.0171
;WIDTH:0.516593
G1 X115.467 Y113.381 E.01715
;WIDTH:0.523508
G1 X115.505 Y112.848 E.01921
G1 X115.633 Y112.434 E.01559
;WIDTH:0.520308
G1 X115.882 Y112.019 E.01729
;WIDTH:0.517448
G1 X116.223 Y111.676 E.01718
;WIDTH:0.515746
G1 X116.636 Y111.423 E.01711
G1 X117.055 Y111.29 E.01556
; stop printing object OrangePi-Spacer.stl id:8761013144 copy 0
; printing object OrangePi-Spacer.stl id:29074711 copy 0
G1 E-.84 F2400
;WIPE_START
G1 F1800
G1 X117.096 Y111.277 E-.01579
G1 X117.666 Y111.254 E-.20511
G1 X118.045 Y111.326 E-.13909
;WIPE_END
G17
G3 Z.6 I1.181 J-.293 P1  F9000
G1 X116.738 Y106.06 Z.6
G1 Z.2
G1 E1.2 F1800
;TYPE:Brim
;WIDTH:0.46
G1 X116.686 Y106.063 E.00163
G1 X116.622 Y105.791 E.00873
G1 X116.378 Y105.248 E.01859
G1 X116.004 Y104.729 E.01995
G1 X115.495 Y104.275 E.0213
G1 X114.938 Y103.961 E.01997
G1 X114.364 Y103.778 E.0188
G1 X113.736 Y103.71 E.01971
G1 X113.1 Y103.775 E.01995
G1 X112.511 Y103.961 E.01927
G1 X111.92 Y104.3 E.02128
G1 X111.446 Y104.73 E.01997
G1 X111.062 Y105.267 E.02062
G1 X110.808 Y105.853 E.01992
G1 X110.684 Y106.458 E.01927
G1 X110.682 Y107.054 E.01859
G1 X110.808 Y107.68 E.01995
G1 X111.098 Y108.329 E.02219
G1 X111.432 Y108.789 E.01772
G1 X111.637 Y108.981 E.00876
G1 X111.366 Y109.392 E.01538
G1 X111.078 Y109.89 E.01794
G1 X110.862 Y110.32 E.01503
G1 X110.582 Y110.235 E.00912
G1 X110.017 Y110.176 E.01772
G1 X109.382 Y110.236 E.01992
G1 X108.752 Y110.436 E.02062
G1 X108.212 Y110.743 E.01938
G1 X108.068 Y110.544 E.00765
G1 X107.653 Y109.831 E.02576
G1 X107.411 Y109.297 E.0183
G1 X107.252 Y108.886 E.01373
G1 X107.135 Y108.456 E.01393
G1 X107.018 Y107.905 E.01758
G1 X106.95 Y107.469 E.01377
G1 X106.928 Y107.049 E.01312
G1 X106.928 Y106.485 E.0176
G1 X106.95 Y106.065 E.01312
G1 X107.018 Y105.629 E.01377
G1 X107.135 Y105.078 E.01759
G1 X107.25 Y104.653 E.01376
G1 X107.401 Y104.26 E.01312
G1 X107.631 Y103.745 E.0176
G1 X107.821 Y103.37 E.01313
G1 X108.061 Y103 E.01376
G1 X108.392 Y102.544 E.0176
G1 X108.657 Y102.217 E.01312
G1 X108.968 Y101.904 E.01377
G1 X109.387 Y101.527 E.01759
G1 X109.713 Y101.262 E.01312
G1 X110.083 Y101.021 E.01377
G1 X110.571 Y100.74 E.01759
G1 X110.964 Y100.54 E.01376
G1 X111.357 Y100.39 E.01313
G1 X111.893 Y100.215 E.0176
G1 X112.299 Y100.107 E.01313
G1 X112.735 Y100.037 E.01376
G1 X113.295 Y99.978 E.0176
G1 X113.715 Y99.956 E.01312
G1 X114.156 Y99.978 E.01377
G1 X114.704 Y100.035 E.01721
G1 X115.512 Y100.204 E.02576
G1 X116.07 Y100.382 E.01829
G1 X116.501 Y100.547 E.01438
G1 X116.88 Y100.74 E.01328
G1 X117.368 Y101.021 E.0176
G1 X117.721 Y101.251 E.01313
G1 X118.064 Y101.527 E.01376
G1 X118.483 Y101.904 E.0176
G1 X118.78 Y102.202 E.01312
G1 X119.059 Y102.544 E.01377
G1 X119.39 Y103 E.0176
G1 X119.619 Y103.352 E.01312
G1 X119.82 Y103.745 E.01377
G1 X120.05 Y104.26 E.0176
G1 X120.2 Y104.653 E.01312
G1 X120.315 Y105.078 E.01376
G1 X120.433 Y105.63 E.0176
G1 X120.498 Y106.045 E.01312
G1 X120.523 Y106.718 E.02102
G1 X120.07 Y106.514 E.01548
G1 X119.264 Y106.255 E.02642
G1 X118.678 Y106.13 E.01872
G1 X118.225 Y106.059 E.01429
G1 X117.769 Y106.034 E.01428
G1 X117.171 Y106.034 E.01864
G1 X116.778 Y106.058 E.0123
G1 X117.062 Y105.607 F9000
G1 F1800
G1 X116.971 Y105.549 E.00337
G1 X116.71 Y104.995 E.01912
G1 X116.273 Y104.411 E.02277
G1 X115.69 Y103.906 E.0241
G1 X115.054 Y103.56 E.02258
G1 X114.398 Y103.363 E.02138
G1 X113.682 Y103.296 E.02245
G1 X113.07 Y103.359 E.0192
G1 X112.396 Y103.561 E.02194
G1 X111.723 Y103.933 E.02402
G1 X111.174 Y104.414 E.02277
G1 X110.73 Y105.015 E.02333
G1 X110.397 Y105.782 E.02611
G1 X110.278 Y106.363 E.01851
G1 X110.265 Y107.041 E.02118
G1 X110.397 Y107.751 E.02252
G1 X110.713 Y108.49 E.02509
G1 X111.049 Y108.971 E.01832
G1 X111.055 Y109.105 E.00419
G1 X110.681 Y109.752 E.02332
G1 X110.561 Y109.814 E.00419
G1 X109.967 Y109.762 E.01864
G1 X109.355 Y109.82 E.01918
G1 X108.634 Y110.036 E.02347
G1 X108.445 Y110.13 E.0066
G1 X108.336 Y110.132 E.0034
G1 X108.281 Y110.081 E.00233
G1 X108.022 Y109.634 E.01615
G1 X107.797 Y109.138 E.01697
G1 X107.647 Y108.75 E.013
G1 X107.54 Y108.354 E.01278
G1 X107.428 Y107.826 E.01687
G1 X107.367 Y107.432 E.01244
G1 X107.345 Y107.041 E.01221
G1 X107.367 Y106.098 E.02945
G1 X107.542 Y105.173 E.02939
G1 X107.646 Y104.788 E.01243
G1 X107.785 Y104.423 E.01221
G1 X108.189 Y103.57 E.02945
G1 X108.725 Y102.795 E.02941
G1 X108.972 Y102.491 E.01221
G1 X109.253 Y102.209 E.01243
G1 X109.968 Y101.594 E.02943
G1 X110.772 Y101.105 E.02939
G1 X111.128 Y100.925 E.01243
G1 X111.493 Y100.784 E.01222
G1 X112.397 Y100.513 E.02945
G1 X113.331 Y100.393 E.02941
G1 X113.722 Y100.374 E.01221
G1 X114.12 Y100.393 E.01244
G1 X114.646 Y100.449 E.0165
G1 X115.399 Y100.607 E.02404
G1 X115.929 Y100.775 E.01734
G1 X116.337 Y100.931 E.01364
G1 X116.686 Y101.109 E.01223
G1 X117.467 Y101.583 E.02852
G1 X118.198 Y102.209 E.03004
G1 X118.477 Y102.49 E.01233
G1 X119.043 Y103.231 E.02912
G1 X119.261 Y103.567 E.0125
G1 X119.442 Y103.922 E.01244
G1 X119.805 Y104.788 E.02931
G1 X119.911 Y105.181 E.0127
G1 X120.049 Y105.874 E.02205
G1 X120.022 Y105.979 E.0034
G1 X119.889 Y106.018 E.00432
G1 X119.346 Y105.846 E.01777
G1 X118.768 Y105.723 E.01843
G1 X118.296 Y105.648 E.01494
G1 X117.765 Y105.617 E.01657
G1 X117.098 Y105.621 E.02083
G1 X117.348 Y105.203 F9000
G1 F1800
G1 X117.236 Y105.133 E.00412
G1 X117.038 Y104.738 E.01382
G1 X116.537 Y104.088 E.0256
G1 X115.878 Y103.534 E.02688
G1 X115.163 Y103.158 E.0252
G1 X114.425 Y102.946 E.02398
G1 X113.731 Y102.882 E.02174
G1 X113.038 Y102.943 E.02172
G1 X112.288 Y103.158 E.02435
G1 X111.532 Y103.562 E.02674
G1 X110.832 Y104.176 E.02907
G1 X110.342 Y104.86 E.02627
G1 X109.986 Y105.709 E.02874
G1 X109.861 Y106.365 E.02083
G1 X109.857 Y107.128 E.02383
G1 X110.019 Y107.927 E.02543
G1 X110.326 Y108.644 E.02434
G1 X110.557 Y108.995 E.01312
G1 X110.561 Y109.126 E.00411
G1 X110.453 Y109.313 E.00675
G1 X110.336 Y109.376 E.00412
G1 X109.917 Y109.348 E.01309
G1 X109.327 Y109.403 E.01851
G1 X108.6 Y109.611 E.02361
G1 X108.492 Y109.592 E.0034
G1 X108.452 Y109.544 E.00194
G1 X108.185 Y108.982 E.01943
G1 X108.041 Y108.609 E.01247
G1 X107.838 Y107.747 E.02766
G1 X107.782 Y107.382 E.01152
G1 X107.763 Y107.03 E.01101
G1 X107.785 Y106.132 E.02804
G1 X107.95 Y105.261 E.02765
G1 X108.041 Y104.924 E.01092
G1 X108.168 Y104.591 E.0111
G1 X108.557 Y103.771 E.02835
G1 X109.062 Y103.042 E.02767
G1 X109.287 Y102.766 E.0111
G1 X109.534 Y102.518 E.01092
G1 X110.206 Y101.94 E.02769
G1 X110.98 Y101.468 E.02829
G1 X111.292 Y101.309 E.01092
G1 X111.624 Y101.181 E.0111
G1 X112.494 Y100.921 E.02835
G1 X113.373 Y100.809 E.02767
G1 X113.729 Y100.791 E.0111
G1 X114.084 Y100.809 E.01111
G1 X114.587 Y100.863 E.01578
G1 X115.287 Y101.01 E.02234
G1 X115.795 Y101.17 E.01661
G1 X116.161 Y101.311 E.01225
G1 X116.479 Y101.472 E.01112
G1 X117.23 Y101.929 E.02743
G1 X117.91 Y102.512 E.02799
G1 X118.156 Y102.758 E.01086
G1 X118.704 Y103.476 E.02817
G1 X118.896 Y103.771 E.01099
G1 X119.062 Y104.094 E.01132
G1 X119.406 Y104.916 E.02783
G1 X119.502 Y105.267 E.01134
G1 X119.482 Y105.374 E.0034
G1 X119.355 Y105.421 E.00423
G1 X118.859 Y105.315 E.01583
G1 X118.366 Y105.237 E.01557
G1 X117.793 Y105.201 E.01792
G1 X117.388 Y105.202 E.01264
G1 X117.599 Y104.784 F9000
G1 F1800
G1 X117.495 Y104.719 E.00383
G1 X117.363 Y104.476 E.00865
G1 X116.797 Y103.761 E.02846
G1 X116.062 Y103.159 E.02966
G1 X115.267 Y102.754 E.02783
G1 X114.453 Y102.53 E.02637
G1 X113.685 Y102.468 E.02404
G1 X112.913 Y102.545 E.02422
G1 X112.081 Y102.796 E.02712
G1 X111.247 Y103.257 E.02975
G1 X110.562 Y103.857 E.02843
G1 X110.489 Y103.938 E.00341
G1 X109.953 Y104.711 E.02936
G1 X109.607 Y105.536 E.02793
G1 X109.444 Y106.374 E.02663
G1 X109.451 Y107.223 E.0265
G1 X109.607 Y107.998 E.02468
G1 X109.924 Y108.766 E.02593
G1 X109.918 Y108.874 E.0034
G1 X109.82 Y108.938 E.00363
G1 X109.298 Y108.987 E.01637
G1 X108.822 Y109.114 E.01537
G1 X108.715 Y109.093 E.0034
G1 X108.675 Y109.041 E.00204
G1 X108.445 Y108.498 E.01841
G1 X108.247 Y107.662 E.02681
G1 X108.198 Y107.345 E.01
G1 X108.181 Y107.029 E.00989
G1 X108.201 Y106.186 E.02632
G1 X108.356 Y105.359 E.02625
G1 X108.441 Y105.047 E.01012
G1 X108.554 Y104.75 E.0099
G1 X108.925 Y103.972 E.02692
G1 X109.399 Y103.289 E.02594
G1 X109.593 Y103.051 E.0096
G1 X109.814 Y102.827 E.00982
G1 X110.461 Y102.273 E.02659
G1 X111.179 Y101.835 E.02624
G1 X111.456 Y101.694 E.00972
G1 X111.754 Y101.578 E.00997
G1 X112.571 Y101.334 E.0266
G1 X113.405 Y101.225 E.02626
G1 X113.734 Y101.209 E.01029
G1 X114.528 Y101.277 E.02486
G1 X115.175 Y101.412 E.02064
G1 X115.653 Y101.563 E.01564
G1 X115.985 Y101.69 E.0111
G1 X116.271 Y101.834 E.01
G1 X116.975 Y102.262 E.02571
G1 X117.623 Y102.815 E.02658
G1 X117.835 Y103.028 E.00939
G1 X118.36 Y103.712 E.02691
G1 X118.537 Y103.986 E.01019
G1 X118.685 Y104.274 E.01012
G1 X118.864 Y104.7 E.01441
G1 X118.858 Y104.809 E.0034
G1 X118.729 Y104.872 E.00447
G1 X118.388 Y104.82 E.01078
G1 X117.639 Y104.786 E.02339
G1 X117.853 Y104.378 F9000
G1 F1800
G1 X117.753 Y104.32 E.00363
G1 X117.132 Y103.512 E.03179
G1 X116.336 Y102.845 E.03243
G1 X115.366 Y102.349 E.03399
G1 X114.476 Y102.114 E.02873
G1 X113.634 Y102.054 E.02636
G1 X112.783 Y102.149 E.02673
G1 X111.868 Y102.437 E.02992
G1 X111.056 Y102.886 E.02896
G1 X110.292 Y103.539 E.03138
G1 X110.142 Y103.706 E.00701
G1 X109.563 Y104.561 E.03223
G1 X109.227 Y105.364 E.02716
G1 X109.037 Y106.283 E.02929
G1 X109.044 Y107.317 E.03229
G1 X109.197 Y108.07 E.02398
G1 X109.326 Y108.41 E.01134
G1 X109.317 Y108.518 E.0034
G1 X109.239 Y108.576 E.00303
G1 X109.063 Y108.618 E.00565
G1 X108.956 Y108.595 E.0034
G1 X108.841 Y108.357 E.00824
G1 X108.658 Y107.587 E.02472
G1 X108.614 Y107.308 E.00881
G1 X108.598 Y107.018 E.00908
G1 X108.617 Y106.24 E.02428
G1 X108.762 Y105.457 E.02484
G1 X108.84 Y105.17 E.0093
G1 X108.94 Y104.91 E.00868
G1 X109.293 Y104.174 E.0255
G1 X109.735 Y103.536 E.02422
G1 X109.908 Y103.326 E.0085
G1 X110.095 Y103.137 E.00831
G1 X110.699 Y102.618 E.02486
G1 X111.378 Y102.202 E.02484
G1 X111.622 Y102.078 E.00853
G1 X111.885 Y101.974 E.00883
G1 X112.648 Y101.746 E.02487
G1 X113.437 Y101.642 E.02484
G1 X113.735 Y101.628 E.00931
G1 X114.46 Y101.69 E.0227
G1 X115.064 Y101.815 E.01925
G1 X115.806 Y102.068 E.02448
G1 X116.073 Y102.202 E.00931
G1 X116.738 Y102.608 E.02431
G1 X117.343 Y103.125 E.02486
G1 X117.526 Y103.31 E.00811
G1 X118.016 Y103.949 E.02513
G1 X118.175 Y104.195 E.00917
G1 X118.188 Y104.304 E.0034
G1 X118.064 Y104.388 E.00469
G1 X117.893 Y104.38 E.00535
G1 E-.84 F2400
;WIPE_START
G1 F1800
G1 X117.753 Y104.32 E-.05505
G1 X117.236 Y103.648 E-.30495
;WIPE_END
G17
G3 Z.6 I-1.216 J.04 P1  F9000
G1 X117.515 Y112.129 Z.6
G1 Z.2
G1 E1.2 F1800
G1 X117.781 Y112.172 E.00843
G1 X117.832 Y112.194 E.00171
G1 X117.368 Y112.513 E.01756
G1 X116.88 Y112.794 E.01759
G1 X116.374 Y113.037 E.01752
G1 X116.44 Y112.809 E.0074
G1 X116.575 Y112.575 E.00843
G1 X116.762 Y112.381 E.00843
G1 X116.99 Y112.236 E.00843
G1 X117.246 Y112.151 E.00843
G1 X117.475 Y112.132 E.00718
G1 E-.84 F2400
;WIPE_START
G1 F1800
G1 X117.781 Y112.172 E-.11121
G1 X117.832 Y112.194 E-.01967
G1 X117.368 Y112.513 E-.2025
G1 X117.304 Y112.55 E-.02661
;WIPE_END
G17
G3 Z.6 I.065 J-1.215 P1  F9000
G1 X110.338 Y112.178 Z.6
G1 Z.2
G1 E1.2 F1800
G1 X110.29 Y112.632 E.01426
G1 X109.73 Y112.284 E.02058
G1 X109.607 Y112.184 E.00494
G1 X109.895 Y112.117 E.00922
G1 X110.165 Y112.128 E.00843
G1 X110.3 Y112.167 E.00439
G1 E-.84 F2400
;WIPE_START
G1 F1800
G1 X110.29 Y112.632 E-.16761
G1 X109.836 Y112.35 E-.19239
;WIPE_END
G17
G3 Z.6 I1.031 J.647 P1  F9000
G1 X114.76 Y104.507 Z.6
G1 Z.2
G1 E1.2 F1800
;TYPE:Outer wall
;WIDTH:0.520547
G1 X115.207 Y104.771 E.01855
;WIDTH:0.523506
G1 X115.588 Y105.123 E.01869
;WIDTH:0.52554
G1 X115.888 Y105.547 E.01876
;WIDTH:0.526411
G1 X116.094 Y106.024 E.01878
G1 X116.197 Y106.533 E.01878
;WIDTH:0.526122
G1 X116.193 Y107.052 E.01877
;WIDTH:0.524668
G1 X116.081 Y107.559 E.01872
;WIDTH:0.522052
G1 X115.866 Y108.032 E.01863
;WIDTH:0.520624
G1 X115.545 Y108.459 E.0191
;WIDTH:0.524669
G1 X115.165 Y108.791 E.0182
;WIDTH:0.52612
G1 X114.712 Y109.045 E.01878
;WIDTH:0.526411
G1 X114.217 Y109.201 E.01878
G1 X113.7 Y109.25 E.01878
;WIDTH:0.52554
G1 X113.184 Y109.192 E.01875
;WIDTH:0.523506
G1 X112.692 Y109.028 E.01868
;WIDTH:0.520549
G1 X112.244 Y108.763 E.01857
;WIDTH:0.523507
G1 X111.862 Y108.411 E.01869
;WIDTH:0.525331
G1 X111.566 Y107.993 E.01849
;WIDTH:0.526376
G1 X111.356 Y107.51 E.01906
G1 X111.254 Y107.001 E.01876
;WIDTH:0.526123
G1 X111.258 Y106.482 E.01877
;WIDTH:0.524668
G1 X111.37 Y105.975 E.01872
;WIDTH:0.522055
G1 X111.585 Y105.502 E.01863
;WIDTH:0.520625
G1 X111.906 Y105.075 E.0191
;WIDTH:0.524671
G1 X112.286 Y104.743 E.0182
;WIDTH:0.526122
G1 X112.739 Y104.489 E.01878
;WIDTH:0.526411
G1 X113.234 Y104.333 E.01878
G1 X113.751 Y104.284 E.01878
;WIDTH:0.52554
G1 X114.259 Y104.341 E.01849
;WIDTH:0.522931
G1 X114.722 Y104.494 E.0175
G1 E-.84 F2400
;WIPE_START
G1 F1800
G1 X115.207 Y104.771 E-.20094
G1 X115.531 Y105.071 E-.15906
;WIPE_END
G17
G3 Z.6 I-.737 J-.968 P1  F9000
G1 X111.99 Y107.765 Z.6
G1 Z.2
G1 E1.2 F1800
;WIDTH:0.526376
G1 X111.822 Y107.383 E.01511
G1 X111.736 Y106.982 E.01483
;WIDTH:0.526123
G1 X111.731 Y106.571 E.01486
;WIDTH:0.524668
G1 X111.809 Y106.167 E.01485
;WIDTH:0.522055
G1 X112.001 Y105.738 E.01683
;WIDTH:0.518732
G1 X112.298 Y105.356 E.01723
;WIDTH:0.516452
G1 X112.677 Y105.056 E.01714
;WIDTH:0.515377
G1 X113.117 Y104.855 E.0171
;WIDTH:0.516593
G1 X113.592 Y104.765 E.01715
;WIDTH:0.522931
G1 X114.119 Y104.8 E.01896
G1 X114.539 Y104.93 E.0158
;WIDTH:0.520307
G1 X114.954 Y105.18 E.01729
;WIDTH:0.517445
G1 X115.297 Y105.52 E.01718
;WIDTH:0.515745
G1 X115.55 Y105.933 E.01711
G1 X115.697 Y106.394 E.01712
;WIDTH:0.524668
G1 X115.719 Y106.963 E.02054
G1 X115.642 Y107.367 E.01485
;WIDTH:0.522052
G1 X115.45 Y107.796 E.01683
;WIDTH:0.51873
G1 X115.153 Y108.178 E.01723
;WIDTH:0.516451
G1 X114.774 Y108.478 E.01714
;WIDTH:0.515377
G1 X114.334 Y108.679 E.0171
;WIDTH:0.516592
G1 X113.858 Y108.77 E.01715
;WIDTH:0.523506
G1 X113.325 Y108.732 E.01921
G1 X112.912 Y108.604 E.01559
;WIDTH:0.520308
G1 X112.497 Y108.354 E.01729
;WIDTH:0.517445
G1 X112.153 Y108.014 E.01718
;WIDTH:0.525331
G1 X112.012 Y107.799 E.00929
; stop printing object OrangePi-Spacer.stl id:29074711 copy 0
; printing object OrangePi-Spacer.stl id:0 copy 0
G1 E-.84 F2400
;WIPE_START
G1 F1800
G1 X111.822 Y107.383 E-.1646
G1 X111.736 Y106.982 E-.14756
G1 X111.734 Y106.849 E-.04784
;WIPE_END
G17
G3 Z.6 I-.996 J.699 P1  F9000
G1 X116.383 Y113.479 Z.6
G1 Z.2
G1 E1.2 F1800
;TYPE:Brim
;WIDTH:0.46
G1 X116.782 Y113.311 E.0135
G1 X116.782 Y113.515 E.00635
G1 X116.737 Y114.087 E.01793
G1 X116.523 Y113.847 E.01004
G1 X116.408 Y113.603 E.00841
G1 X116.391 Y113.519 E.00269
G1 E-.84 F2400
;WIPE_START
G1 F1800
G1 X116.782 Y113.311 E-.15929
G1 X116.782 Y113.515 E-.07321
G1 X116.754 Y113.868 E-.1275
;WIPE_END
G17
G3 Z.6 I1.043 J-.627 P1  F9000
G1 X112.987 Y107.599 Z.6
G1 Z.2
G1 E1.2 F1800
G1 X112.858 Y107.475 E.00559
G1 X112.714 Y107.247 E.00843
G1 X112.628 Y106.961 E.00932
G1 X112.741 Y107.004 E.00378
G1 X113.357 Y107.331 E.02175
G1 X113.019 Y107.576 E.013
G1 E-.84 F2400
;WIPE_START
G1 F1800
G1 X112.858 Y107.475 E-.06847
G1 X112.714 Y107.247 E-.09718
G1 X112.628 Y106.961 E-.10744
G1 X112.741 Y107.004 E-.0436
G1 X112.848 Y107.061 E-.04331
;WIPE_END
G17
G3 Z.6 I-.76 J-.95 P1  F9000
G1 X107.897 Y111.019 Z.6
G1 Z.2
G1 E1.2 F1800
G1 X107.691 Y111.212 E.00882
G1 X107.321 Y111.732 E.01992
G1 X107.074 Y112.298 E.01927
G1 X106.948 Y112.881 E.01859
G1 X106.948 Y113.585 E.022
G1 X107.074 Y114.168 E.0186
G1 X107.326 Y114.74 E.01951
G1 X107.691 Y115.254 E.01968
G1 X108.162 Y115.687 E.01995
G1 X108.771 Y116.039 E.02197
G1 X109.36 Y116.225 E.01927
G1 X109.952 Y116.29 E.01859
G1 X110.588 Y116.23 E.01995
G1 X110.852 Y116.15 E.00859
G1 X111.073 Y116.597 E.01555
G1 X111.372 Y117.114 E.01864
G1 X111.622 Y117.497 E.01428
G1 X111.909 Y117.853 E.01429
G1 X112.301 Y118.289 E.01828
G1 X112.633 Y118.62 E.01463
G1 X112.988 Y118.909 E.01429
G1 X113.329 Y119.151 E.01304
G1 X113.139 Y119.26 E.00683
G1 X112.765 Y119.451 E.01312
G1 X112.353 Y119.61 E.01377
G1 X111.817 Y119.785 E.0176
G1 X111.411 Y119.893 E.01313
G1 X110.976 Y119.963 E.01376
G1 X110.415 Y120.022 E.0176
G1 X109.995 Y120.044 E.01312
G1 X109.555 Y120.022 E.01377
G1 X108.994 Y119.963 E.0176
G1 X108.579 Y119.898 E.01312
G1 X108.152 Y119.785 E.01377
G1 X107.617 Y119.61 E.01759
G1 X107.205 Y119.451 E.01376
G1 X106.831 Y119.261 E.01312
G1 X106.342 Y118.979 E.0176
G1 X105.989 Y118.749 E.01313
G1 X105.646 Y118.473 E.01376
G1 X105.227 Y118.096 E.0176
G1 X104.93 Y117.798 E.01312
G1 X104.652 Y117.456 E.01377
G1 X104.327 Y117.01 E.01721
G1 X103.913 Y116.297 E.02576
G1 X103.785 Y116.014 E.00969
G1 X104.303 Y115.712 E.01873
G1 X104.78 Y115.286 E.01995
G1 X105.168 Y114.752 E.02063
G1 X105.432 Y114.147 E.0206
G1 X105.556 Y113.542 E.01927
G1 X105.559 Y112.946 E.01859
G1 X105.426 Y112.299 E.02062
G1 X105.157 Y111.695 E.02063
G1 X104.779 Y111.179 E.01997
G1 X104.321 Y110.767 E.01924
G1 X103.783 Y110.451 E.01946
G1 X104.091 Y109.818 E.02197
G1 X104.32 Y109.466 E.01312
G1 X104.651 Y109.01 E.01759
G1 X104.93 Y108.668 E.01377
G1 X105.227 Y108.37 E.01312
G1 X105.646 Y107.993 E.0176
G1 X105.973 Y107.728 E.01312
G1 X106.529 Y107.38 E.02047
G1 X106.536 Y107.523 E.00447
G1 X106.609 Y107.986 E.01463
G1 X106.731 Y108.559 E.0183
G1 X106.852 Y109.006 E.01445
G1 X107.025 Y109.453 E.01494
G1 X107.287 Y110.031 E.01982
G1 X107.713 Y110.763 E.02642
G1 X107.874 Y110.986 E.00859
G1 X107.308 Y110.965 F9000
G1 F1800
G1 X107.306 Y111.035 E.00217
G1 X106.935 Y111.576 E.02049
G1 X106.697 Y112.12 E.01851
G1 X106.531 Y112.894 E.02471
G1 X106.531 Y113.573 E.0212
G1 X106.665 Y114.245 E.02137
G1 X106.993 Y114.991 E.02545
G1 X107.418 Y115.569 E.02238
G1 X107.87 Y115.985 E.01917
G1 X108.552 Y116.393 E.02482
G1 X109.327 Y116.641 E.02541
G1 X109.895 Y116.703 E.01784
G1 X110.548 Y116.653 E.02043
G1 X110.666 Y116.716 E.00419
G1 X111.009 Y117.32 E.02168
G1 X111.301 Y117.763 E.01657
G1 X111.601 Y118.135 E.01491
G1 X111.988 Y118.565 E.01806
G1 X112.389 Y118.96 E.01757
G1 X112.426 Y119.063 E.0034
G1 X112.342 Y119.168 E.0042
G1 X111.703 Y119.383 E.02103
G1 X111.313 Y119.487 E.01258
G1 X110.388 Y119.606 E.02911
G1 X109.984 Y119.626 E.01263
G1 X109.055 Y119.55 E.02911
G1 X108.659 Y119.487 E.0125
G1 X108.264 Y119.382 E.01274
G1 X107.385 Y119.074 E.02908
G1 X106.557 Y118.621 E.02945
G1 X106.229 Y118.407 E.01222
G1 X105.912 Y118.151 E.01273
G1 X105.234 Y117.511 E.02912
G1 X104.683 Y116.79 E.02832
G1 X104.39 Y116.289 E.0181
G1 X104.382 Y116.18 E.0034
G1 X104.43 Y116.121 E.00236
G1 X104.588 Y116.017 E.00592
G1 X105.048 Y115.605 E.01927
G1 X105.552 Y114.913 E.02673
G1 X105.843 Y114.219 E.0235
G1 X105.963 Y113.637 E.01853
G1 X105.975 Y112.96 E.02114
G1 X105.802 Y112.118 E.02682
G1 X105.487 Y111.44 E.02334
G1 X105.049 Y110.861 E.02264
G1 X104.607 Y110.463 E.01857
G1 X104.422 Y110.342 E.00691
G1 X104.366 Y110.249 E.0034
G1 X104.378 Y110.183 E.0021
G1 X104.459 Y110.018 E.00574
G1 X104.666 Y109.699 E.01184
G1 X104.98 Y109.267 E.01669
G1 X105.244 Y108.943 E.01305
G1 X105.518 Y108.67 E.01206
G1 X106.04 Y108.211 E.0217
G1 X106.145 Y108.182 E.0034
G1 X106.245 Y108.279 E.00435
G1 X106.323 Y108.643 E.01161
G1 X106.465 Y109.162 E.01681
G1 X106.646 Y109.628 E.01561
G1 X106.93 Y110.246 E.02121
G1 X107.311 Y110.901 E.02366
G1 X107.31 Y110.925 E.00076
G1 E-.84 F2400
;WIPE_START
G1 F1800
G1 X107.306 Y111.035 E-.0394
G1 X106.935 Y111.576 E-.23635
G1 X106.841 Y111.791 E-.08425
;WIPE_END
G17
G3 Z.6 I-1.196 J-.223 P1  F9000
G1 X106.326 Y114.55 Z.6
G1 Z.2
G1 E1.2 F1800
G1 X106.365 Y114.6 E.00195
G1 X106.661 Y115.243 E.0221
G1 X107.143 Y115.883 E.02501
G1 X107.665 Y116.349 E.02185
G1 X108.431 Y116.793 E.02762
G1 X109.294 Y117.057 E.02817
G1 X109.84 Y117.117 E.01714
G1 X110.318 Y117.089 E.01496
G1 X110.434 Y117.152 E.00412
G1 X110.663 Y117.552 E.0144
G1 X110.949 Y117.988 E.01627
G1 X111.275 Y118.395 E.01628
G1 X111.625 Y118.784 E.01633
G1 X111.655 Y118.889 E.0034
G1 X111.563 Y118.989 E.00422
G1 X111.241 Y119.074 E.01042
G1 X110.346 Y119.19 E.02815
G1 X109.983 Y119.208 E.01137
G1 X109.109 Y119.136 E.02735
G1 X108.752 Y119.08 E.01129
G1 X108.383 Y118.982 E.01192
G1 X107.546 Y118.687 E.02768
G1 X106.768 Y118.26 E.02772
G1 X106.47 Y118.065 E.0111
G1 X106.19 Y117.84 E.01122
G1 X105.538 Y117.222 E.02803
G1 X105.035 Y116.563 E.02589
G1 X104.937 Y116.399 E.00597
G1 X104.96 Y116.244 E.00488
G1 X105.393 Y115.841 E.01844
G1 X105.882 Y115.169 E.02594
G1 X106.136 Y114.599 E.01949
G1 X106.22 Y114.529 E.0034
G1 X106.287 Y114.542 E.00215
G1 X106.24 Y115.467 F9000
G1 F1800
G1 X106.345 Y115.517 E.00362
G1 X106.803 Y116.124 E.02374
G1 X107.467 Y116.715 E.02775
G1 X108.321 Y117.195 E.03058
G1 X109.26 Y117.473 E.03057
G1 X109.786 Y117.53 E.01651
G1 X110.087 Y117.52 E.00942
G1 X110.197 Y117.578 E.00389
G1 X110.598 Y118.213 E.02344
G1 X110.837 Y118.515 E.01201
G1 X110.861 Y118.621 E.0034
G1 X110.755 Y118.717 E.00444
G1 X110.315 Y118.774 E.01386
G1 X109.998 Y118.789 E.00991
G1 X109.163 Y118.722 E.02612
G1 X108.832 Y118.67 E.01047
G1 X108.501 Y118.581 E.01069
G1 X107.727 Y118.308 E.02564
G1 X106.987 Y117.905 E.02631
G1 X106.721 Y117.731 E.0099
G1 X106.462 Y117.522 E.0104
G1 X105.857 Y116.95 E.026
G1 X105.491 Y116.474 E.01872
G1 X105.469 Y116.367 E.0034
G1 X105.503 Y116.309 E.00209
G1 X105.736 Y116.078 E.01023
G1 X106.144 Y115.518 E.02162
G1 X106.205 Y115.486 E.00215
G1 X106.248 Y116.168 F9000
G1 F1800
G1 X106.351 Y116.217 E.00355
G1 X106.463 Y116.366 E.0058
G1 X107.18 Y117.019 E.03028
G1 X108.106 Y117.552 E.03335
G1 X109.132 Y117.87 E.03354
G1 X109.735 Y117.944 E.01896
G1 X109.867 Y117.945 E.00413
G1 X109.972 Y118.003 E.00375
G1 X110.082 Y118.177 E.00641
G1 X110.094 Y118.285 E.0034
G1 X109.966 Y118.368 E.00477
G1 X109.218 Y118.308 E.02344
G1 X108.913 Y118.259 E.00965
G1 X108.62 Y118.181 E.00946
G1 X107.906 Y117.929 E.02362
G1 X107.205 Y117.549 E.02491
G1 X106.962 Y117.389 E.00908
G1 X106.733 Y117.204 E.00919
G1 X106.175 Y116.676 E.02399
G1 X106.044 Y116.509 E.0066
G1 X106.044 Y116.357 E.00475
G1 X106.151 Y116.217 E.00551
G1 X106.213 Y116.186 E.00215
G1 E-.84 F2400
;WIPE_START
G1 F1800
G1 X106.351 Y116.217 E-.05093
G1 X106.463 Y116.366 E-.06693
G1 X106.96 Y116.818 E-.24214
;WIPE_END
G17
G3 Z.6 I1.205 J-.167 P1  F9000
G1 X106.28 Y111.914 Z.6
G1 Z.2
G1 E1.2 F1800
G1 X106.173 Y111.893 E.0034
G1 X106.136 Y111.847 E.00184
G1 X105.812 Y111.178 E.0232
G1 X105.389 Y110.618 E.02191
G1 X104.953 Y110.213 E.01857
G1 X104.914 Y110.112 E.0034
G1 X104.936 Y110.049 E.00207
G1 X105.313 Y109.519 E.0203
G1 X105.55 Y109.228 E.01172
G1 X105.791 Y108.987 E.01063
G1 X105.894 Y108.951 E.0034
G1 X106 Y109.042 E.00436
G1 X106.062 Y109.267 E.00727
G1 X106.269 Y109.806 E.01802
G1 X106.548 Y110.415 E.02091
G1 X106.818 Y110.883 E.01688
G1 X106.814 Y111.015 E.00409
G1 X106.548 Y111.419 E.01511
G1 X106.363 Y111.843 E.01443
G1 X106.311 Y111.888 E.00215
G1 X106.033 Y110.662 F9000
G1 F1800
G1 X105.909 Y110.615 E.00415
G1 X105.727 Y110.374 E.00942
G1 X105.502 Y110.155 E.00981
G1 X105.466 Y110.052 E.0034
G1 X105.488 Y109.993 E.00198
G1 X105.616 Y109.812 E.00691
G1 X105.712 Y109.76 E.0034
G1 X105.835 Y109.84 E.00459
G1 X106.123 Y110.488 E.02213
G1 X106.12 Y110.597 E.0034
G1 X106.065 Y110.638 E.00215
G1 E-.84 F2400
;WIPE_START
G1 F1800
G1 X105.909 Y110.615 E-.05681
G1 X105.727 Y110.374 E-.1087
G1 X105.502 Y110.155 E-.11312
G1 X105.466 Y110.052 E-.03925
G1 X105.488 Y109.993 E-.02282
G1 X105.519 Y109.949 E-.0193
;WIPE_END
G17
G3 Z.6 I-.937 J-.777 P1  F9000
G1 X103.382 Y112.525 Z.6
G1 Z.2
G1 E1.2 F1800
G1 X103.527 Y112.753 E.00843
G1 X103.612 Y113.009 E.00843
G1 X103.634 Y113.278 E.00843
G1 X103.591 Y113.545 E.00843
G1 X103.485 Y113.793 E.00843
G1 X103.323 Y114.009 E.00843
G1 X103.232 Y114.082 E.00364
G1 X103.188 Y113.515 E.01777
G1 X103.188 Y112.951 E.01759
G1 X103.233 Y112.381 E.01785
G1 X103.354 Y112.497 E.00523
G1 E-.84 F2400
;WIPE_START
G1 F1800
G1 X103.527 Y112.753 E-.11122
G1 X103.612 Y113.009 E-.09718
G1 X103.634 Y113.278 E-.09719
G1 X103.61 Y113.427 E-.05442
;WIPE_END
G17
G3 Z.6 I.383 J1.155 P1  F9000
G1 X111.019 Y110.973 Z.6
G1 Z.2
G1 E1.2 F1800
;TYPE:Outer wall
;WIDTH:0.520547
G1 X111.466 Y111.237 E.01855
;WIDTH:0.523506
G1 X111.848 Y111.589 E.01869
;WIDTH:0.52554
G1 X112.148 Y112.013 E.01876
;WIDTH:0.526411
G1 X112.354 Y112.49 E.01878
G1 X112.457 Y112.999 E.01878
;WIDTH:0.526122
G1 X112.452 Y113.518 E.01877
;WIDTH:0.524668
G1 X112.34 Y114.025 E.01872
;WIDTH:0.522052
G1 X112.125 Y114.498 E.01863
;WIDTH:0.520624
G1 X111.804 Y114.925 E.0191
;WIDTH:0.524669
G1 X111.424 Y115.257 E.0182
;WIDTH:0.52612
G1 X110.972 Y115.511 E.01878
;WIDTH:0.526411
G1 X110.476 Y115.667 E.01878
G1 X109.96 Y115.716 E.01878
;WIDTH:0.52554
G1 X109.444 Y115.658 E.01875
;WIDTH:0.523506
G1 X108.951 Y115.494 E.01868
;WIDTH:0.520549
G1 X108.504 Y115.229 E.01857
;WIDTH:0.523507
G1 X108.122 Y114.877 E.01869
;WIDTH:0.525331
G1 X107.826 Y114.459 E.01849
;WIDTH:0.526376
G1 X107.616 Y113.975 E.01906
G1 X107.513 Y113.467 E.01876
;WIDTH:0.526123
G1 X107.518 Y112.948 E.01877
;WIDTH:0.524668
G1 X107.629 Y112.441 E.01872
;WIDTH:0.522055
G1 X107.845 Y111.968 E.01863
;WIDTH:0.520625
G1 X108.166 Y111.541 E.0191
;WIDTH:0.524671
G1 X108.545 Y111.209 E.0182
;WIDTH:0.526122
G1 X108.998 Y110.955 E.01878
;WIDTH:0.526411
G1 X109.493 Y110.799 E.01878
G1 X110.01 Y110.75 E.01878
;WIDTH:0.52554
G1 X110.519 Y110.807 E.01849
;WIDTH:0.522931
G1 X110.981 Y110.96 E.0175
G1 E-.84 F2400
;WIPE_START
G1 F1800
G1 X111.466 Y111.237 E-.20094
G1 X111.791 Y111.537 E-.15906
;WIPE_END
G17
G3 Z.6 I-.737 J-.968 P1  F9000
G1 X108.25 Y114.231 Z.6
G1 Z.2
G1 E1.2 F1800
;WIDTH:0.526376
G1 X108.082 Y113.849 E.01511
G1 X107.995 Y113.448 E.01483
;WIDTH:0.526123
G1 X107.991 Y113.037 E.01486
;WIDTH:0.524668
G1 X108.069 Y112.633 E.01485
;WIDTH:0.522055
G1 X108.26 Y112.204 E.01683
;WIDTH:0.518732
G1 X108.557 Y111.822 E.01723
;WIDTH:0.516452
G1 X108.937 Y111.522 E.01714
;WIDTH:0.515377
G1 X109.377 Y111.321 E.0171
;WIDTH:0.516593
G1 X109.852 Y111.23 E.01715
;WIDTH:0.522931
G1 X110.379 Y111.266 E.01896
G1 X110.799 Y111.396 E.0158
;WIDTH:0.520307
G1 X111.214 Y111.646 E.01729
;WIDTH:0.517445
G1 X111.557 Y111.986 E.01718
;WIDTH:0.515745
G1 X111.809 Y112.399 E.01711
G1 X111.956 Y112.86 E.01712
;WIDTH:0.524668
G1 X111.979 Y113.429 E.02054
G1 X111.901 Y113.833 E.01485
;WIDTH:0.522052
G1 X111.709 Y114.262 E.01683
;WIDTH:0.51873
G1 X111.412 Y114.644 E.01723
;WIDTH:0.516451
G1 X111.033 Y114.944 E.01714
;WIDTH:0.515377
G1 X110.593 Y115.145 E.0171
;WIDTH:0.516592
G1 X110.118 Y115.235 E.01715
;WIDTH:0.523506
G1 X109.585 Y115.198 E.01921
G1 X109.171 Y115.07 E.01559
;WIDTH:0.520308
G1 X108.756 Y114.82 E.01729
;WIDTH:0.517445
G1 X108.413 Y114.48 E.01718
;WIDTH:0.525331
G1 X108.272 Y114.264 E.00929
; stop printing object OrangePi-Spacer.stl id:0 copy 0
; printing object OrangePi-Spacer.stl id:8761013144 copy 0
G1 E-.84 F2400
;WIPE_START
G1 F1800
G1 X108.082 Y113.849 E-.1646
G1 X107.995 Y113.448 E-.14756
G1 X107.994 Y113.315 E-.04784
;WIPE_END
G17
G3 Z.6 I-.785 J-.93 P1  F9000
G1 X103.77 Y116.882 Z.6
G1 Z.2
G1 E1.2 F1800
;TYPE:Brim
;WIDTH:0.46
G1 X103.972 Y117.229 E.01253
G1 X104.317 Y117.706 E.01838
G1 X104.599 Y118.054 E.01397
G1 X104.944 Y118.402 E.01529
G1 X105.371 Y118.787 E.01794
G1 X105.85 Y119.156 E.01888
G1 X105.276 Y119.46 E.02026
G1 X104.884 Y119.61 E.01313
G1 X104.347 Y119.785 E.0176
G1 X103.941 Y119.893 E.01313
G1 X103.506 Y119.963 E.01376
G1 X102.945 Y120.022 E.01759
G1 X102.505 Y120.044 E.01377
G1 X102.085 Y120.022 E.01312
G1 X101.524 Y119.963 E.01759
G1 X101.089 Y119.893 E.01376
G1 X100.683 Y119.785 E.01312
G1 X100.147 Y119.61 E.0176
G1 X99.735 Y119.451 E.01376
G1 X99.361 Y119.261 E.01312
G1 X98.872 Y118.979 E.0176
G1 X98.52 Y118.749 E.01313
G1 X98.176 Y118.473 E.01376
G1 X97.757 Y118.096 E.0176
G1 X97.46 Y117.798 E.01312
G1 X97.182 Y117.456 E.01377
G1 X96.858 Y117.01 E.01721
G1 X96.443 Y116.297 E.02576
G1 X96.201 Y115.763 E.0183
G1 X96.042 Y115.352 E.01373
G1 X95.925 Y114.922 E.01393
G1 X95.808 Y114.37 E.01759
G1 X95.742 Y113.955 E.01312
G1 X95.718 Y113.515 E.01376
G1 X95.718 Y112.951 E.01759
G1 X95.742 Y112.511 E.01376
G1 X95.808 Y112.096 E.01312
G1 X95.925 Y111.544 E.0176
G1 X96.04 Y111.118 E.01376
G1 X96.191 Y110.726 E.01312
G1 X96.42 Y110.211 E.01759
G1 X96.621 Y109.818 E.01377
G1 X96.85 Y109.466 E.01312
G1 X97.182 Y109.01 E.0176
G1 X97.446 Y108.683 E.01312
G1 X97.757 Y108.37 E.01377
G1 X98.176 Y107.993 E.01759
G1 X98.503 Y107.728 E.01312
G1 X98.872 Y107.487 E.01377
G1 X99.361 Y107.205 E.01759
G1 X99.735 Y107.015 E.01312
G1 X100.147 Y106.856 E.01377
G1 X100.683 Y106.681 E.0176
G1 X101.089 Y106.572 E.01313
G1 X101.524 Y106.502 E.01376
G1 X102.085 Y106.444 E.0176
G1 X102.505 Y106.422 E.01312
G1 X102.945 Y106.444 E.01377
G1 X103.494 Y106.501 E.01721
G1 X104.302 Y106.67 E.02576
G1 X104.86 Y106.848 E.01829
G1 X105.29 Y107.013 E.01438
G1 X105.85 Y107.31 E.01979
G1 X105.371 Y107.679 E.01888
G1 X104.944 Y108.064 E.01794
G1 X104.599 Y108.412 E.0153
G1 X104.317 Y108.76 E.01397
G1 X103.98 Y109.225 E.01794
G1 X103.736 Y109.6 E.01396
G1 X103.386 Y110.318 E.02492
G1 X103.112 Y110.235 E.00893
G1 X102.547 Y110.176 E.01772
G1 X101.848 Y110.25 E.02195
G1 X101.262 Y110.445 E.01927
G1 X100.745 Y110.741 E.01859
G1 X100.266 Y111.163 E.01995
G1 X99.873 Y111.695 E.02062
G1 X99.598 Y112.319 E.0213
G1 X99.474 Y112.924 E.01927
G1 X99.472 Y113.52 E.01859
G1 X99.598 Y114.146 E.01995
G1 X99.856 Y114.739 E.02019
G1 X100.221 Y115.254 E.0197
G1 X100.692 Y115.687 E.01995
G1 X101.242 Y116.012 E.01995
G1 X101.847 Y116.216 E.01995
G1 X102.482 Y116.29 E.01995
G1 X103.118 Y116.23 E.01995
G1 X103.388 Y116.149 E.00878
G1 X103.547 Y116.497 E.01196
G1 X103.75 Y116.847 E.01264
G1 X103.39 Y117.057 F9000
G1 F1800
G1 X103.609 Y117.433 E.01359
G1 X103.995 Y117.971 E.02066
G1 X104.306 Y118.351 E.01533
G1 X104.933 Y118.954 E.02715
G1 X104.971 Y119.056 E.0034
G1 X104.887 Y119.162 E.00424
G1 X104.233 Y119.383 E.02153
G1 X103.86 Y119.483 E.01207
G1 X102.919 Y119.606 E.0296
G1 X102.495 Y119.626 E.01326
G1 X101.585 Y119.55 E.02849
G1 X101.183 Y119.486 E.01273
G1 X100.292 Y119.219 E.02901
G1 X99.912 Y119.072 E.01273
G1 X99.095 Y118.626 E.02904
G1 X98.77 Y118.415 E.01211
G1 X98.442 Y118.151 E.01313
G1 X97.777 Y117.526 E.02849
G1 X97.204 Y116.777 E.02944
G1 X96.811 Y116.099 E.02444
G1 X96.587 Y115.604 E.01697
G1 X96.441 Y115.228 E.01259
G1 X96.329 Y114.818 E.01328
G1 X96.159 Y113.921 E.02849
G1 X96.135 Y112.959 E.03003
G1 X96.159 Y112.545 E.01295
G1 X96.331 Y111.639 E.02879
G1 X96.441 Y111.238 E.01295
G1 X96.798 Y110.388 E.02879
G1 X96.988 Y110.019 E.01296
G1 X97.515 Y109.261 E.02881
G1 X97.764 Y108.955 E.01233
G1 X98.443 Y108.314 E.02911
G1 X98.758 Y108.06 E.01263
G1 X99.554 Y107.575 E.02911
G1 X99.911 Y107.394 E.0125
G1 X100.29 Y107.248 E.01266
G1 X100.798 Y107.082 E.01669
G1 X101.187 Y106.979 E.01254
G1 X102.121 Y106.859 E.02941
G1 X102.512 Y106.839 E.01221
G1 X102.91 Y106.859 E.01244
G1 X103.435 Y106.915 E.0165
G1 X104.203 Y107.077 E.02449
G1 X104.885 Y107.304 E.02245
G1 X104.963 Y107.38 E.0034
G1 X104.932 Y107.513 E.00426
G1 X104.306 Y108.115 E.02711
G1 X103.995 Y108.496 E.01534
G1 X103.644 Y108.977 E.01861
G1 X103.39 Y109.367 E.01451
G1 X103.202 Y109.744 E.01315
G1 X103.079 Y109.813 E.00439
G1 X102.492 Y109.763 E.01839
G1 X101.817 Y109.834 E.02119
G1 X101.14 Y110.046 E.02213
G1 X100.547 Y110.373 E.02114
G1 X99.999 Y110.843 E.02254
G1 X99.49 Y111.532 E.02674
G1 X99.187 Y112.247 E.02422
G1 X99.057 Y112.933 E.02181
G1 X99.065 Y113.612 E.02121
G1 X99.22 Y114.323 E.0227
G1 X99.522 Y114.99 E.02285
G1 X99.947 Y115.568 E.0224
G1 X100.489 Y116.051 E.02265
G1 X101.119 Y116.411 E.02265
G1 X101.811 Y116.632 E.02268
G1 X102.422 Y116.703 E.01919
G1 X103.073 Y116.653 E.02038
G1 X103.191 Y116.715 E.00415
G1 X103.37 Y117.022 E.0111
G1 X103.01 Y117.233 F9000
G1 F1800
G1 X103.273 Y117.682 E.01623
G1 X103.654 Y118.211 E.02036
G1 X103.979 Y118.61 E.01605
G1 X104.15 Y118.779 E.00749
G1 X104.186 Y118.882 E.0034
G1 X104.094 Y118.989 E.0044
G1 X103.77 Y119.074 E.01045
G1 X102.887 Y119.189 E.02779
G1 X102.494 Y119.208 E.01229
G1 X101.64 Y119.137 E.02674
G1 X101.284 Y119.08 E.01126
G1 X100.432 Y118.826 E.02775
G1 X100.095 Y118.696 E.01126
G1 X99.313 Y118.27 E.0278
G1 X99.02 Y118.08 E.0109
G1 X98.713 Y117.833 E.01231
G1 X98.095 Y117.252 E.02645
G1 X97.548 Y116.537 E.02811
G1 X97.179 Y115.9 E.02299
G1 X96.842 Y115.107 E.02689
G1 X96.735 Y114.719 E.01257
G1 X96.577 Y113.887 E.02644
G1 X96.553 Y112.961 E.02891
G1 X96.575 Y112.588 E.01166
G1 X96.739 Y111.728 E.02732
G1 X96.839 Y111.367 E.01169
G1 X97.179 Y110.56 E.02732
G1 X97.351 Y110.228 E.01169
G1 X97.851 Y109.508 E.02735
G1 X98.077 Y109.234 E.01109
G1 X98.714 Y108.632 E.02735
G1 X99.005 Y108.398 E.01167
G1 X99.754 Y107.942 E.02735
G1 X100.087 Y107.773 E.01169
G1 X100.435 Y107.639 E.01163
G1 X101.275 Y107.388 E.02736
G1 X102.163 Y107.275 E.02794
G1 X102.518 Y107.257 E.0111
G1 X102.874 Y107.275 E.01111
G1 X103.376 Y107.329 E.01578
G1 X104.085 Y107.478 E.0226
G1 X104.171 Y107.545 E.0034
G1 X104.147 Y107.689 E.00457
G1 X103.979 Y107.856 E.00739
G1 X103.656 Y108.253 E.01597
G1 X103.293 Y108.752 E.01927
G1 X103.044 Y109.134 E.01422
G1 X102.954 Y109.306 E.00607
G1 X102.835 Y109.373 E.00425
G1 X102.438 Y109.349 E.01243
G1 X101.785 Y109.417 E.0205
G1 X101.026 Y109.645 E.02473
G1 X100.355 Y110.003 E.02373
G1 X99.737 Y110.518 E.0251
G1 X99.158 Y111.279 E.02985
G1 X99.103 Y111.375 E.00347
G1 X98.775 Y112.18 E.02713
G1 X98.64 Y112.949 E.02436
G1 X98.66 Y113.712 E.02383
G1 X98.845 Y114.506 E.02544
G1 X99.193 Y115.246 E.02552
G1 X99.678 Y115.887 E.0251
G1 X100.292 Y116.419 E.02535
G1 X101.003 Y116.811 E.02535
G1 X101.774 Y117.047 E.02518
G1 X102.363 Y117.116 E.0185
G1 X102.847 Y117.089 E.01511
G1 X102.961 Y117.15 E.00407
G1 X102.99 Y117.199 E.00175
G1 X102.73 Y117.58 F9000
G1 F1800
G1 X102.938 Y117.929 E.01267
G1 X103.367 Y118.52 E.02279
G1 X103.387 Y118.627 E.0034
G1 X103.282 Y118.717 E.00431
G1 X102.856 Y118.773 E.01342
G1 X102.51 Y118.789 E.01081
G1 X101.695 Y118.723 E.02551
G1 X101.385 Y118.674 E.0098
G1 X100.571 Y118.432 E.0265
G1 X100.279 Y118.32 E.00978
G1 X99.531 Y117.913 E.02656
G1 X99.27 Y117.745 E.00969
G1 X98.983 Y117.515 E.01148
G1 X98.413 Y116.979 E.02442
G1 X97.891 Y116.298 E.02677
G1 X97.55 Y115.706 E.02133
G1 X97.24 Y114.978 E.02471
G1 X97.141 Y114.62 E.01158
G1 X96.995 Y113.852 E.0244
G1 X96.97 Y112.973 E.02743
G1 X96.992 Y112.632 E.01068
G1 X97.145 Y111.828 E.02555
G1 X97.237 Y111.497 E.01073
G1 X97.554 Y110.742 E.02555
G1 X97.705 Y110.451 E.01023
G1 X98.182 Y109.764 E.02609
G1 X98.388 Y109.513 E.01014
G1 X98.984 Y108.95 E.02559
G1 X99.239 Y108.745 E.01021
G1 X99.953 Y108.309 E.0261
G1 X100.263 Y108.152 E.01087
G1 X100.575 Y108.033 E.01041
G1 X101.372 Y107.797 E.02595
G1 X102.195 Y107.691 E.0259
G1 X102.524 Y107.675 E.01029
G1 X103.287 Y107.739 E.02389
G1 X103.38 Y107.796 E.0034
G1 X103.375 Y107.937 E.0044
G1 X102.957 Y108.505 E.02199
G1 X102.709 Y108.884 E.01416
G1 X102.6 Y108.941 E.00381
G1 X102.386 Y108.935 E.00669
G1 X101.753 Y109.001 E.01987
G1 X100.819 Y109.283 E.03044
G1 X100.08 Y109.69 E.02633
G1 X99.397 Y110.276 E.02809
G1 X98.831 Y111.02 E.02918
G1 X98.714 Y111.225 E.00738
G1 X98.363 Y112.12 E.03
G1 X98.224 Y112.971 E.02692
G1 X98.257 Y113.817 E.02645
G1 X98.473 Y114.694 E.02819
G1 X98.81 Y115.412 E.02475
G1 X99.339 Y116.129 E.02781
G1 X100.01 Y116.726 E.02802
G1 X100.893 Y117.214 E.0315
G1 X101.737 Y117.463 E.02747
G1 X102.306 Y117.529 E.01788
G1 X102.619 Y117.519 E.00977
G1 X102.695 Y117.561 E.00272
G1 X102.457 Y117.981 F9000
G1 F1800
G1 X102.497 Y118.004 E.00144
G1 X102.604 Y118.179 E.00641
G1 X102.614 Y118.288 E.0034
G1 X102.486 Y118.369 E.00472
G1 X101.749 Y118.309 E.02308
G1 X101.485 Y118.267 E.00834
G1 X100.71 Y118.038 E.02524
G1 X100.461 Y117.943 E.00831
G1 X99.748 Y117.556 E.02532
G1 X99.52 Y117.41 E.00847
G1 X99.253 Y117.196 E.01065
G1 X98.731 Y116.705 E.02238
G1 X98.235 Y116.059 E.02543
G1 X97.921 Y115.513 E.01966
G1 X97.638 Y114.848 E.02256
G1 X97.546 Y114.52 E.0106
G1 X97.413 Y113.817 E.02235
G1 X97.388 Y112.986 E.02594
G1 X97.408 Y112.676 E.00969
G1 X97.553 Y111.918 E.0241
G1 X97.635 Y111.627 E.00945
G1 X97.935 Y110.915 E.02411
G1 X98.068 Y110.66 E.00897
G1 X98.518 Y110.012 E.02463
G1 X98.699 Y109.793 E.00887
G1 X99.255 Y109.268 E.02386
G1 X99.486 Y109.083 E.00925
G1 X100.152 Y108.677 E.02433
G1 X100.427 Y108.537 E.00964
G1 X100.713 Y108.426 E.00958
G1 X101.468 Y108.205 E.02455
G1 X102.236 Y108.107 E.02418
G1 X102.49 Y108.095 E.00792
G1 X102.59 Y108.137 E.0034
G1 X102.6 Y108.288 E.00472
G1 X102.486 Y108.462 E.0065
G1 X102.396 Y108.518 E.00332
G1 X101.623 Y108.605 E.02429
G1 X100.607 Y108.923 E.0332
G1 X99.799 Y109.381 E.02899
G1 X99.135 Y109.951 E.02732
G1 X98.504 Y110.761 E.03205
G1 X98.323 Y111.08 E.01145
G1 X97.949 Y112.064 E.03285
G1 X97.807 Y112.998 E.02949
G1 X97.854 Y113.928 E.02907
G1 X98.1 Y114.882 E.03073
G1 X98.481 Y115.668 E.02727
G1 X99.071 Y116.449 E.03053
G1 X99.82 Y117.097 E.03093
G1 X100.68 Y117.573 E.03068
G1 X101.61 Y117.86 E.03039
G1 X102.252 Y117.942 E.0202
G1 X102.391 Y117.944 E.00434
G1 X102.422 Y117.961 E.00111
G1 E-.84 F2400
;WIPE_START
G1 F1800
G1 X102.497 Y118.004 E-.03098
G1 X102.604 Y118.179 E-.07393
G1 X102.614 Y118.288 E-.03925
G1 X102.486 Y118.369 E-.05443
G1 X102.04 Y118.332 E-.16141
;WIPE_END
G17
G3 Z.6 I.664 J1.02 P1  F9000
G1 X109.021 Y113.788 Z.6
G1 Z.2
G1 E1.2 F1800
G1 X108.973 Y113.713 E.00278
G1 X108.888 Y113.457 E.00843
G1 X108.866 Y113.188 E.00843
G1 X108.909 Y112.921 E.00843
G1 X109.015 Y112.673 E.00843
G1 X109.177 Y112.457 E.00843
G1 X109.228 Y112.416 E.00206
G1 X109.279 Y112.456 E.00203
G1 X109.312 Y112.951 E.01547
G1 X109.312 Y113.515 E.01759
G1 X109.267 Y114.085 E.01785
G1 X109.118 Y113.941 E.00647
G1 X109.042 Y113.822 E.0044
G1 E-.84 F2400
;WIPE_START
G1 F1800
G1 X108.973 Y113.713 E-.04649
G1 X108.888 Y113.457 E-.09719
G1 X108.866 Y113.188 E-.09718
G1 X108.909 Y112.921 E-.09718
G1 X108.933 Y112.865 E-.02197
;WIPE_END
G17
G3 Z.6 I.404 J-1.148 P1  F9000
G1 X103.549 Y110.973 Z.6
G1 Z.2
G1 E1.2 F1800
;TYPE:Outer wall
;WIDTH:0.520547
G1 X103.996 Y111.237 E.01855
;WIDTH:0.523506
G1 X104.378 Y111.589 E.01869
;WIDTH:0.52554
G1 X104.678 Y112.013 E.01876
;WIDTH:0.526411
G1 X104.884 Y112.49 E.01878
G1 X104.987 Y112.999 E.01878
;WIDTH:0.526122
G1 X104.982 Y113.518 E.01877
;WIDTH:0.524668
G1 X104.871 Y114.025 E.01872
;WIDTH:0.522052
G1 X104.655 Y114.498 E.01863
;WIDTH:0.520624
G1 X104.334 Y114.925 E.0191
;WIDTH:0.524669
G1 X103.955 Y115.257 E.0182
;WIDTH:0.52612
G1 X103.502 Y115.511 E.01878
;WIDTH:0.526411
G1 X103.007 Y115.667 E.01878
G1 X102.49 Y115.716 E.01878
;WIDTH:0.52554
G1 X101.974 Y115.658 E.01875
;WIDTH:0.523506
G1 X101.481 Y115.494 E.01868
;WIDTH:0.520549
G1 X101.034 Y115.229 E.01857
;WIDTH:0.523507
G1 X100.652 Y114.877 E.01869
;WIDTH:0.525331
G1 X100.356 Y114.459 E.01849
;WIDTH:0.526376
G1 X100.146 Y113.975 E.01906
G1 X100.043 Y113.467 E.01876
;WIDTH:0.526123
G1 X100.048 Y112.948 E.01877
;WIDTH:0.524668
G1 X100.16 Y112.441 E.01872
;WIDTH:0.522055
G1 X100.375 Y111.968 E.01863
;WIDTH:0.520625
G1 X100.696 Y111.541 E.0191
;WIDTH:0.524671
G1 X101.076 Y111.209 E.0182
;WIDTH:0.526122
G1 X101.528 Y110.955 E.01878
;WIDTH:0.526411
G1 X102.024 Y110.799 E.01878
G1 X102.54 Y110.75 E.01878
;WIDTH:0.52554
G1 X103.049 Y110.807 E.01849
;WIDTH:0.522931
G1 X103.511 Y110.96 E.0175
G1 E-.84 F2400
;WIPE_START
G1 F1800
G1 X103.996 Y111.237 E-.20094
G1 X104.321 Y111.537 E-.15906
;WIPE_END
G17
G3 Z.6 I-.737 J-.968 P1  F9000
G1 X100.78 Y114.231 Z.6
G1 Z.2
G1 E1.2 F1800
;WIDTH:0.526376
G1 X100.612 Y113.849 E.01511
G1 X100.526 Y113.448 E.01483
;WIDTH:0.526123
G1 X100.521 Y113.037 E.01486
;WIDTH:0.524668
G1 X100.599 Y112.633 E.01485
;WIDTH:0.522055
G1 X100.791 Y112.204 E.01683
;WIDTH:0.518732
G1 X101.088 Y111.822 E.01723
;WIDTH:0.516452
G1 X101.467 Y111.522 E.01714
;WIDTH:0.515377
G1 X101.907 Y111.321 E.0171
;WIDTH:0.516593
G1 X102.382 Y111.23 E.01715
;WIDTH:0.522931
G1 X102.909 Y111.266 E.01896
G1 X103.329 Y111.396 E.0158
;WIDTH:0.520307
G1 X103.744 Y111.646 E.01729
;WIDTH:0.517445
G1 X104.087 Y111.986 E.01718
;WIDTH:0.515745
G1 X104.34 Y112.399 E.01711
G1 X104.487 Y112.86 E.01712
;WIDTH:0.524668
G1 X104.509 Y113.429 E.02054
G1 X104.431 Y113.833 E.01485
;WIDTH:0.522052
G1 X104.24 Y114.262 E.01683
;WIDTH:0.51873
G1 X103.943 Y114.644 E.01723
;WIDTH:0.516451
G1 X103.563 Y114.944 E.01714
;WIDTH:0.515377
G1 X103.123 Y115.145 E.0171
;WIDTH:0.516592
G1 X102.648 Y115.235 E.01715
;WIDTH:0.523506
G1 X102.115 Y115.198 E.01921
G1 X101.701 Y115.07 E.01559
;WIDTH:0.520308
G1 X101.286 Y114.82 E.01729
;WIDTH:0.517445
G1 X100.943 Y114.48 E.01718
;WIDTH:0.525331
G1 X100.802 Y114.264 E.00929
; stop printing object OrangePi-Spacer.stl id:8761013144 copy 0
G1 E-.84 F2400
;WIPE_START
G1 F1800
G1 X100.612 Y113.849 E-.1646
G1 X100.526 Y113.448 E-.14756
G1 X100.524 Y113.315 E-.04784
;WIPE_END
M106 S255
M106 P2 S178
;LAYER_CHANGE
;Z:0.4
;HEIGHT:0.2
;BEFORE_LAYER_CHANGE
;0.4
G92 E0

;_SET_FAN_SPEED_CHANGING_LAYER
M204 P2500
M104 S210 ; set nozzle temperature
; printing object OrangePi-Spacer.stl id:8761013144 copy 0
M204 T2500
G1 Z.8 F9000
G1 X118.736 Y111.109
G1 Z.4
G1 E1.2 F1800
M204 P1000
;WIDTH:0.520624
G1 F1200
G1 X119.162 Y111.429 E.01903
;WIDTH:0.52467
G1 X119.494 Y111.809 E.0182
;WIDTH:0.52612
G1 X119.748 Y112.261 E.01878
;WIDTH:0.526411
G1 X119.904 Y112.757 E.01878
G1 X119.953 Y113.273 E.01878
;WIDTH:0.52554
G1 X119.895 Y113.789 E.01875
;WIDTH:0.523506
G1 X119.73 Y114.282 E.01868
;WIDTH:0.520548
G1 X119.466 Y114.729 E.01857
;WIDTH:0.523505
G1 X119.113 Y115.111 E.01869
;WIDTH:0.52554
G1 X118.69 Y115.411 E.01876
;WIDTH:0.526411
G1 X118.213 Y115.617 E.01878
;WIDTH:0.527258
G1 X117.704 Y115.719 E.01881
G1 X117.185 Y115.715 E.01881
;WIDTH:0.52467
G1 X116.678 Y115.604 E.01872
;WIDTH:0.522054
G1 X116.205 Y115.388 E.01863
;WIDTH:0.520625
G1 X115.778 Y115.067 E.0191
;WIDTH:0.524671
G1 X115.446 Y114.687 E.0182
;WIDTH:0.526121
G1 X115.191 Y114.235 E.01878
;WIDTH:0.526412
G1 X115.036 Y113.739 E.01878
G1 X114.987 Y113.223 E.01878
;WIDTH:0.525542
G1 X115.045 Y112.707 E.01875
;WIDTH:0.523508
G1 X115.209 Y112.214 E.01868
;WIDTH:0.520548
G1 X115.474 Y111.767 E.01857
;WIDTH:0.523508
G1 X115.826 Y111.385 E.01869
;WIDTH:0.525542
G1 X116.25 Y111.085 E.01876
;WIDTH:0.526413
G1 X116.727 Y110.879 E.01878
G1 X117.235 Y110.776 E.01878
;WIDTH:0.526122
G1 X117.755 Y110.781 E.01877
G1 X118.245 Y110.889 E.01816
;WIDTH:0.520146
G1 X118.699 Y111.092 E.01778
G1 X117.093 Y111.278 F9000
;WIDTH:0.515747
G1 F1200
G1 X117.096 Y111.277 E.00013
;WIDTH:0.526117
G1 X117.668 Y111.257 E.02066
G1 X118.056 Y111.327 E.01428
;WIDTH:0.520146
G1 X118.499 Y111.524 E.01729
;WIDTH:0.518731
G1 X118.881 Y111.821 E.01723
;WIDTH:0.51645
G1 X119.181 Y112.2 E.01714
;WIDTH:0.515376
G1 X119.382 Y112.64 E.0171
;WIDTH:0.516592
G1 X119.472 Y113.115 E.01715
;WIDTH:0.523506
G1 X119.435 Y113.648 E.01921
G1 X119.306 Y114.062 E.01559
;WIDTH:0.520306
G1 X119.057 Y114.477 E.01729
;WIDTH:0.517445
G1 X118.717 Y114.82 E.01718
;WIDTH:0.515745
G1 X118.304 Y115.073 E.01711
;WIDTH:0.516482
G1 X117.86 Y115.215 E.01651
;WIDTH:0.517634
G1 X117.361 Y115.252 E.01781
;WIDTH:0.522054
G1 X116.87 Y115.164 E.01789
G1 X116.441 Y114.972 E.01683
;WIDTH:0.518731
G1 X116.059 Y114.675 E.01723
;WIDTH:0.516451
G1 X115.759 Y114.296 E.01714
;WIDTH:0.515377
G1 X115.558 Y113.856 E.0171
;WIDTH:0.516593
G1 X115.467 Y113.381 E.01715
;WIDTH:0.523508
G1 X115.505 Y112.848 E.01921
G1 X115.633 Y112.434 E.01559
;WIDTH:0.520308
G1 X115.882 Y112.019 E.01729
;WIDTH:0.517447
G1 X116.223 Y111.676 E.01718
;WIDTH:0.515747
G1 X116.636 Y111.423 E.01711
G1 X117.055 Y111.29 E.01557
; stop printing object OrangePi-Spacer.stl id:8761013144 copy 0
; printing object OrangePi-Spacer.stl id:29074711 copy 0
G1 E-.84 F2400
;WIPE_START
G1 F3600
G1 X117.096 Y111.277 E-.01569
G1 X117.668 Y111.257 E-.20573
G1 X118.046 Y111.325 E-.13858
;WIPE_END
G17
G3 Z.8 I1.096 J-.528 P1  F9000
G1 X114.761 Y104.507 Z.8
G1 Z.4
G1 E1.2 F1800
;WIDTH:0.520547
G1 F1200
G1 X115.207 Y104.771 E.01851
;WIDTH:0.523506
G1 X115.588 Y105.123 E.01869
;WIDTH:0.52554
G1 X115.888 Y105.547 E.01876
;WIDTH:0.526411
G1 X116.094 Y106.024 E.01878
G1 X116.197 Y106.533 E.01878
;WIDTH:0.526122
G1 X116.198 Y107.027 E.01787
;WIDTH:0.524669
G1 X116.091 Y107.536 E.01874
;WIDTH:0.522052
G1 X115.881 Y108.011 E.01865
G1 X115.574 Y108.432 E.01865
;WIDTH:0.524669
G1 X115.187 Y108.778 E.01874
;WIDTH:0.52612
G1 X114.736 Y109.038 E.01879
;WIDTH:0.526411
G1 X114.242 Y109.198 E.0188
G1 X113.725 Y109.253 E.0188
;WIDTH:0.52554
G1 X113.208 Y109.2 E.01877
;WIDTH:0.523506
G1 X112.713 Y109.04 E.0187
;WIDTH:0.520548
G1 X112.263 Y108.78 E.01859
;WIDTH:0.523507
G1 X111.877 Y108.431 E.0187
;WIDTH:0.52491
G1 X111.574 Y108.005 E.01887
;WIDTH:0.526305
G1 X111.361 Y107.534 E.01868
G1 X111.254 Y107.027 E.01876
;WIDTH:0.526123
G1 X111.253 Y106.507 E.01879
;WIDTH:0.52467
G1 X111.36 Y105.998 E.01874
;WIDTH:0.522055
G1 X111.57 Y105.523 E.01865
G1 X111.877 Y105.103 E.01865
;WIDTH:0.524671
G1 X112.264 Y104.756 E.01874
;WIDTH:0.526122
G1 X112.714 Y104.496 E.01879
;WIDTH:0.526412
G1 X113.209 Y104.336 E.0188
;WIDTH:0.526833
G1 X113.725 Y104.282 E.01882
G1 X114.245 Y104.339 E.01894
;WIDTH:0.521777
G1 X114.723 Y104.495 E.018
G1 E-.84 F2400
;WIPE_START
G1 F3600
G1 X115.207 Y104.771 E-.20048
G1 X115.532 Y105.072 E-.15952
;WIPE_END
G17
G3 Z.8 I-.737 J-.969 P1  F9000
G1 X111.992 Y107.764 Z.8
G1 Z.4
G1 E1.2 F1800
;WIDTH:0.526305
G1 F1200
G1 X111.822 Y107.382 E.01517
G1 X111.736 Y106.982 E.01478
;WIDTH:0.526123
G1 X111.731 Y106.571 E.01486
;WIDTH:0.52467
G1 X111.809 Y106.167 E.01485
;WIDTH:0.522055
G1 X112.001 Y105.738 E.01683
;WIDTH:0.518732
G1 X112.298 Y105.356 E.01723
;WIDTH:0.516452
G1 X112.677 Y105.056 E.01714
;WIDTH:0.515378
G1 X113.117 Y104.855 E.0171
;WIDTH:0.517076
G1 X113.575 Y104.767 E.01653
;WIDTH:0.518978
G1 X114.076 Y104.79 E.01787
;WIDTH:0.520307
G1 X114.539 Y104.93 E.0173
G1 X114.954 Y105.18 E.01729
;WIDTH:0.517445
G1 X115.297 Y105.52 E.01718
;WIDTH:0.515746
G1 X115.55 Y105.933 E.01711
G1 X115.697 Y106.394 E.01712
;WIDTH:0.524669
G1 X115.719 Y106.963 E.02054
G1 X115.642 Y107.367 E.01485
;WIDTH:0.522052
G1 X115.45 Y107.796 E.01683
;WIDTH:0.51873
G1 X115.153 Y108.178 E.01723
;WIDTH:0.516451
G1 X114.774 Y108.478 E.01714
;WIDTH:0.515376
G1 X114.334 Y108.679 E.0171
;WIDTH:0.516592
G1 X113.858 Y108.77 E.01715
;WIDTH:0.523506
G1 X113.325 Y108.732 E.01921
G1 X112.912 Y108.604 E.01559
;WIDTH:0.520308
G1 X112.497 Y108.354 E.01729
;WIDTH:0.517446
G1 X112.153 Y108.014 E.01718
;WIDTH:0.52491
G1 X112.012 Y107.799 E.00927
; stop printing object OrangePi-Spacer.stl id:29074711 copy 0
; printing object OrangePi-Spacer.stl id:0 copy 0
G1 E-.84 F2400
;WIPE_START
G1 F3600
G1 X111.822 Y107.382 E-.16521
G1 X111.736 Y106.982 E-.14711
G1 X111.734 Y106.85 E-.04769
;WIPE_END
G17
G3 Z.8 I-1.199 J-.208 P1  F9000
G1 X111.02 Y110.973 Z.8
G1 Z.4
G1 E1.2 F1800
;WIDTH:0.520547
G1 F1200
G1 X111.466 Y111.237 E.01851
;WIDTH:0.523506
G1 X111.848 Y111.589 E.01869
;WIDTH:0.52554
G1 X112.148 Y112.013 E.01876
;WIDTH:0.526411
G1 X112.354 Y112.49 E.01878
G1 X112.457 Y112.999 E.01878
;WIDTH:0.526122
G1 X112.458 Y113.493 E.01787
;WIDTH:0.524669
G1 X112.351 Y114.002 E.01874
;WIDTH:0.522052
G1 X112.14 Y114.477 E.01865
G1 X111.834 Y114.897 E.01865
;WIDTH:0.524669
G1 X111.446 Y115.244 E.01874
;WIDTH:0.52612
G1 X110.996 Y115.504 E.01879
;WIDTH:0.526411
G1 X110.502 Y115.664 E.0188
G1 X109.985 Y115.719 E.0188
;WIDTH:0.52554
G1 X109.468 Y115.665 E.01877
;WIDTH:0.523506
G1 X108.973 Y115.506 E.0187
;WIDTH:0.520548
G1 X108.522 Y115.246 E.01859
;WIDTH:0.523507
G1 X108.137 Y114.897 E.0187
;WIDTH:0.52491
G1 X107.834 Y114.47 E.01887
;WIDTH:0.526305
G1 X107.621 Y114 E.01868
G1 X107.513 Y113.493 E.01876
;WIDTH:0.526123
G1 X107.512 Y112.973 E.01879
;WIDTH:0.52467
G1 X107.619 Y112.464 E.01874
;WIDTH:0.522055
G1 X107.83 Y111.989 E.01865
G1 X108.136 Y111.568 E.01865
;WIDTH:0.524671
G1 X108.524 Y111.222 E.01874
;WIDTH:0.526122
G1 X108.974 Y110.962 E.01879
;WIDTH:0.526412
G1 X109.468 Y110.802 E.0188
;WIDTH:0.526833
G1 X109.985 Y110.748 E.01882
G1 X110.505 Y110.805 E.01894
;WIDTH:0.521777
G1 X110.982 Y110.961 E.018
G1 E-.84 F2400
;WIPE_START
G1 F3600
G1 X111.466 Y111.237 E-.20048
G1 X111.792 Y111.537 E-.15952
;WIPE_END
G17
G3 Z.8 I-.737 J-.969 P1  F9000
G1 X108.252 Y114.23 Z.8
G1 Z.4
G1 E1.2 F1800
;WIDTH:0.526305
G1 F1200
G1 X108.081 Y113.847 E.01517
G1 X107.995 Y113.448 E.01478
;WIDTH:0.526123
G1 X107.991 Y113.037 E.01486
;WIDTH:0.52467
G1 X108.069 Y112.633 E.01485
;WIDTH:0.522055
G1 X108.26 Y112.204 E.01683
;WIDTH:0.518732
G1 X108.557 Y111.822 E.01723
;WIDTH:0.516452
G1 X108.937 Y111.522 E.01714
;WIDTH:0.515378
G1 X109.377 Y111.321 E.0171
;WIDTH:0.517076
G1 X109.834 Y111.233 E.01653
;WIDTH:0.518978
G1 X110.335 Y111.256 E.01787
;WIDTH:0.520307
G1 X110.799 Y111.396 E.0173
G1 X111.214 Y111.646 E.01729
;WIDTH:0.517445
G1 X111.557 Y111.986 E.01718
;WIDTH:0.515746
G1 X111.809 Y112.399 E.01711
G1 X111.956 Y112.86 E.01712
;WIDTH:0.524669
G1 X111.979 Y113.429 E.02054
G1 X111.901 Y113.833 E.01485
;WIDTH:0.522052
G1 X111.709 Y114.262 E.01683
;WIDTH:0.51873
G1 X111.412 Y114.644 E.01723
;WIDTH:0.516451
G1 X111.033 Y114.944 E.01714
;WIDTH:0.515376
G1 X110.593 Y115.145 E.0171
;WIDTH:0.516592
G1 X110.118 Y115.235 E.01715
;WIDTH:0.523506
G1 X109.585 Y115.198 E.01921
G1 X109.171 Y115.07 E.01559
;WIDTH:0.520308
G1 X108.756 Y114.82 E.01729
;WIDTH:0.517446
G1 X108.413 Y114.48 E.01718
;WIDTH:0.52491
G1 X108.272 Y114.265 E.00927
; stop printing object OrangePi-Spacer.stl id:0 copy 0
; printing object OrangePi-Spacer.stl id:8761013144 copy 0
G1 E-.84 F2400
;WIPE_START
G1 F3600
G1 X108.081 Y113.847 E-.16521
G1 X107.995 Y113.448 E-.14711
G1 X107.994 Y113.315 E-.04769
;WIPE_END
G17
G3 Z.8 I.567 J-1.077 P1  F9000
G1 X103.551 Y110.973 Z.8
G1 Z.4
G1 E1.2 F1800
;WIDTH:0.520547
G1 F1200
G1 X103.996 Y111.237 E.01851
;WIDTH:0.523506
G1 X104.378 Y111.589 E.01869
;WIDTH:0.52554
G1 X104.678 Y112.013 E.01876
;WIDTH:0.526411
G1 X104.884 Y112.49 E.01878
G1 X104.987 Y112.999 E.01878
;WIDTH:0.526122
G1 X104.988 Y113.493 E.01787
;WIDTH:0.524669
G1 X104.881 Y114.002 E.01874
;WIDTH:0.522052
G1 X104.67 Y114.477 E.01865
G1 X104.364 Y114.897 E.01865
;WIDTH:0.524669
G1 X103.976 Y115.244 E.01874
;WIDTH:0.52612
G1 X103.526 Y115.504 E.01879
;WIDTH:0.526411
G1 X103.032 Y115.664 E.0188
G1 X102.515 Y115.719 E.0188
;WIDTH:0.52554
G1 X101.998 Y115.665 E.01877
;WIDTH:0.523506
G1 X101.503 Y115.506 E.0187
;WIDTH:0.520548
G1 X101.052 Y115.246 E.01859
;WIDTH:0.523507
G1 X100.667 Y114.897 E.0187
;WIDTH:0.52491
G1 X100.364 Y114.47 E.01887
;WIDTH:0.526305
G1 X100.151 Y114 E.01868
G1 X100.043 Y113.493 E.01876
;WIDTH:0.526123
G1 X100.042 Y112.973 E.01879
;WIDTH:0.52467
G1 X100.149 Y112.464 E.01874
;WIDTH:0.522055
G1 X100.36 Y111.989 E.01865
G1 X100.666 Y111.568 E.01865
;WIDTH:0.524671
G1 X101.054 Y111.222 E.01874
;WIDTH:0.526122
G1 X101.504 Y110.962 E.01879
;WIDTH:0.526412
G1 X101.998 Y110.802 E.0188
;WIDTH:0.526833
G1 X102.515 Y110.748 E.01882
G1 X103.035 Y110.805 E.01894
;WIDTH:0.521777
G1 X103.513 Y110.961 E.018
G1 E-.84 F2400
;WIPE_START
G1 F3600
G1 X103.996 Y111.237 E-.20048
G1 X104.322 Y111.537 E-.15952
;WIPE_END
G17
G3 Z.8 I-.737 J-.969 P1  F9000
G1 X100.782 Y114.23 Z.8
G1 Z.4
G1 E1.2 F1800
;WIDTH:0.526305
G1 F1200
G1 X100.611 Y113.847 E.01517
G1 X100.526 Y113.448 E.01478
;WIDTH:0.526123
G1 X100.521 Y113.037 E.01486
;WIDTH:0.52467
G1 X100.599 Y112.633 E.01485
;WIDTH:0.522055
G1 X100.791 Y112.204 E.01683
;WIDTH:0.518732
G1 X101.088 Y111.822 E.01723
;WIDTH:0.516452
G1 X101.467 Y111.522 E.01714
;WIDTH:0.515378
G1 X101.907 Y111.321 E.0171
;WIDTH:0.517076
G1 X102.364 Y111.233 E.01653
;WIDTH:0.518978
G1 X102.865 Y111.256 E.01787
;WIDTH:0.520307
G1 X103.329 Y111.396 E.0173
G1 X103.744 Y111.646 E.01729
;WIDTH:0.517445
G1 X104.087 Y111.986 E.01718
;WIDTH:0.515746
G1 X104.34 Y112.399 E.01711
G1 X104.487 Y112.86 E.01712
;WIDTH:0.524669
G1 X104.509 Y113.429 E.02054
G1 X104.431 Y113.833 E.01485
;WIDTH:0.522052
G1 X104.24 Y114.262 E.01683
;WIDTH:0.51873
G1 X103.943 Y114.644 E.01723
;WIDTH:0.516451
G1 X103.563 Y114.944 E.01714
;WIDTH:0.515376
G1 X103.123 Y115.145 E.0171
;WIDTH:0.516592
G1 X102.648 Y115.235 E.01715
;WIDTH:0.523506
G1 X102.115 Y115.198 E.01921
G1 X101.701 Y115.07 E.01559
;WIDTH:0.520308
G1 X101.286 Y114.82 E.01729
;WIDTH:0.517446
G1 X100.943 Y114.48 E.01718
;WIDTH:0.52491
G1 X100.802 Y114.265 E.00927
; stop printing object OrangePi-Spacer.stl id:8761013144 copy 0
G1 E-.84 F2400
;WIPE_START
G1 F3600
G1 X100.611 Y113.847 E-.16521
G1 X100.526 Y113.448 E-.14711
G1 X100.524 Y113.315 E-.04769
;WIPE_END
;LAYER_CHANGE
;Z:0.6
;HEIGHT:0.2
;BEFORE_LAYER_CHANGE
;0.6
G92 E0

;_SET_FAN_SPEED_CHANGING_LAYER
; printing object OrangePi-Spacer.stl id:8761013144 copy 0
G1 Z1 F9000
G1 X118.735 Y111.108
G1 Z.6
G1 E1.2 F1800
;WIDTH:0.519851
G1 F1200
G1 X118.737 Y111.109 E.00008
;WIDTH:0.520624
G1 X119.162 Y111.429 E.01899
;WIDTH:0.52467
G1 X119.494 Y111.809 E.0182
;WIDTH:0.52612
G1 X119.748 Y112.261 E.01878
;WIDTH:0.526411
G1 X119.904 Y112.757 E.01878
G1 X119.953 Y113.273 E.01878
;WIDTH:0.52554
G1 X119.895 Y113.789 E.01875
;WIDTH:0.523506
G1 X119.73 Y114.282 E.01868
;WIDTH:0.520549
G1 X119.466 Y114.729 E.01857
;WIDTH:0.523506
G1 X119.113 Y115.111 E.01869
;WIDTH:0.525541
G1 X118.69 Y115.411 E.01876
;WIDTH:0.526413
G1 X118.213 Y115.617 E.01878
G1 X117.704 Y115.72 E.01878
;WIDTH:0.526121
G1 X117.185 Y115.715 E.01877
;WIDTH:0.524669
G1 X116.678 Y115.604 E.01872
;WIDTH:0.522053
G1 X116.205 Y115.388 E.01863
;WIDTH:0.520625
G1 X115.778 Y115.067 E.0191
;WIDTH:0.524671
G1 X115.446 Y114.687 E.0182
;WIDTH:0.526122
G1 X115.191 Y114.235 E.01878
;WIDTH:0.526412
G1 X115.036 Y113.739 E.01878
G1 X114.987 Y113.223 E.01878
;WIDTH:0.525542
G1 X115.045 Y112.707 E.01875
;WIDTH:0.523509
G1 X115.209 Y112.214 E.01868
;WIDTH:0.520549
G1 X115.474 Y111.767 E.01857
;WIDTH:0.523507
G1 X115.826 Y111.385 E.01869
;WIDTH:0.525542
G1 X116.25 Y111.085 E.01876
;WIDTH:0.526413
G1 X116.727 Y110.879 E.01878
G1 X117.235 Y110.776 E.01878
;WIDTH:0.527017
G1 X117.755 Y110.782 E.0188
G1 X118.243 Y110.89 E.01813
;WIDTH:0.519851
G1 X118.698 Y111.092 E.01778
G1 X117.093 Y111.278 F9000
;WIDTH:0.515747
G1 F1200
G1 X117.096 Y111.277 E.00012
;WIDTH:0.527017
G1 X117.669 Y111.258 E.02074
G1 X118.056 Y111.327 E.01425
;WIDTH:0.518865
G1 X118.499 Y111.524 E.01725
;WIDTH:0.51873
G1 X118.881 Y111.821 E.01723
;WIDTH:0.51645
G1 X119.181 Y112.2 E.01714
;WIDTH:0.515376
G1 X119.382 Y112.64 E.0171
;WIDTH:0.516592
G1 X119.472 Y113.115 E.01715
;WIDTH:0.523506
G1 X119.435 Y113.648 E.01921
G1 X119.306 Y114.062 E.01559
;WIDTH:0.520307
G1 X119.057 Y114.477 E.01729
;WIDTH:0.517445
G1 X118.717 Y114.82 E.01718
;WIDTH:0.515746
G1 X118.304 Y115.073 E.01711
G1 X117.843 Y115.22 E.01712
;WIDTH:0.524669
G1 X117.274 Y115.242 E.02054
G1 X116.87 Y115.164 E.01485
;WIDTH:0.522053
G1 X116.441 Y114.972 E.01683
;WIDTH:0.51873
G1 X116.059 Y114.675 E.01723
;WIDTH:0.516451
G1 X115.759 Y114.296 E.01714
;WIDTH:0.515377
G1 X115.558 Y113.856 E.0171
;WIDTH:0.516593
G1 X115.467 Y113.381 E.01715
;WIDTH:0.523509
G1 X115.505 Y112.848 E.01921
G1 X115.633 Y112.434 E.01559
;WIDTH:0.520309
G1 X115.882 Y112.019 E.01729
;WIDTH:0.517447
G1 X116.223 Y111.676 E.01718
;WIDTH:0.515747
G1 X116.636 Y111.423 E.01711
G1 X117.055 Y111.29 E.01558
; stop printing object OrangePi-Spacer.stl id:8761013144 copy 0
; printing object OrangePi-Spacer.stl id:29074711 copy 0
G1 E-.84 F2400
;WIPE_START
G1 F3600
G1 X117.096 Y111.277 E-.01559
G1 X117.669 Y111.258 E-.20612
G1 X118.047 Y111.326 E-.13829
;WIPE_END
G17
G3 Z1 I1.096 J-.528 P1  F9000
G1 X114.76 Y104.507 Z1
G1 Z.6
G1 E1.2 F1800
;WIDTH:0.520616
G1 F1200
G1 X114.762 Y104.508 E.00008
G1 X115.207 Y104.771 E.01847
;WIDTH:0.523506
G1 X115.588 Y105.123 E.01869
;WIDTH:0.52554
G1 X115.888 Y105.547 E.01876
;WIDTH:0.526411
G1 X116.094 Y106.024 E.01878
G1 X116.197 Y106.533 E.01878
;WIDTH:0.526122
G1 X116.198 Y107.027 E.01787
;WIDTH:0.524669
G1 X116.091 Y107.536 E.01874
;WIDTH:0.522052
G1 X115.881 Y108.011 E.01865
G1 X115.574 Y108.432 E.01865
;WIDTH:0.52467
G1 X115.187 Y108.778 E.01874
;WIDTH:0.52612
G1 X114.736 Y109.038 E.01879
;WIDTH:0.52641
G1 X114.242 Y109.198 E.0188
G1 X113.725 Y109.253 E.0188
;WIDTH:0.525541
G1 X113.208 Y109.2 E.01877
;WIDTH:0.523506
G1 X112.714 Y109.039 E.0187
G1 X112.263 Y108.78 E.0187
G1 X111.877 Y108.431 E.0187
;WIDTH:0.525541
G1 X111.573 Y108.01 E.01877
;WIDTH:0.526413
G1 X111.362 Y107.535 E.0188
G1 X111.254 Y107.027 E.0188
;WIDTH:0.526123
G1 X111.253 Y106.507 E.01879
;WIDTH:0.52467
G1 X111.36 Y105.998 E.01874
;WIDTH:0.522054
G1 X111.57 Y105.523 E.01865
G1 X111.877 Y105.103 E.01865
;WIDTH:0.524671
G1 X112.264 Y104.756 E.01874
;WIDTH:0.526122
G1 X112.714 Y104.496 E.01879
;WIDTH:0.526412
G1 X113.209 Y104.336 E.0188
;WIDTH:0.527634
G1 X113.725 Y104.282 E.01884
G1 X114.231 Y104.337 E.01845
;WIDTH:0.520616
G1 X114.722 Y104.495 E.01843
G1 E-.84 F2400
;WIPE_START
G1 F3600
G1 X114.762 Y104.508 E-.0152
G1 X115.207 Y104.771 E-.18597
G1 X115.531 Y105.07 E-.15883
;WIPE_END
G17
G3 Z1 I-.737 J-.968 P1  F9000
G1 X111.99 Y107.765 Z1
G1 Z.6
G1 E1.2 F1800
;WIDTH:0.525541
G1 F1200
G1 X111.987 Y107.76 E.00022
;WIDTH:0.526413
G1 X111.822 Y107.383 E.01486
G1 X111.736 Y106.982 E.01485
;WIDTH:0.526123
G1 X111.731 Y106.571 E.01486
;WIDTH:0.52467
G1 X111.809 Y106.167 E.01485
;WIDTH:0.522054
G1 X112.001 Y105.738 E.01683
;WIDTH:0.518731
G1 X112.298 Y105.356 E.01723
;WIDTH:0.516452
G1 X112.677 Y105.056 E.01714
;WIDTH:0.515377
G1 X113.117 Y104.855 E.0171
;WIDTH:0.517417
G1 X113.563 Y104.769 E.01613
;WIDTH:0.51897
G1 X114.076 Y104.79 E.01828
;WIDTH:0.520307
G1 X114.539 Y104.93 E.01731
G1 X114.954 Y105.18 E.01729
;WIDTH:0.517445
G1 X115.297 Y105.52 E.01718
;WIDTH:0.515745
G1 X115.55 Y105.933 E.01711
G1 X115.697 Y106.394 E.01712
;WIDTH:0.524669
G1 X115.719 Y106.963 E.02054
G1 X115.642 Y107.367 E.01485
;WIDTH:0.522052
G1 X115.45 Y107.796 E.01683
;WIDTH:0.518729
G1 X115.153 Y108.178 E.01723
;WIDTH:0.51645
G1 X114.774 Y108.478 E.01714
;WIDTH:0.515376
G1 X114.334 Y108.679 E.0171
;WIDTH:0.516592
G1 X113.858 Y108.77 E.01715
;WIDTH:0.523506
G1 X113.325 Y108.732 E.01921
G1 X112.929 Y108.608 E.01493
G1 X112.497 Y108.355 E.01804
;WIDTH:0.517444
G1 X112.153 Y108.014 E.01718
;WIDTH:0.525541
G1 X112.012 Y107.798 E.00931
; stop printing object OrangePi-Spacer.stl id:29074711 copy 0
; printing object OrangePi-Spacer.stl id:0 copy 0
G1 E-.84 F2400
;WIPE_START
G1 F3600
G1 X111.987 Y107.76 E-.01662
G1 X111.822 Y107.383 E-.14784
G1 X111.736 Y106.982 E-.14779
G1 X111.734 Y106.849 E-.04774
;WIPE_END
G17
G3 Z1 I-1.199 J-.208 P1  F9000
G1 X111.019 Y110.973 Z1
G1 Z.6
G1 E1.2 F1800
;WIDTH:0.520616
G1 F1200
G1 X111.021 Y110.974 E.00008
G1 X111.466 Y111.237 E.01847
;WIDTH:0.523506
G1 X111.848 Y111.589 E.01869
;WIDTH:0.52554
G1 X112.148 Y112.013 E.01876
;WIDTH:0.526411
G1 X112.354 Y112.49 E.01878
G1 X112.457 Y112.999 E.01878
;WIDTH:0.526122
G1 X112.458 Y113.493 E.01787
;WIDTH:0.524669
G1 X112.351 Y114.002 E.01874
;WIDTH:0.522052
G1 X112.14 Y114.477 E.01865
G1 X111.834 Y114.897 E.01865
;WIDTH:0.52467
G1 X111.446 Y115.244 E.01874
;WIDTH:0.52612
G1 X110.996 Y115.504 E.01879
;WIDTH:0.52641
G1 X110.502 Y115.664 E.0188
G1 X109.985 Y115.719 E.0188
;WIDTH:0.525541
G1 X109.468 Y115.665 E.01877
;WIDTH:0.523506
G1 X108.973 Y115.505 E.0187
G1 X108.522 Y115.246 E.0187
G1 X108.137 Y114.897 E.0187
;WIDTH:0.525541
G1 X107.832 Y114.476 E.01877
;WIDTH:0.526413
G1 X107.621 Y114.001 E.0188
G1 X107.513 Y113.493 E.0188
;WIDTH:0.526123
G1 X107.512 Y112.973 E.01879
;WIDTH:0.52467
G1 X107.619 Y112.464 E.01874
;WIDTH:0.522054
G1 X107.83 Y111.989 E.01865
G1 X108.136 Y111.568 E.01865
;WIDTH:0.524671
G1 X108.524 Y111.222 E.01874
;WIDTH:0.526122
G1 X108.974 Y110.962 E.01879
;WIDTH:0.526412
G1 X109.468 Y110.802 E.0188
;WIDTH:0.527634
G1 X109.985 Y110.748 E.01884
G1 X110.491 Y110.803 E.01845
;WIDTH:0.520616
G1 X110.981 Y110.961 E.01843
G1 E-.84 F2400
;WIPE_START
G1 F3600
G1 X111.021 Y110.974 E-.0152
G1 X111.466 Y111.237 E-.18597
G1 X111.79 Y111.536 E-.15883
;WIPE_END
G17
G3 Z1 I-.737 J-.968 P1  F9000
G1 X108.25 Y114.231 Z1
G1 Z.6
G1 E1.2 F1800
;WIDTH:0.525541
G1 F1200
G1 X108.246 Y114.226 E.00022
;WIDTH:0.526413
G1 X108.082 Y113.849 E.01486
G1 X107.995 Y113.448 E.01485
;WIDTH:0.526123
G1 X107.991 Y113.037 E.01486
;WIDTH:0.52467
G1 X108.069 Y112.633 E.01485
;WIDTH:0.522054
G1 X108.26 Y112.204 E.01683
;WIDTH:0.518731
G1 X108.557 Y111.822 E.01723
;WIDTH:0.516452
G1 X108.937 Y111.522 E.01714
;WIDTH:0.515377
G1 X109.377 Y111.321 E.0171
;WIDTH:0.517417
G1 X109.823 Y111.235 E.01613
;WIDTH:0.51897
G1 X110.335 Y111.256 E.01828
;WIDTH:0.520307
G1 X110.799 Y111.396 E.01731
G1 X111.214 Y111.646 E.01729
;WIDTH:0.517445
G1 X111.557 Y111.986 E.01718
;WIDTH:0.515745
G1 X111.809 Y112.399 E.01711
G1 X111.956 Y112.86 E.01712
;WIDTH:0.524669
G1 X111.979 Y113.429 E.02054
G1 X111.901 Y113.833 E.01485
;WIDTH:0.522052
G1 X111.709 Y114.262 E.01683
;WIDTH:0.518729
G1 X111.412 Y114.644 E.01723
;WIDTH:0.51645
G1 X111.033 Y114.944 E.01714
;WIDTH:0.515376
G1 X110.593 Y115.145 E.0171
;WIDTH:0.516592
G1 X110.118 Y115.235 E.01715
;WIDTH:0.523506
G1 X109.585 Y115.198 E.01921
G1 X109.189 Y115.074 E.01493
G1 X108.756 Y114.82 E.01804
;WIDTH:0.517444
G1 X108.413 Y114.48 E.01718
;WIDTH:0.525541
G1 X108.272 Y114.264 E.00931
; stop printing object OrangePi-Spacer.stl id:0 copy 0
; printing object OrangePi-Spacer.stl id:8761013144 copy 0
G1 E-.84 F2400
;WIPE_START
G1 F3600
G1 X108.246 Y114.226 E-.01662
G1 X108.082 Y113.849 E-.14784
G1 X107.995 Y113.448 E-.14779
G1 X107.994 Y113.315 E-.04774
;WIPE_END
G17
G3 Z1 I.567 J-1.077 P1  F9000
G1 X103.549 Y110.973 Z1
G1 Z.6
G1 E1.2 F1800
;WIDTH:0.520616
G1 F1200
G1 X103.552 Y110.974 E.00008
G1 X103.996 Y111.237 E.01847
;WIDTH:0.523506
G1 X104.378 Y111.589 E.01869
;WIDTH:0.52554
G1 X104.678 Y112.013 E.01876
;WIDTH:0.526411
G1 X104.884 Y112.49 E.01878
G1 X104.987 Y112.999 E.01878
;WIDTH:0.526122
G1 X104.988 Y113.493 E.01787
;WIDTH:0.524669
G1 X104.881 Y114.002 E.01874
;WIDTH:0.522052
G1 X104.67 Y114.477 E.01865
G1 X104.364 Y114.897 E.01865
;WIDTH:0.52467
G1 X103.976 Y115.244 E.01874
;WIDTH:0.52612
G1 X103.526 Y115.504 E.01879
;WIDTH:0.52641
G1 X103.032 Y115.664 E.0188
G1 X102.515 Y115.719 E.0188
;WIDTH:0.525541
G1 X101.998 Y115.665 E.01877
;WIDTH:0.523506
G1 X101.504 Y115.505 E.0187
G1 X101.052 Y115.246 E.0187
G1 X100.667 Y114.897 E.0187
;WIDTH:0.525541
G1 X100.362 Y114.476 E.01877
;WIDTH:0.526413
G1 X100.151 Y114.001 E.0188
G1 X100.043 Y113.493 E.0188
;WIDTH:0.526123
G1 X100.042 Y112.973 E.01879
;WIDTH:0.52467
G1 X100.149 Y112.464 E.01874
;WIDTH:0.522054
G1 X100.36 Y111.989 E.01865
G1 X100.666 Y111.568 E.01865
;WIDTH:0.524671
G1 X101.054 Y111.222 E.01874
;WIDTH:0.526122
G1 X101.504 Y110.962 E.01879
;WIDTH:0.526412
G1 X101.998 Y110.802 E.0188
;WIDTH:0.527634
G1 X102.515 Y110.748 E.01884
G1 X103.021 Y110.803 E.01845
;WIDTH:0.520616
G1 X103.511 Y110.961 E.01843
G1 E-.84 F2400
;WIPE_START
G1 F3600
G1 X103.552 Y110.974 E-.0152
G1 X103.996 Y111.237 E-.18597
G1 X104.32 Y111.536 E-.15883
;WIPE_END
G17
G3 Z1 I-.737 J-.968 P1  F9000
G1 X100.78 Y114.231 Z1
G1 Z.6
G1 E1.2 F1800
;WIDTH:0.525541
G1 F1200
G1 X100.776 Y114.226 E.00022
;WIDTH:0.526413
G1 X100.612 Y113.849 E.01486
G1 X100.526 Y113.448 E.01485
;WIDTH:0.526123
G1 X100.521 Y113.037 E.01486
;WIDTH:0.52467
G1 X100.599 Y112.633 E.01485
;WIDTH:0.522054
G1 X100.791 Y112.204 E.01683
;WIDTH:0.518731
G1 X101.088 Y111.822 E.01723
;WIDTH:0.516452
G1 X101.467 Y111.522 E.01714
;WIDTH:0.515377
G1 X101.907 Y111.321 E.0171
;WIDTH:0.517417
G1 X102.353 Y111.235 E.01613
;WIDTH:0.51897
G1 X102.865 Y111.256 E.01828
;WIDTH:0.520307
G1 X103.329 Y111.396 E.01731
G1 X103.744 Y111.646 E.01729
;WIDTH:0.517445
G1 X104.087 Y111.986 E.01718
;WIDTH:0.515745
G1 X104.34 Y112.399 E.01711
G1 X104.487 Y112.86 E.01712
;WIDTH:0.524669
G1 X104.509 Y113.429 E.02054
G1 X104.431 Y113.833 E.01485
;WIDTH:0.522052
G1 X104.24 Y114.262 E.01683
;WIDTH:0.518729
G1 X103.943 Y114.644 E.01723
;WIDTH:0.51645
G1 X103.563 Y114.944 E.01714
;WIDTH:0.515376
G1 X103.123 Y115.145 E.0171
;WIDTH:0.516592
G1 X102.648 Y115.235 E.01715
;WIDTH:0.523506
G1 X102.115 Y115.198 E.01921
G1 X101.719 Y115.074 E.01493
G1 X101.287 Y114.82 E.01804
;WIDTH:0.517444
G1 X100.943 Y114.48 E.01718
;WIDTH:0.525541
G1 X100.802 Y114.264 E.00931
; stop printing object OrangePi-Spacer.stl id:8761013144 copy 0
G1 E-.84 F2400
;WIPE_START
G1 F3600
G1 X100.776 Y114.226 E-.01662
G1 X100.612 Y113.849 E-.14784
G1 X100.526 Y113.448 E-.14779
G1 X100.524 Y113.315 E-.04774
;WIPE_END
;LAYER_CHANGE
;Z:0.8
;HEIGHT:0.2
;BEFORE_LAYER_CHANGE
;0.8
G92 E0

;_SET_FAN_SPEED_CHANGING_LAYER
; printing object OrangePi-Spacer.stl id:8761013144 copy 0
G1 Z1.2 F9000
G1 X118.735 Y111.109
G1 Z.8
G1 E1.2 F1800
;WIDTH:0.519795
G1 F1200
G1 X118.738 Y111.11 E.00012
;WIDTH:0.520624
G1 X119.162 Y111.429 E.01895
;WIDTH:0.52467
G1 X119.494 Y111.809 E.0182
;WIDTH:0.52612
G1 X119.748 Y112.261 E.01878
;WIDTH:0.526411
G1 X119.904 Y112.757 E.01878
G1 X119.953 Y113.273 E.01878
;WIDTH:0.52554
G1 X119.905 Y113.74 E.01694
;WIDTH:0.523506
G1 X119.751 Y114.236 E.01869
;WIDTH:0.520549
G1 X119.495 Y114.689 E.01857
;WIDTH:0.523506
G1 X119.151 Y115.077 E.01868
;WIDTH:0.52554
G1 X118.733 Y115.386 E.01875
;WIDTH:0.526411
G1 X118.261 Y115.601 E.01878
G1 X117.755 Y115.715 E.01878
;WIDTH:0.526121
G1 X117.235 Y115.721 E.01878
;WIDTH:0.524669
G1 X116.726 Y115.619 E.01873
;WIDTH:0.522053
G1 X116.248 Y115.413 E.01864
G1 X115.826 Y115.111 E.01863
;WIDTH:0.524671
G1 X115.475 Y114.728 E.01872
G1 X115.215 Y114.279 E.01872
;WIDTH:0.526205
G1 X115.039 Y113.763 E.01974
G1 X114.984 Y113.248 E.01871
;WIDTH:0.525542
G1 X115.037 Y112.731 E.01877
;WIDTH:0.523507
G1 X115.197 Y112.236 E.0187
;WIDTH:0.520549
G1 X115.457 Y111.785 E.01859
;WIDTH:0.523508
G1 X115.806 Y111.4 E.0187
;WIDTH:0.525542
G1 X116.227 Y111.095 E.01877
;WIDTH:0.526413
G1 X116.702 Y110.884 E.0188
G1 X117.21 Y110.776 E.0188
;WIDTH:0.52787
G1 X117.73 Y110.777 E.01885
G1 X118.242 Y110.891 E.01904
;WIDTH:0.519795
G1 X118.698 Y111.092 E.01781
G1 X117.094 Y111.277 F9000
;WIDTH:0.515747
G1 F1200
G1 X117.096 Y111.277 E.00011
;WIDTH:0.52787
G1 X117.67 Y111.26 E.02082
G1 X118.056 Y111.328 E.01422
;WIDTH:0.51873
G1 X118.499 Y111.524 E.01724
G1 X118.881 Y111.821 E.01723
;WIDTH:0.51645
G1 X119.181 Y112.2 E.01714
;WIDTH:0.515376
G1 X119.382 Y112.64 E.0171
;WIDTH:0.516592
G1 X119.472 Y113.115 E.01715
;WIDTH:0.523506
G1 X119.435 Y113.648 E.01921
G1 X119.306 Y114.062 E.01559
;WIDTH:0.520307
G1 X119.057 Y114.477 E.01729
;WIDTH:0.517445
G1 X118.717 Y114.82 E.01718
;WIDTH:0.515745
G1 X118.304 Y115.073 E.01711
G1 X117.843 Y115.22 E.01712
;WIDTH:0.524669
G1 X117.274 Y115.242 E.02054
G1 X116.87 Y115.164 E.01485
;WIDTH:0.522053
G1 X116.441 Y114.972 E.01683
;WIDTH:0.518731
G1 X116.059 Y114.675 E.01723
;WIDTH:0.516451
G1 X115.759 Y114.296 E.01714
;WIDTH:0.515332
G1 X115.559 Y113.856 E.01709
;WIDTH:0.516593
G1 X115.467 Y113.381 E.01715
;WIDTH:0.523507
G1 X115.505 Y112.848 E.01921
G1 X115.633 Y112.434 E.01559
;WIDTH:0.520309
G1 X115.882 Y112.019 E.01729
;WIDTH:0.517446
G1 X116.223 Y111.676 E.01718
;WIDTH:0.515747
G1 X116.636 Y111.423 E.01711
G1 X117.055 Y111.29 E.01559
; stop printing object OrangePi-Spacer.stl id:8761013144 copy 0
; printing object OrangePi-Spacer.stl id:29074711 copy 0
G1 E-.84 F2400
;WIPE_START
G1 F3600
G1 X117.096 Y111.277 E-.01549
G1 X117.67 Y111.26 E-.2065
G1 X118.047 Y111.326 E-.13802
;WIPE_END
G17
G3 Z1.2 I1.096 J-.529 P1  F9000
G1 X114.76 Y104.507 Z1.2
G1 Z.8
G1 E1.2 F1800
;WIDTH:0.520462
G1 F1200
G1 X114.763 Y104.508 E.00012
G1 X115.207 Y104.771 E.01842
;WIDTH:0.523506
G1 X115.588 Y105.123 E.01869
;WIDTH:0.52554
G1 X115.888 Y105.547 E.01876
;WIDTH:0.526411
G1 X116.094 Y106.024 E.01878
G1 X116.197 Y106.533 E.01878
;WIDTH:0.526122
G1 X116.198 Y107.002 E.01696
;WIDTH:0.524669
G1 X116.096 Y107.511 E.01873
;WIDTH:0.522052
G1 X115.891 Y107.988 E.01864
G1 X115.589 Y108.411 E.01863
;WIDTH:0.524669
G1 X115.206 Y108.761 E.01872
;WIDTH:0.52612
G1 X114.758 Y109.025 E.01877
;WIDTH:0.52641
G1 X114.266 Y109.19 E.01878
G1 X113.751 Y109.25 E.01878
;WIDTH:0.525541
G1 X113.233 Y109.202 E.01876
;WIDTH:0.523506
G1 X112.737 Y109.048 E.01869
;WIDTH:0.520549
G1 X112.285 Y108.793 E.01857
;WIDTH:0.523507
G1 X111.896 Y108.448 E.01868
;WIDTH:0.524062
G1 X111.59 Y108.028 E.0187
;WIDTH:0.526172
G1 X111.373 Y107.558 E.01874
G1 X111.259 Y107.052 E.01876
G1 X111.253 Y106.532 E.01878
;WIDTH:0.52467
G1 X111.354 Y106.023 E.01873
;WIDTH:0.522054
G1 X111.56 Y105.546 E.01864
G1 X111.862 Y105.123 E.01863
;WIDTH:0.524671
G1 X112.245 Y104.773 E.01872
;WIDTH:0.526122
G1 X112.692 Y104.509 E.01877
;WIDTH:0.526412
G1 X113.184 Y104.344 E.01878
;WIDTH:0.528393
G1 X113.7 Y104.285 E.01885
G1 X114.217 Y104.334 E.01887
;WIDTH:0.520462
G1 X114.722 Y104.495 E.01893
G1 E-.84 F2400
;WIPE_START
G1 F3600
G1 X114.763 Y104.508 E-.0156
G1 X115.207 Y104.771 E-.18556
G1 X115.531 Y105.07 E-.15884
;WIPE_END
G17
G3 Z1.2 I-.738 J-.968 P1  F9000
G1 X111.996 Y107.763 Z1.2
G1 Z.8
G1 E1.2 F1800
;WIDTH:0.526172
G1 F1200
G1 X111.821 Y107.379 E.01526
G1 X111.736 Y106.982 E.01469
G1 X111.731 Y106.571 E.01486
;WIDTH:0.52467
G1 X111.809 Y106.167 E.01485
;WIDTH:0.522054
G1 X112.001 Y105.738 E.01683
;WIDTH:0.518731
G1 X112.298 Y105.356 E.01723
;WIDTH:0.516452
G1 X112.677 Y105.056 E.01714
;WIDTH:0.515377
G1 X113.117 Y104.855 E.0171
;WIDTH:0.517771
G1 X113.551 Y104.771 E.01572
;WIDTH:0.518966
G1 X114.076 Y104.79 E.01868
;WIDTH:0.520307
G1 X114.539 Y104.93 E.01731
G1 X114.954 Y105.18 E.01729
;WIDTH:0.517445
G1 X115.297 Y105.52 E.01718
;WIDTH:0.515746
G1 X115.55 Y105.933 E.01711
G1 X115.697 Y106.394 E.01712
;WIDTH:0.524669
G1 X115.719 Y106.963 E.02054
G1 X115.642 Y107.367 E.01485
;WIDTH:0.522052
G1 X115.45 Y107.796 E.01683
;WIDTH:0.518731
G1 X115.153 Y108.178 E.01723
;WIDTH:0.51645
G1 X114.774 Y108.478 E.01714
;WIDTH:0.515376
G1 X114.334 Y108.679 E.0171
;WIDTH:0.516592
G1 X113.858 Y108.77 E.01715
;WIDTH:0.523506
G1 X113.325 Y108.732 E.01921
G1 X112.912 Y108.604 E.01559
;WIDTH:0.520308
G1 X112.497 Y108.354 E.01729
;WIDTH:0.517445
G1 X112.153 Y108.014 E.01718
;WIDTH:0.524062
G1 X112.013 Y107.799 E.00923
; stop printing object OrangePi-Spacer.stl id:29074711 copy 0
; printing object OrangePi-Spacer.stl id:0 copy 0
G1 E-.84 F2400
;WIPE_START
G1 F3600
G1 X111.821 Y107.379 E-.16626
G1 X111.736 Y106.982 E-.14627
G1 X111.734 Y106.85 E-.04747
;WIPE_END
G17
G3 Z1.2 I-1.199 J-.208 P1  F9000
G1 X111.019 Y110.973 Z1.2
G1 Z.8
G1 E1.2 F1800
;WIDTH:0.520462
G1 F1200
G1 X111.022 Y110.974 E.00012
G1 X111.466 Y111.237 E.01842
;WIDTH:0.523506
G1 X111.848 Y111.589 E.01869
;WIDTH:0.52554
G1 X112.148 Y112.013 E.01876
;WIDTH:0.526411
G1 X112.354 Y112.49 E.01878
G1 X112.457 Y112.999 E.01878
;WIDTH:0.526122
G1 X112.458 Y113.468 E.01696
;WIDTH:0.524669
G1 X112.356 Y113.977 E.01873
;WIDTH:0.522052
G1 X112.15 Y114.454 E.01864
G1 X111.848 Y114.877 E.01863
;WIDTH:0.524669
G1 X111.465 Y115.227 E.01872
;WIDTH:0.52612
G1 X111.018 Y115.491 E.01877
;WIDTH:0.52641
G1 X110.526 Y115.656 E.01878
G1 X110.01 Y115.716 E.01878
;WIDTH:0.525541
G1 X109.493 Y115.668 E.01876
;WIDTH:0.523506
G1 X108.997 Y115.514 E.01869
;WIDTH:0.520549
G1 X108.544 Y115.259 E.01857
;WIDTH:0.523507
G1 X108.156 Y114.914 E.01868
;WIDTH:0.524062
G1 X107.85 Y114.494 E.0187
;WIDTH:0.526172
G1 X107.632 Y114.024 E.01874
G1 X107.518 Y113.518 E.01876
G1 X107.512 Y112.998 E.01878
;WIDTH:0.52467
G1 X107.614 Y112.489 E.01873
;WIDTH:0.522054
G1 X107.82 Y112.012 E.01864
G1 X108.122 Y111.589 E.01863
;WIDTH:0.524671
G1 X108.505 Y111.239 E.01872
;WIDTH:0.526122
G1 X108.952 Y110.975 E.01877
;WIDTH:0.526412
G1 X109.444 Y110.81 E.01878
;WIDTH:0.528393
G1 X109.96 Y110.751 E.01885
G1 X110.477 Y110.8 E.01887
;WIDTH:0.520462
G1 X110.981 Y110.961 E.01893
G1 E-.84 F2400
;WIPE_START
G1 F3600
G1 X111.022 Y110.974 E-.0156
G1 X111.466 Y111.237 E-.18556
G1 X111.79 Y111.536 E-.15884
;WIPE_END
G17
G3 Z1.2 I-.738 J-.968 P1  F9000
G1 X108.256 Y114.229 Z1.2
G1 Z.8
G1 E1.2 F1800
;WIDTH:0.526172
G1 F1200
G1 X108.08 Y113.845 E.01526
G1 X107.995 Y113.448 E.01469
G1 X107.991 Y113.037 E.01486
;WIDTH:0.52467
G1 X108.069 Y112.633 E.01485
;WIDTH:0.522054
G1 X108.26 Y112.204 E.01683
;WIDTH:0.518731
G1 X108.557 Y111.822 E.01723
;WIDTH:0.516452
G1 X108.937 Y111.522 E.01714
;WIDTH:0.515377
G1 X109.377 Y111.321 E.0171
;WIDTH:0.517771
G1 X109.811 Y111.237 E.01572
;WIDTH:0.518966
G1 X110.335 Y111.256 E.01868
;WIDTH:0.520307
G1 X110.799 Y111.396 E.01731
G1 X111.214 Y111.646 E.01729
;WIDTH:0.517445
G1 X111.557 Y111.986 E.01718
;WIDTH:0.515746
G1 X111.809 Y112.399 E.01711
G1 X111.956 Y112.86 E.01712
;WIDTH:0.524669
G1 X111.979 Y113.429 E.02054
G1 X111.901 Y113.833 E.01485
;WIDTH:0.522052
G1 X111.709 Y114.262 E.01683
;WIDTH:0.518731
G1 X111.412 Y114.644 E.01723
;WIDTH:0.51645
G1 X111.033 Y114.944 E.01714
;WIDTH:0.515376
G1 X110.593 Y115.145 E.0171
;WIDTH:0.516592
G1 X110.118 Y115.235 E.01715
;WIDTH:0.523506
G1 X109.585 Y115.198 E.01921
G1 X109.171 Y115.07 E.01559
;WIDTH:0.520308
G1 X108.756 Y114.82 E.01729
;WIDTH:0.517445
G1 X108.413 Y114.48 E.01718
;WIDTH:0.524062
G1 X108.272 Y114.265 E.00923
; stop printing object OrangePi-Spacer.stl id:0 copy 0
; printing object OrangePi-Spacer.stl id:8761013144 copy 0
G1 E-.84 F2400
;WIPE_START
G1 F3600
G1 X108.08 Y113.845 E-.16626
G1 X107.995 Y113.448 E-.14627
G1 X107.994 Y113.316 E-.04747
;WIPE_END
G17
G3 Z1.2 I.567 J-1.077 P1  F9000
G1 X103.549 Y110.973 Z1.2
G1 Z.8
G1 E1.2 F1800
;WIDTH:0.520462
G1 F1200
G1 X103.553 Y110.974 E.00012
G1 X103.996 Y111.237 E.01842
;WIDTH:0.523506
G1 X104.378 Y111.589 E.01869
;WIDTH:0.52554
G1 X104.678 Y112.013 E.01876
;WIDTH:0.526411
G1 X104.884 Y112.49 E.01878
G1 X104.987 Y112.999 E.01878
;WIDTH:0.526122
G1 X104.988 Y113.468 E.01696
;WIDTH:0.524669
G1 X104.886 Y113.977 E.01873
;WIDTH:0.522052
G1 X104.68 Y114.454 E.01864
G1 X104.378 Y114.877 E.01863
;WIDTH:0.524669
G1 X103.995 Y115.227 E.01872
;WIDTH:0.52612
G1 X103.548 Y115.491 E.01877
;WIDTH:0.52641
G1 X103.056 Y115.656 E.01878
G1 X102.54 Y115.716 E.01878
;WIDTH:0.525541
G1 X102.023 Y115.668 E.01876
;WIDTH:0.523506
G1 X101.527 Y115.514 E.01869
;WIDTH:0.520549
G1 X101.074 Y115.259 E.01857
;WIDTH:0.523507
G1 X100.686 Y114.914 E.01868
;WIDTH:0.524062
G1 X100.38 Y114.494 E.0187
;WIDTH:0.526172
G1 X100.162 Y114.024 E.01874
G1 X100.048 Y113.518 E.01876
G1 X100.042 Y112.998 E.01878
;WIDTH:0.52467
G1 X100.144 Y112.489 E.01873
;WIDTH:0.522054
G1 X100.35 Y112.012 E.01864
G1 X100.652 Y111.589 E.01863
;WIDTH:0.524671
G1 X101.035 Y111.239 E.01872
;WIDTH:0.526122
G1 X101.482 Y110.975 E.01877
;WIDTH:0.526412
G1 X101.974 Y110.81 E.01878
;WIDTH:0.528393
G1 X102.49 Y110.751 E.01885
G1 X103.007 Y110.8 E.01887
;WIDTH:0.520462
G1 X103.511 Y110.961 E.01893
G1 E-.84 F2400
;WIPE_START
G1 F3600
G1 X103.553 Y110.974 E-.0156
G1 X103.996 Y111.237 E-.18556
G1 X104.32 Y111.536 E-.15884
;WIPE_END
G17
G3 Z1.2 I-.738 J-.968 P1  F9000
G1 X100.786 Y114.229 Z1.2
G1 Z.8
G1 E1.2 F1800
;WIDTH:0.526172
G1 F1200
G1 X100.611 Y113.845 E.01526
G1 X100.526 Y113.448 E.01469
G1 X100.521 Y113.037 E.01486
;WIDTH:0.52467
G1 X100.599 Y112.633 E.01485
;WIDTH:0.522054
G1 X100.791 Y112.204 E.01683
;WIDTH:0.518731
G1 X101.088 Y111.822 E.01723
;WIDTH:0.516452
G1 X101.467 Y111.522 E.01714
;WIDTH:0.515377
G1 X101.907 Y111.321 E.0171
;WIDTH:0.517771
G1 X102.341 Y111.237 E.01572
;WIDTH:0.518966
G1 X102.865 Y111.256 E.01868
;WIDTH:0.520307
G1 X103.329 Y111.396 E.01731
G1 X103.744 Y111.646 E.01729
;WIDTH:0.517445
G1 X104.087 Y111.986 E.01718
;WIDTH:0.515746
G1 X104.34 Y112.399 E.01711
G1 X104.487 Y112.86 E.01712
;WIDTH:0.524669
G1 X104.509 Y113.429 E.02054
G1 X104.431 Y113.833 E.01485
;WIDTH:0.522052
G1 X104.24 Y114.262 E.01683
;WIDTH:0.518731
G1 X103.943 Y114.644 E.01723
;WIDTH:0.51645
G1 X103.563 Y114.944 E.01714
;WIDTH:0.515376
G1 X103.123 Y115.145 E.0171
;WIDTH:0.516592
G1 X102.648 Y115.235 E.01715
;WIDTH:0.523506
G1 X102.115 Y115.198 E.01921
G1 X101.701 Y115.07 E.01559
;WIDTH:0.520308
G1 X101.286 Y114.82 E.01729
;WIDTH:0.517445
G1 X100.943 Y114.48 E.01718
;WIDTH:0.524062
G1 X100.802 Y114.265 E.00923
; stop printing object OrangePi-Spacer.stl id:8761013144 copy 0
G1 E-.84 F2400
;WIPE_START
G1 F3600
G1 X100.611 Y113.845 E-.16626
G1 X100.526 Y113.448 E-.14627
G1 X100.524 Y113.316 E-.04747
;WIPE_END
;LAYER_CHANGE
;Z:1
;HEIGHT:0.2
;BEFORE_LAYER_CHANGE
;1
G92 E0

;_SET_FAN_SPEED_CHANGING_LAYER
; printing object OrangePi-Spacer.stl id:8761013144 copy 0
G1 Z1.4 F9000
G1 X118.734 Y111.108
G1 Z1
G1 E1.2 F1800
;WIDTH:0.520623
G1 F1200
G1 X119.162 Y111.429 E.0191
;WIDTH:0.52467
G1 X119.494 Y111.809 E.0182
;WIDTH:0.52612
G1 X119.748 Y112.261 E.01878
;WIDTH:0.526411
G1 X119.904 Y112.757 E.01878
G1 X119.953 Y113.273 E.01878
;WIDTH:0.52554
G1 X119.895 Y113.789 E.01875
;WIDTH:0.523506
G1 X119.73 Y114.282 E.01868
;WIDTH:0.520549
G1 X119.466 Y114.729 E.01857
;WIDTH:0.523506
G1 X119.113 Y115.111 E.01869
;WIDTH:0.525541
G1 X118.69 Y115.411 E.01876
;WIDTH:0.526411
G1 X118.213 Y115.617 E.01878
;WIDTH:0.529255
G1 X117.704 Y115.718 E.01889
G1 X117.185 Y115.715 E.01888
;WIDTH:0.524669
G1 X116.678 Y115.604 E.01872
;WIDTH:0.522053
G1 X116.205 Y115.388 E.01863
;WIDTH:0.520626
G1 X115.778 Y115.067 E.0191
;WIDTH:0.524671
G1 X115.446 Y114.687 E.0182
;WIDTH:0.526122
G1 X115.191 Y114.235 E.01878
;WIDTH:0.526412
G1 X115.036 Y113.739 E.01878
G1 X114.987 Y113.223 E.01878
;WIDTH:0.525542
G1 X115.045 Y112.707 E.01875
;WIDTH:0.523508
G1 X115.209 Y112.214 E.01868
;WIDTH:0.520549
G1 X115.474 Y111.767 E.01857
;WIDTH:0.523509
G1 X115.826 Y111.385 E.01869
;WIDTH:0.525543
G1 X116.25 Y111.085 E.01876
;WIDTH:0.526412
G1 X116.727 Y110.879 E.01878
G1 X117.235 Y110.776 E.01878
;WIDTH:0.528678
G1 X117.755 Y110.783 E.01887
G1 X118.262 Y110.892 E.01886
;WIDTH:0.522053
G1 X118.698 Y111.091 E.01719
G1 X117.094 Y111.277 F9000
;WIDTH:0.515747
G1 F1200
G1 X117.096 Y111.277 E.0001
;WIDTH:0.518711
G1 X117.526 Y111.246 E.01534
;WIDTH:0.520599
G1 X118.056 Y111.327 E.01917
G1 X118.499 Y111.524 E.01731
;WIDTH:0.51873
G1 X118.881 Y111.821 E.01723
;WIDTH:0.51645
G1 X119.181 Y112.2 E.01714
;WIDTH:0.515376
G1 X119.382 Y112.64 E.0171
;WIDTH:0.516592
G1 X119.472 Y113.115 E.01715
;WIDTH:0.523506
G1 X119.435 Y113.648 E.01921
G1 X119.306 Y114.062 E.01559
;WIDTH:0.520307
G1 X119.057 Y114.477 E.01729
;WIDTH:0.517445
G1 X118.717 Y114.82 E.01718
;WIDTH:0.515745
G1 X118.304 Y115.073 E.01711
;WIDTH:0.51786
G1 X117.894 Y115.205 E.0153
G1 X117.361 Y115.253 E.01904
;WIDTH:0.522053
G1 X116.87 Y115.164 E.01789
G1 X116.441 Y114.972 E.01683
;WIDTH:0.518731
G1 X116.059 Y114.675 E.01723
;WIDTH:0.516451
G1 X115.759 Y114.296 E.01714
;WIDTH:0.515377
G1 X115.558 Y113.856 E.0171
;WIDTH:0.516592
G1 X115.467 Y113.381 E.01715
;WIDTH:0.523508
G1 X115.505 Y112.848 E.01921
G1 X115.633 Y112.434 E.01559
;WIDTH:0.520309
G1 X115.882 Y112.019 E.01729
;WIDTH:0.517446
G1 X116.223 Y111.676 E.01718
;WIDTH:0.515747
G1 X116.636 Y111.423 E.01711
G1 X117.056 Y111.289 E.0156
; stop printing object OrangePi-Spacer.stl id:8761013144 copy 0
; printing object OrangePi-Spacer.stl id:29074711 copy 0
G1 E-.84 F2400
;WIPE_START
G1 F3600
G1 X117.096 Y111.277 E-.01538
G1 X117.526 Y111.246 E-.15505
G1 X118.047 Y111.325 E-.18956
;WIPE_END
G17
G3 Z1.4 I1.096 J-.529 P1  F9000
G1 X114.759 Y104.506 Z1.4
G1 Z1
G1 E1.2 F1800
;WIDTH:0.520548
G1 F1200
G1 X115.207 Y104.771 E.01857
;WIDTH:0.523508
G1 X115.588 Y105.123 E.01869
;WIDTH:0.525541
G1 X115.888 Y105.547 E.01876
;WIDTH:0.526412
G1 X116.094 Y106.024 E.01878
G1 X116.197 Y106.533 E.01878
;WIDTH:0.526122
G1 X116.193 Y107.052 E.01877
;WIDTH:0.524669
G1 X116.081 Y107.559 E.01872
;WIDTH:0.522052
G1 X115.866 Y108.032 E.01863
;WIDTH:0.520623
G1 X115.545 Y108.459 E.0191
;WIDTH:0.524669
G1 X115.165 Y108.791 E.0182
;WIDTH:0.52612
G1 X114.712 Y109.045 E.01878
;WIDTH:0.52641
G1 X114.217 Y109.201 E.01878
G1 X113.7 Y109.25 E.01878
;WIDTH:0.525541
G1 X113.184 Y109.192 E.01875
;WIDTH:0.523505
G1 X112.692 Y109.028 E.01868
;WIDTH:0.520549
G1 X112.244 Y108.763 E.01857
;WIDTH:0.523507
G1 X111.862 Y108.411 E.01869
;WIDTH:0.525542
G1 X111.562 Y107.987 E.01876
;WIDTH:0.526412
G1 X111.356 Y107.51 E.01878
G1 X111.254 Y107.001 E.01878
;WIDTH:0.526123
G1 X111.258 Y106.482 E.01877
;WIDTH:0.52467
G1 X111.37 Y105.975 E.01872
;WIDTH:0.522054
G1 X111.585 Y105.502 E.01863
;WIDTH:0.520625
G1 X111.906 Y105.075 E.0191
;WIDTH:0.524671
G1 X112.286 Y104.743 E.0182
;WIDTH:0.526122
G1 X112.739 Y104.489 E.01878
;WIDTH:0.526412
G1 X113.234 Y104.333 E.01878
;WIDTH:0.529112
G1 X113.751 Y104.286 E.01889
G1 X114.266 Y104.342 E.01887
;WIDTH:0.523507
G1 X114.721 Y104.494 E.01724
G1 E-.84 F2400
;WIPE_START
G1 F3600
G1 X115.207 Y104.771 E-.20118
G1 X115.531 Y105.07 E-.15882
;WIPE_END
G17
G3 Z1.4 I-.737 J-.968 P1  F9000
G1 X111.99 Y107.764 Z1.4
G1 Z1
G1 E1.2 F1800
;WIDTH:0.525542
G1 F1200
G1 X111.987 Y107.76 E.00021
;WIDTH:0.526412
G1 X111.822 Y107.383 E.01486
G1 X111.736 Y106.982 E.01485
;WIDTH:0.526123
G1 X111.731 Y106.571 E.01486
;WIDTH:0.52467
G1 X111.809 Y106.167 E.01485
;WIDTH:0.522054
G1 X112.001 Y105.738 E.01683
;WIDTH:0.518732
G1 X112.298 Y105.356 E.01723
;WIDTH:0.516453
G1 X112.677 Y105.056 E.01714
;WIDTH:0.515377
G1 X113.117 Y104.855 E.0171
;WIDTH:0.51814
G1 X113.54 Y104.773 E.01531
;WIDTH:0.518961
G1 X114.076 Y104.79 E.01909
;WIDTH:0.520307
G1 X114.539 Y104.93 E.01731
G1 X114.954 Y105.18 E.01729
;WIDTH:0.517445
G1 X115.297 Y105.52 E.01718
;WIDTH:0.515746
G1 X115.55 Y105.933 E.01711
G1 X115.697 Y106.394 E.01712
;WIDTH:0.524669
G1 X115.719 Y106.963 E.02054
G1 X115.642 Y107.367 E.01485
;WIDTH:0.522052
G1 X115.45 Y107.796 E.01683
;WIDTH:0.51873
G1 X115.153 Y108.178 E.01723
;WIDTH:0.516451
G1 X114.774 Y108.478 E.01714
;WIDTH:0.515376
G1 X114.334 Y108.679 E.0171
;WIDTH:0.516592
G1 X113.858 Y108.77 E.01715
;WIDTH:0.523505
G1 X113.325 Y108.732 E.01921
G1 X112.912 Y108.604 E.01559
;WIDTH:0.520308
G1 X112.497 Y108.354 E.01729
;WIDTH:0.517446
G1 X112.153 Y108.014 E.01718
;WIDTH:0.525542
G1 X112.012 Y107.798 E.00932
; stop printing object OrangePi-Spacer.stl id:29074711 copy 0
; printing object OrangePi-Spacer.stl id:0 copy 0
G1 E-.84 F2400
;WIPE_START
G1 F3600
G1 X111.987 Y107.76 E-.01648
G1 X111.822 Y107.383 E-.14784
G1 X111.736 Y106.982 E-.14779
G1 X111.734 Y106.849 E-.04789
;WIPE_END
G17
G3 Z1.4 I-1.199 J-.208 P1  F9000
G1 X111.019 Y110.972 Z1.4
G1 Z1
G1 E1.2 F1800
;WIDTH:0.520548
G1 F1200
G1 X111.466 Y111.237 E.01857
;WIDTH:0.523508
G1 X111.848 Y111.589 E.01869
;WIDTH:0.525541
G1 X112.148 Y112.013 E.01876
;WIDTH:0.526412
G1 X112.354 Y112.49 E.01878
G1 X112.457 Y112.999 E.01878
;WIDTH:0.526122
G1 X112.452 Y113.518 E.01877
;WIDTH:0.524669
G1 X112.34 Y114.025 E.01872
;WIDTH:0.522052
G1 X112.125 Y114.498 E.01863
;WIDTH:0.520623
G1 X111.804 Y114.925 E.0191
;WIDTH:0.524669
G1 X111.424 Y115.257 E.0182
;WIDTH:0.52612
G1 X110.972 Y115.511 E.01878
;WIDTH:0.52641
G1 X110.476 Y115.667 E.01878
G1 X109.96 Y115.716 E.01878
;WIDTH:0.525541
G1 X109.444 Y115.658 E.01875
;WIDTH:0.523505
G1 X108.951 Y115.494 E.01868
;WIDTH:0.520549
G1 X108.504 Y115.229 E.01857
;WIDTH:0.523507
G1 X108.122 Y114.877 E.01869
;WIDTH:0.525542
G1 X107.822 Y114.453 E.01876
;WIDTH:0.526412
G1 X107.616 Y113.976 E.01878
G1 X107.513 Y113.467 E.01878
;WIDTH:0.526123
G1 X107.518 Y112.948 E.01877
;WIDTH:0.52467
G1 X107.629 Y112.441 E.01872
;WIDTH:0.522054
G1 X107.845 Y111.968 E.01863
;WIDTH:0.520625
G1 X108.166 Y111.541 E.0191
;WIDTH:0.524671
G1 X108.545 Y111.209 E.0182
;WIDTH:0.526122
G1 X108.998 Y110.955 E.01878
;WIDTH:0.526412
G1 X109.493 Y110.799 E.01878
;WIDTH:0.529112
G1 X110.01 Y110.752 E.01889
G1 X110.526 Y110.808 E.01887
;WIDTH:0.523507
G1 X110.981 Y110.96 E.01724
G1 E-.84 F2400
;WIPE_START
G1 F3600
G1 X111.466 Y111.237 E-.20118
G1 X111.79 Y111.536 E-.15882
;WIPE_END
G17
G3 Z1.4 I-.737 J-.968 P1  F9000
G1 X108.249 Y114.23 Z1.4
G1 Z1
G1 E1.2 F1800
;WIDTH:0.525542
G1 F1200
G1 X108.246 Y114.226 E.00021
;WIDTH:0.526412
G1 X108.082 Y113.849 E.01486
G1 X107.995 Y113.448 E.01485
;WIDTH:0.526123
G1 X107.991 Y113.037 E.01486
;WIDTH:0.52467
G1 X108.069 Y112.633 E.01485
;WIDTH:0.522054
G1 X108.26 Y112.204 E.01683
;WIDTH:0.518732
G1 X108.557 Y111.822 E.01723
;WIDTH:0.516453
G1 X108.937 Y111.522 E.01714
;WIDTH:0.515377
G1 X109.377 Y111.321 E.0171
;WIDTH:0.51814
G1 X109.799 Y111.239 E.01531
;WIDTH:0.518961
G1 X110.335 Y111.256 E.01909
;WIDTH:0.520307
G1 X110.799 Y111.396 E.01731
G1 X111.214 Y111.646 E.01729
;WIDTH:0.517445
G1 X111.557 Y111.986 E.01718
;WIDTH:0.515746
G1 X111.809 Y112.399 E.01711
G1 X111.956 Y112.86 E.01712
;WIDTH:0.524669
G1 X111.979 Y113.429 E.02054
G1 X111.901 Y113.833 E.01485
;WIDTH:0.522052
G1 X111.709 Y114.262 E.01683
;WIDTH:0.51873
G1 X111.412 Y114.644 E.01723
;WIDTH:0.516451
G1 X111.033 Y114.944 E.01714
;WIDTH:0.515376
G1 X110.593 Y115.145 E.0171
;WIDTH:0.516592
G1 X110.118 Y115.235 E.01715
;WIDTH:0.523505
G1 X109.585 Y115.198 E.01921
G1 X109.171 Y115.07 E.01559
;WIDTH:0.520308
G1 X108.756 Y114.82 E.01729
;WIDTH:0.517446
G1 X108.413 Y114.48 E.01718
;WIDTH:0.525542
G1 X108.271 Y114.264 E.00932
; stop printing object OrangePi-Spacer.stl id:0 copy 0
; printing object OrangePi-Spacer.stl id:8761013144 copy 0
G1 E-.84 F2400
;WIPE_START
G1 F3600
G1 X108.246 Y114.226 E-.01648
G1 X108.082 Y113.849 E-.14784
G1 X107.995 Y113.448 E-.14779
G1 X107.994 Y113.315 E-.04789
;WIPE_END
G17
G3 Z1.4 I.567 J-1.077 P1  F9000
G1 X103.549 Y110.972 Z1.4
G1 Z1
G1 E1.2 F1800
;WIDTH:0.520548
G1 F1200
G1 X103.996 Y111.237 E.01857
;WIDTH:0.523508
G1 X104.378 Y111.589 E.01869
;WIDTH:0.525541
G1 X104.678 Y112.013 E.01876
;WIDTH:0.526412
G1 X104.884 Y112.49 E.01878
G1 X104.987 Y112.999 E.01878
;WIDTH:0.526122
G1 X104.982 Y113.518 E.01877
;WIDTH:0.524669
G1 X104.871 Y114.025 E.01872
;WIDTH:0.522052
G1 X104.655 Y114.498 E.01863
;WIDTH:0.520623
G1 X104.334 Y114.925 E.0191
;WIDTH:0.524669
G1 X103.955 Y115.257 E.0182
;WIDTH:0.52612
G1 X103.502 Y115.511 E.01878
;WIDTH:0.52641
G1 X103.007 Y115.667 E.01878
G1 X102.49 Y115.716 E.01878
;WIDTH:0.525541
G1 X101.974 Y115.658 E.01875
;WIDTH:0.523505
G1 X101.481 Y115.494 E.01868
;WIDTH:0.520549
G1 X101.034 Y115.229 E.01857
;WIDTH:0.523507
G1 X100.652 Y114.877 E.01869
;WIDTH:0.525542
G1 X100.352 Y114.453 E.01876
;WIDTH:0.526412
G1 X100.146 Y113.976 E.01878
G1 X100.043 Y113.467 E.01878
;WIDTH:0.526123
G1 X100.048 Y112.948 E.01877
;WIDTH:0.52467
G1 X100.16 Y112.441 E.01872
;WIDTH:0.522054
G1 X100.375 Y111.968 E.01863
;WIDTH:0.520625
G1 X100.696 Y111.541 E.0191
;WIDTH:0.524671
G1 X101.076 Y111.209 E.0182
;WIDTH:0.526122
G1 X101.528 Y110.955 E.01878
;WIDTH:0.526412
G1 X102.024 Y110.799 E.01878
;WIDTH:0.529112
G1 X102.54 Y110.752 E.01889
G1 X103.056 Y110.808 E.01887
;WIDTH:0.523507
G1 X103.511 Y110.96 E.01724
G1 E-.84 F2400
;WIPE_START
G1 F3600
G1 X103.996 Y111.237 E-.20118
G1 X104.32 Y111.536 E-.15882
;WIPE_END
G17
G3 Z1.4 I-.737 J-.968 P1  F9000
G1 X100.78 Y114.23 Z1.4
G1 Z1
G1 E1.2 F1800
;WIDTH:0.525542
G1 F1200
G1 X100.776 Y114.226 E.00021
;WIDTH:0.526412
G1 X100.612 Y113.849 E.01486
G1 X100.526 Y113.448 E.01485
;WIDTH:0.526123
G1 X100.521 Y113.037 E.01486
;WIDTH:0.52467
G1 X100.599 Y112.633 E.01485
;WIDTH:0.522054
G1 X100.791 Y112.204 E.01683
;WIDTH:0.518732
G1 X101.088 Y111.822 E.01723
;WIDTH:0.516453
G1 X101.467 Y111.522 E.01714
;WIDTH:0.515377
G1 X101.907 Y111.321 E.0171
;WIDTH:0.51814
G1 X102.33 Y111.239 E.01531
;WIDTH:0.518961
G1 X102.865 Y111.256 E.01909
;WIDTH:0.520307
G1 X103.329 Y111.396 E.01731
G1 X103.744 Y111.646 E.01729
;WIDTH:0.517445
G1 X104.087 Y111.986 E.01718
;WIDTH:0.515746
G1 X104.34 Y112.399 E.01711
G1 X104.487 Y112.86 E.01712
;WIDTH:0.524669
G1 X104.509 Y113.429 E.02054
G1 X104.431 Y113.833 E.01485
;WIDTH:0.522052
G1 X104.24 Y114.262 E.01683
;WIDTH:0.51873
G1 X103.943 Y114.644 E.01723
;WIDTH:0.516451
G1 X103.563 Y114.944 E.01714
;WIDTH:0.515376
G1 X103.123 Y115.145 E.0171
;WIDTH:0.516592
G1 X102.648 Y115.235 E.01715
;WIDTH:0.523505
G1 X102.115 Y115.198 E.01921
G1 X101.701 Y115.07 E.01559
;WIDTH:0.520308
G1 X101.286 Y114.82 E.01729
;WIDTH:0.517446
G1 X100.943 Y114.48 E.01718
;WIDTH:0.525542
G1 X100.801 Y114.264 E.00932
; stop printing object OrangePi-Spacer.stl id:8761013144 copy 0
G1 E-.84 F2400
;WIPE_START
G1 F3600
G1 X100.776 Y114.226 E-.01648
G1 X100.612 Y113.849 E-.14784
G1 X100.526 Y113.448 E-.14779
G1 X100.524 Y113.315 E-.04789
;WIPE_END
;LAYER_CHANGE
;Z:1.2
;HEIGHT:0.2
;BEFORE_LAYER_CHANGE
;1.2
G92 E0

;_SET_FAN_SPEED_CHANGING_LAYER
; printing object OrangePi-Spacer.stl id:8761013144 copy 0
G1 Z1.6 F9000
G1 X118.734 Y111.108
G1 Z1.2
G1 E1.2 F1800
;WIDTH:0.520624
G1 F1200
G1 X119.162 Y111.429 E.0191
;WIDTH:0.52467
G1 X119.494 Y111.809 E.0182
;WIDTH:0.52612
G1 X119.748 Y112.261 E.01878
;WIDTH:0.526411
G1 X119.904 Y112.757 E.01878
G1 X119.953 Y113.273 E.01878
;WIDTH:0.52554
G1 X119.895 Y113.789 E.01875
;WIDTH:0.523506
G1 X119.73 Y114.282 E.01868
;WIDTH:0.520549
G1 X119.466 Y114.729 E.01857
;WIDTH:0.523557
G1 X119.113 Y115.111 E.01869
;WIDTH:0.527269
G1 X118.689 Y115.41 E.01883
G1 X118.213 Y115.617 E.01881
;WIDTH:0.526411
G1 X117.704 Y115.72 E.01878
;WIDTH:0.526121
G1 X117.185 Y115.715 E.01877
;WIDTH:0.524669
G1 X116.678 Y115.604 E.01872
;WIDTH:0.522053
G1 X116.205 Y115.388 E.01863
;WIDTH:0.520626
G1 X115.778 Y115.067 E.0191
;WIDTH:0.524671
G1 X115.446 Y114.687 E.0182
;WIDTH:0.526122
G1 X115.191 Y114.235 E.01878
;WIDTH:0.526412
G1 X115.036 Y113.739 E.01878
G1 X114.987 Y113.223 E.01878
;WIDTH:0.525542
G1 X115.045 Y112.707 E.01875
;WIDTH:0.523508
G1 X115.209 Y112.214 E.01868
;WIDTH:0.520549
G1 X115.474 Y111.767 E.01857
;WIDTH:0.523508
G1 X115.826 Y111.385 E.01869
;WIDTH:0.525542
G1 X116.25 Y111.085 E.01876
;WIDTH:0.526412
G1 X116.727 Y110.879 E.01878
G1 X117.235 Y110.776 E.01878
;WIDTH:0.526122
G1 X117.755 Y110.781 E.01877
;WIDTH:0.524667
G1 X118.262 Y110.892 E.01872
;WIDTH:0.522053
G1 X118.698 Y111.091 E.01719
G1 X117.094 Y111.277 F9000
;WIDTH:0.515747
G1 F1200
G1 X117.096 Y111.277 E.00008
;WIDTH:0.524667
G1 X117.666 Y111.254 E.02054
G1 X118.07 Y111.332 E.01485
;WIDTH:0.522053
G1 X118.499 Y111.524 E.01683
;WIDTH:0.51873
G1 X118.881 Y111.821 E.01723
;WIDTH:0.51645
G1 X119.181 Y112.2 E.01714
;WIDTH:0.515376
G1 X119.382 Y112.64 E.0171
;WIDTH:0.516592
G1 X119.472 Y113.115 E.01715
;WIDTH:0.523506
G1 X119.435 Y113.648 E.01921
G1 X119.306 Y114.062 E.01559
;WIDTH:0.520307
G1 X119.057 Y114.477 E.01729
;WIDTH:0.520742
G1 X118.766 Y114.775 E.0149
G1 X118.325 Y115.064 E.01885
;WIDTH:0.515838
G1 X117.843 Y115.22 E.01792
;WIDTH:0.524669
G1 X117.274 Y115.242 E.02054
G1 X116.87 Y115.164 E.01485
;WIDTH:0.522053
G1 X116.441 Y114.972 E.01683
;WIDTH:0.518731
G1 X116.059 Y114.675 E.01723
;WIDTH:0.516451
G1 X115.759 Y114.296 E.01714
;WIDTH:0.515377
G1 X115.558 Y113.856 E.0171
;WIDTH:0.516593
G1 X115.467 Y113.381 E.01715
;WIDTH:0.523508
G1 X115.505 Y112.848 E.01921
G1 X115.633 Y112.434 E.01559
;WIDTH:0.520309
G1 X115.882 Y112.019 E.01729
;WIDTH:0.517446
G1 X116.223 Y111.676 E.01718
;WIDTH:0.515747
G1 X116.636 Y111.423 E.01711
G1 X117.056 Y111.289 E.01562
; stop printing object OrangePi-Spacer.stl id:8761013144 copy 0
; printing object OrangePi-Spacer.stl id:29074711 copy 0
G1 E-.84 F2400
;WIPE_START
G1 F3600
G1 X117.096 Y111.277 E-.01526
G1 X117.666 Y111.254 E-.20512
G1 X118.047 Y111.327 E-.13962
;WIPE_END
G17
G3 Z1.6 I1.096 J-.528 P1  F9000
G1 X114.759 Y104.506 Z1.6
G1 Z1.2
G1 E1.2 F1800
;WIDTH:0.520548
G1 F1200
G1 X115.207 Y104.771 E.01857
;WIDTH:0.523506
G1 X115.588 Y105.123 E.01869
;WIDTH:0.52554
G1 X115.888 Y105.547 E.01876
;WIDTH:0.526411
G1 X116.094 Y106.024 E.01878
G1 X116.197 Y106.533 E.01878
;WIDTH:0.526122
G1 X116.193 Y107.052 E.01877
;WIDTH:0.524669
G1 X116.081 Y107.559 E.01872
;WIDTH:0.522052
G1 X115.866 Y108.032 E.01863
;WIDTH:0.520624
G1 X115.545 Y108.459 E.0191
;WIDTH:0.524669
G1 X115.165 Y108.791 E.0182
;WIDTH:0.52612
G1 X114.712 Y109.045 E.01878
;WIDTH:0.52641
G1 X114.217 Y109.201 E.01878
G1 X113.7 Y109.25 E.01878
;WIDTH:0.525541
G1 X113.184 Y109.192 E.01875
;WIDTH:0.523506
G1 X112.692 Y109.028 E.01868
;WIDTH:0.520549
G1 X112.244 Y108.763 E.01857
;WIDTH:0.523509
G1 X111.862 Y108.411 E.01869
;WIDTH:0.525542
G1 X111.562 Y107.987 E.01876
;WIDTH:0.526412
G1 X111.356 Y107.51 E.01878
G1 X111.254 Y107.001 E.01878
;WIDTH:0.526123
G1 X111.258 Y106.482 E.01877
;WIDTH:0.528087
G1 X111.373 Y105.976 E.01885
G1 X111.585 Y105.502 E.01884
;WIDTH:0.520625
G1 X111.906 Y105.075 E.0191
;WIDTH:0.524671
G1 X112.286 Y104.743 E.0182
;WIDTH:0.526122
G1 X112.739 Y104.489 E.01878
;WIDTH:0.526412
G1 X113.234 Y104.333 E.01878
G1 X113.751 Y104.284 E.01878
;WIDTH:0.52554
G1 X114.266 Y104.342 E.01875
;WIDTH:0.523507
G1 X114.721 Y104.494 E.01724
G1 E-.84 F2400
;WIPE_START
G1 F3600
G1 X115.207 Y104.771 E-.20118
G1 X115.531 Y105.07 E-.15882
;WIPE_END
G17
G3 Z1.6 I-.737 J-.969 P1  F9000
G1 X111.99 Y107.764 Z1.6
G1 Z1.2
G1 E1.2 F1800
;WIDTH:0.525542
G1 F1200
G1 X111.987 Y107.76 E.0002
;WIDTH:0.526412
G1 X111.822 Y107.383 E.01486
G1 X111.736 Y106.982 E.01485
;WIDTH:0.526123
G1 X111.731 Y106.571 E.01486
;WIDTH:0.528087
G1 X111.82 Y106.163 E.01516
G1 X112.001 Y105.738 E.01676
;WIDTH:0.518732
G1 X112.298 Y105.356 E.01723
;WIDTH:0.516453
G1 X112.677 Y105.056 E.01714
;WIDTH:0.515378
G1 X113.117 Y104.855 E.0171
;WIDTH:0.516593
G1 X113.592 Y104.765 E.01715
;WIDTH:0.523507
G1 X114.125 Y104.802 E.01921
G1 X114.539 Y104.93 E.01559
;WIDTH:0.520307
G1 X114.954 Y105.18 E.01729
;WIDTH:0.517445
G1 X115.297 Y105.52 E.01718
;WIDTH:0.515746
G1 X115.55 Y105.933 E.01711
G1 X115.697 Y106.394 E.01712
;WIDTH:0.524669
G1 X115.719 Y106.963 E.02054
G1 X115.642 Y107.367 E.01485
;WIDTH:0.522052
G1 X115.45 Y107.796 E.01683
;WIDTH:0.51873
G1 X115.153 Y108.178 E.01723
;WIDTH:0.516451
G1 X114.774 Y108.478 E.01714
;WIDTH:0.515376
G1 X114.334 Y108.679 E.0171
;WIDTH:0.516592
G1 X113.858 Y108.77 E.01715
;WIDTH:0.523506
G1 X113.325 Y108.732 E.01921
G1 X112.912 Y108.604 E.01559
;WIDTH:0.520308
G1 X112.497 Y108.354 E.01729
;WIDTH:0.517446
G1 X112.153 Y108.014 E.01718
;WIDTH:0.525542
G1 X112.012 Y107.798 E.00934
; stop printing object OrangePi-Spacer.stl id:29074711 copy 0
; printing object OrangePi-Spacer.stl id:0 copy 0
G1 E-.84 F2400
;WIPE_START
G1 F3600
G1 X111.987 Y107.76 E-.01635
G1 X111.822 Y107.383 E-.14784
G1 X111.736 Y106.982 E-.14779
G1 X111.734 Y106.849 E-.04801
;WIPE_END
G17
G3 Z1.6 I-1.199 J-.208 P1  F9000
G1 X111.019 Y110.972 Z1.6
G1 Z1.2
G1 E1.2 F1800
;WIDTH:0.520548
G1 F1200
G1 X111.466 Y111.237 E.01857
;WIDTH:0.523506
G1 X111.848 Y111.589 E.01869
;WIDTH:0.52554
G1 X112.148 Y112.013 E.01876
;WIDTH:0.526411
G1 X112.354 Y112.49 E.01878
G1 X112.457 Y112.999 E.01878
;WIDTH:0.526122
G1 X112.452 Y113.518 E.01877
;WIDTH:0.524669
G1 X112.34 Y114.025 E.01872
;WIDTH:0.522052
G1 X112.125 Y114.498 E.01863
;WIDTH:0.520624
G1 X111.804 Y114.925 E.0191
;WIDTH:0.524669
G1 X111.424 Y115.257 E.0182
;WIDTH:0.52612
G1 X110.972 Y115.511 E.01878
;WIDTH:0.52641
G1 X110.476 Y115.667 E.01878
G1 X109.96 Y115.716 E.01878
;WIDTH:0.525541
G1 X109.444 Y115.658 E.01875
;WIDTH:0.523506
G1 X108.951 Y115.494 E.01868
;WIDTH:0.520549
G1 X108.504 Y115.229 E.01857
;WIDTH:0.523509
G1 X108.122 Y114.877 E.01869
;WIDTH:0.525542
G1 X107.822 Y114.453 E.01876
;WIDTH:0.526412
G1 X107.616 Y113.976 E.01878
G1 X107.513 Y113.467 E.01878
;WIDTH:0.526123
G1 X107.518 Y112.948 E.01877
;WIDTH:0.528087
G1 X107.632 Y112.442 E.01885
G1 X107.845 Y111.968 E.01884
;WIDTH:0.520625
G1 X108.166 Y111.541 E.0191
;WIDTH:0.524671
G1 X108.545 Y111.209 E.0182
;WIDTH:0.526122
G1 X108.998 Y110.955 E.01878
;WIDTH:0.526412
G1 X109.493 Y110.799 E.01878
G1 X110.01 Y110.75 E.01878
;WIDTH:0.52554
G1 X110.526 Y110.808 E.01875
;WIDTH:0.523507
G1 X110.981 Y110.96 E.01724
G1 E-.84 F2400
;WIPE_START
G1 F3600
G1 X111.466 Y111.237 E-.20118
G1 X111.79 Y111.536 E-.15882
;WIPE_END
G17
G3 Z1.6 I-.737 J-.969 P1  F9000
G1 X108.249 Y114.23 Z1.6
G1 Z1.2
G1 E1.2 F1800
;WIDTH:0.525542
G1 F1200
G1 X108.246 Y114.226 E.0002
;WIDTH:0.526412
G1 X108.082 Y113.849 E.01486
G1 X107.995 Y113.448 E.01485
;WIDTH:0.526123
G1 X107.991 Y113.037 E.01486
;WIDTH:0.528087
G1 X108.08 Y112.629 E.01516
G1 X108.26 Y112.204 E.01676
;WIDTH:0.518732
G1 X108.557 Y111.822 E.01723
;WIDTH:0.516453
G1 X108.937 Y111.522 E.01714
;WIDTH:0.515378
G1 X109.377 Y111.321 E.0171
;WIDTH:0.516593
G1 X109.852 Y111.23 E.01715
;WIDTH:0.523507
G1 X110.385 Y111.268 E.01921
G1 X110.799 Y111.396 E.01559
;WIDTH:0.520307
G1 X111.214 Y111.646 E.01729
;WIDTH:0.517445
G1 X111.557 Y111.986 E.01718
;WIDTH:0.515746
G1 X111.809 Y112.399 E.01711
G1 X111.956 Y112.86 E.01712
;WIDTH:0.524669
G1 X111.979 Y113.429 E.02054
G1 X111.901 Y113.833 E.01485
;WIDTH:0.522052
G1 X111.709 Y114.262 E.01683
;WIDTH:0.51873
G1 X111.412 Y114.644 E.01723
;WIDTH:0.516451
G1 X111.033 Y114.944 E.01714
;WIDTH:0.515376
G1 X110.593 Y115.145 E.0171
;WIDTH:0.516592
G1 X110.118 Y115.235 E.01715
;WIDTH:0.523506
G1 X109.585 Y115.198 E.01921
G1 X109.171 Y115.07 E.01559
;WIDTH:0.520308
G1 X108.756 Y114.82 E.01729
;WIDTH:0.517446
G1 X108.413 Y114.48 E.01718
;WIDTH:0.525542
G1 X108.271 Y114.264 E.00934
; stop printing object OrangePi-Spacer.stl id:0 copy 0
; printing object OrangePi-Spacer.stl id:8761013144 copy 0
G1 E-.84 F2400
;WIPE_START
G1 F3600
G1 X108.246 Y114.226 E-.01635
G1 X108.082 Y113.849 E-.14784
G1 X107.995 Y113.448 E-.14779
G1 X107.994 Y113.315 E-.04801
;WIPE_END
G17
G3 Z1.6 I.567 J-1.077 P1  F9000
G1 X103.549 Y110.972 Z1.6
G1 Z1.2
G1 E1.2 F1800
;WIDTH:0.520548
G1 F1200
G1 X103.996 Y111.237 E.01857
;WIDTH:0.523506
G1 X104.378 Y111.589 E.01869
;WIDTH:0.52554
G1 X104.678 Y112.013 E.01876
;WIDTH:0.526411
G1 X104.884 Y112.49 E.01878
G1 X104.987 Y112.999 E.01878
;WIDTH:0.526122
G1 X104.982 Y113.518 E.01877
;WIDTH:0.524669
G1 X104.871 Y114.025 E.01872
;WIDTH:0.522052
G1 X104.655 Y114.498 E.01863
;WIDTH:0.520624
G1 X104.334 Y114.925 E.0191
;WIDTH:0.524669
G1 X103.955 Y115.257 E.0182
;WIDTH:0.52612
G1 X103.502 Y115.511 E.01878
;WIDTH:0.52641
G1 X103.007 Y115.667 E.01878
G1 X102.49 Y115.716 E.01878
;WIDTH:0.525541
G1 X101.974 Y115.658 E.01875
;WIDTH:0.523506
G1 X101.481 Y115.494 E.01868
;WIDTH:0.520549
G1 X101.034 Y115.229 E.01857
;WIDTH:0.523509
G1 X100.652 Y114.877 E.01869
;WIDTH:0.525542
G1 X100.352 Y114.453 E.01876
;WIDTH:0.526412
G1 X100.146 Y113.976 E.01878
G1 X100.043 Y113.467 E.01878
;WIDTH:0.526123
G1 X100.048 Y112.948 E.01877
;WIDTH:0.528087
G1 X100.163 Y112.442 E.01885
G1 X100.375 Y111.968 E.01884
;WIDTH:0.520625
G1 X100.696 Y111.541 E.0191
;WIDTH:0.524671
G1 X101.076 Y111.209 E.0182
;WIDTH:0.526122
G1 X101.528 Y110.955 E.01878
;WIDTH:0.526412
G1 X102.024 Y110.799 E.01878
G1 X102.54 Y110.75 E.01878
;WIDTH:0.52554
G1 X103.056 Y110.808 E.01875
;WIDTH:0.523507
G1 X103.511 Y110.96 E.01724
G1 E-.84 F2400
;WIPE_START
G1 F3600
G1 X103.996 Y111.237 E-.20118
G1 X104.32 Y111.536 E-.15882
;WIPE_END
G17
G3 Z1.6 I-.737 J-.969 P1  F9000
G1 X100.779 Y114.23 Z1.6
G1 Z1.2
G1 E1.2 F1800
;WIDTH:0.525542
G1 F1200
G1 X100.776 Y114.226 E.0002
;WIDTH:0.526412
G1 X100.612 Y113.849 E.01486
G1 X100.526 Y113.448 E.01485
;WIDTH:0.526123
G1 X100.521 Y113.037 E.01486
;WIDTH:0.528087
G1 X100.61 Y112.629 E.01516
G1 X100.791 Y112.204 E.01676
;WIDTH:0.518732
G1 X101.088 Y111.822 E.01723
;WIDTH:0.516453
G1 X101.467 Y111.522 E.01714
;WIDTH:0.515378
G1 X101.907 Y111.321 E.0171
;WIDTH:0.516593
G1 X102.382 Y111.23 E.01715
;WIDTH:0.523507
G1 X102.915 Y111.268 E.01921
G1 X103.329 Y111.396 E.01559
;WIDTH:0.520307
G1 X103.744 Y111.646 E.01729
;WIDTH:0.517445
G1 X104.087 Y111.986 E.01718
;WIDTH:0.515746
G1 X104.34 Y112.399 E.01711
G1 X104.487 Y112.86 E.01712
;WIDTH:0.524669
G1 X104.509 Y113.429 E.02054
G1 X104.431 Y113.833 E.01485
;WIDTH:0.522052
G1 X104.24 Y114.262 E.01683
;WIDTH:0.51873
G1 X103.943 Y114.644 E.01723
;WIDTH:0.516451
G1 X103.563 Y114.944 E.01714
;WIDTH:0.515376
G1 X103.123 Y115.145 E.0171
;WIDTH:0.516592
G1 X102.648 Y115.235 E.01715
;WIDTH:0.523506
G1 X102.115 Y115.198 E.01921
G1 X101.701 Y115.07 E.01559
;WIDTH:0.520308
G1 X101.286 Y114.82 E.01729
;WIDTH:0.517446
G1 X100.943 Y114.48 E.01718
;WIDTH:0.525542
G1 X100.801 Y114.264 E.00934
; stop printing object OrangePi-Spacer.stl id:8761013144 copy 0
G1 E-.84 F2400
;WIPE_START
G1 F3600
G1 X100.776 Y114.226 E-.01635
G1 X100.612 Y113.849 E-.14784
G1 X100.526 Y113.448 E-.14779
G1 X100.524 Y113.315 E-.04801
;WIPE_END
;LAYER_CHANGE
;Z:1.4
;HEIGHT:0.2
;BEFORE_LAYER_CHANGE
;1.4
G92 E0

;_SET_FAN_SPEED_CHANGING_LAYER
; printing object OrangePi-Spacer.stl id:8761013144 copy 0
G1 Z1.8 F9000
G1 X118.734 Y111.108
G1 Z1.4
G1 E1.2 F1800
;WIDTH:0.520624
G1 F1200
G1 X119.162 Y111.429 E.0191
;WIDTH:0.52467
G1 X119.494 Y111.809 E.0182
;WIDTH:0.52612
G1 X119.748 Y112.261 E.01878
;WIDTH:0.526411
G1 X119.904 Y112.757 E.01878
G1 X119.953 Y113.273 E.01878
;WIDTH:0.52554
G1 X119.895 Y113.789 E.01875
;WIDTH:0.523506
G1 X119.73 Y114.282 E.01868
;WIDTH:0.520549
G1 X119.466 Y114.729 E.01857
;WIDTH:0.523506
G1 X119.113 Y115.111 E.01869
;WIDTH:0.52554
G1 X118.69 Y115.411 E.01876
;WIDTH:0.526411
G1 X118.213 Y115.617 E.01878
;WIDTH:0.530558
G1 X117.704 Y115.718 E.01894
G1 X117.185 Y115.715 E.01892
;WIDTH:0.524669
G1 X116.678 Y115.604 E.01872
;WIDTH:0.522053
G1 X116.205 Y115.388 E.01863
;WIDTH:0.520625
G1 X115.778 Y115.067 E.0191
;WIDTH:0.52467
G1 X115.446 Y114.687 E.0182
;WIDTH:0.526121
G1 X115.191 Y114.235 E.01878
;WIDTH:0.526412
G1 X115.036 Y113.739 E.01878
G1 X114.987 Y113.223 E.01878
;WIDTH:0.525542
G1 X115.045 Y112.707 E.01875
;WIDTH:0.523507
G1 X115.209 Y112.214 E.01868
;WIDTH:0.520549
G1 X115.474 Y111.767 E.01857
;WIDTH:0.523508
G1 X115.826 Y111.385 E.01869
;WIDTH:0.525542
G1 X116.25 Y111.085 E.01876
;WIDTH:0.526413
G1 X116.727 Y110.879 E.01878
G1 X117.235 Y110.776 E.01878
;WIDTH:0.526123
G1 X117.755 Y110.781 E.01877
;WIDTH:0.524667
G1 X118.262 Y110.892 E.01872
;WIDTH:0.522053
G1 X118.698 Y111.091 E.01719
G1 X117.094 Y111.277 F9000
;WIDTH:0.515747
G1 F1200
G1 X117.096 Y111.277 E.00007
;WIDTH:0.524667
G1 X117.666 Y111.254 E.02054
G1 X118.07 Y111.332 E.01485
;WIDTH:0.522053
G1 X118.499 Y111.524 E.01683
;WIDTH:0.518731
G1 X118.881 Y111.821 E.01723
;WIDTH:0.516451
G1 X119.181 Y112.2 E.01714
;WIDTH:0.515376
G1 X119.382 Y112.64 E.0171
;WIDTH:0.516592
G1 X119.472 Y113.115 E.01715
;WIDTH:0.523506
G1 X119.435 Y113.648 E.01921
G1 X119.306 Y114.062 E.01559
;WIDTH:0.520307
G1 X119.057 Y114.477 E.01729
;WIDTH:0.517445
G1 X118.717 Y114.82 E.01718
;WIDTH:0.515745
G1 X118.304 Y115.073 E.01711
;WIDTH:0.518944
G1 X117.919 Y115.198 E.01443
G1 X117.399 Y115.254 E.01865
;WIDTH:0.520624
G1 X116.883 Y115.169 E.01866
G1 X116.441 Y114.972 E.01731
;WIDTH:0.518731
G1 X116.059 Y114.675 E.01723
;WIDTH:0.516451
G1 X115.759 Y114.296 E.01714
;WIDTH:0.515377
G1 X115.558 Y113.856 E.0171
;WIDTH:0.516593
G1 X115.467 Y113.381 E.01715
;WIDTH:0.523507
G1 X115.505 Y112.848 E.01921
G1 X115.633 Y112.434 E.01559
;WIDTH:0.520309
G1 X115.882 Y112.019 E.01729
;WIDTH:0.517446
G1 X116.223 Y111.676 E.01718
;WIDTH:0.515747
G1 X116.636 Y111.423 E.01711
G1 X117.056 Y111.289 E.01563
; stop printing object OrangePi-Spacer.stl id:8761013144 copy 0
; printing object OrangePi-Spacer.stl id:29074711 copy 0
G1 E-.84 F2400
;WIPE_START
G1 F3600
G1 X117.096 Y111.277 E-.01514
G1 X117.666 Y111.254 E-.20512
G1 X118.047 Y111.327 E-.13974
;WIPE_END
G17
G3 Z1.8 I1.096 J-.528 P1  F9000
G1 X114.759 Y104.506 Z1.8
G1 Z1.4
G1 E1.2 F1800
;WIDTH:0.520548
G1 F1200
G1 X115.207 Y104.771 E.01857
;WIDTH:0.523506
G1 X115.588 Y105.123 E.01869
;WIDTH:0.525541
G1 X115.888 Y105.547 E.01876
;WIDTH:0.526411
G1 X116.094 Y106.024 E.01878
G1 X116.197 Y106.533 E.01878
;WIDTH:0.526122
G1 X116.193 Y107.052 E.01877
;WIDTH:0.524669
G1 X116.081 Y107.559 E.01872
;WIDTH:0.522054
G1 X115.866 Y108.032 E.01863
;WIDTH:0.520624
G1 X115.545 Y108.459 E.0191
;WIDTH:0.524669
G1 X115.165 Y108.791 E.0182
;WIDTH:0.52612
G1 X114.712 Y109.045 E.01878
;WIDTH:0.52641
G1 X114.217 Y109.201 E.01878
G1 X113.7 Y109.25 E.01878
;WIDTH:0.525541
G1 X113.184 Y109.192 E.01875
;WIDTH:0.523506
G1 X112.692 Y109.028 E.01868
;WIDTH:0.520549
G1 X112.244 Y108.763 E.01857
;WIDTH:0.523507
G1 X111.862 Y108.411 E.01869
;WIDTH:0.525541
G1 X111.562 Y107.987 E.01876
;WIDTH:0.526412
G1 X111.356 Y107.51 E.01878
G1 X111.254 Y107.001 E.01878
;WIDTH:0.526123
G1 X111.258 Y106.482 E.01877
;WIDTH:0.52467
G1 X111.37 Y105.975 E.01872
;WIDTH:0.522054
G1 X111.585 Y105.502 E.01863
;WIDTH:0.520625
G1 X111.906 Y105.075 E.0191
;WIDTH:0.524671
G1 X112.286 Y104.743 E.0182
;WIDTH:0.526122
G1 X112.739 Y104.489 E.01878
;WIDTH:0.526412
G1 X113.234 Y104.333 E.01878
G1 X113.751 Y104.284 E.01878
;WIDTH:0.52554
G1 X114.266 Y104.342 E.01875
;WIDTH:0.523507
G1 X114.721 Y104.494 E.01724
G1 E-.84 F2400
;WIPE_START
G1 F3600
G1 X115.207 Y104.771 E-.20118
G1 X115.531 Y105.07 E-.15882
;WIPE_END
G17
G3 Z1.8 I-.737 J-.969 P1  F9000
G1 X111.99 Y107.764 Z1.8
G1 Z1.4
G1 E1.2 F1800
;WIDTH:0.525541
G1 F1200
G1 X111.987 Y107.76 E.00019
;WIDTH:0.526412
G1 X111.822 Y107.383 E.01486
G1 X111.736 Y106.982 E.01485
;WIDTH:0.526123
G1 X111.731 Y106.571 E.01486
;WIDTH:0.52467
G1 X111.809 Y106.167 E.01485
;WIDTH:0.522054
G1 X112.001 Y105.738 E.01683
;WIDTH:0.518732
G1 X112.298 Y105.356 E.01723
;WIDTH:0.516451
G1 X112.677 Y105.056 E.01714
;WIDTH:0.515378
G1 X113.117 Y104.855 E.0171
;WIDTH:0.516593
G1 X113.592 Y104.765 E.01715
;WIDTH:0.523507
G1 X114.125 Y104.802 E.01921
G1 X114.539 Y104.93 E.01559
;WIDTH:0.520307
G1 X114.954 Y105.18 E.01729
;WIDTH:0.517445
G1 X115.297 Y105.52 E.01718
;WIDTH:0.515746
G1 X115.55 Y105.933 E.01711
G1 X115.697 Y106.394 E.01712
;WIDTH:0.524669
G1 X115.719 Y106.963 E.02054
G1 X115.642 Y107.367 E.01485
;WIDTH:0.522054
G1 X115.45 Y107.796 E.01683
;WIDTH:0.518731
G1 X115.153 Y108.178 E.01723
;WIDTH:0.516451
G1 X114.774 Y108.478 E.01714
;WIDTH:0.515376
G1 X114.334 Y108.679 E.0171
;WIDTH:0.516592
G1 X113.858 Y108.77 E.01715
;WIDTH:0.523506
G1 X113.325 Y108.732 E.01921
G1 X112.912 Y108.604 E.01559
;WIDTH:0.520308
G1 X112.497 Y108.354 E.01729
;WIDTH:0.517446
G1 X112.153 Y108.014 E.01718
;WIDTH:0.525541
G1 X112.012 Y107.798 E.00934
; stop printing object OrangePi-Spacer.stl id:29074711 copy 0
; printing object OrangePi-Spacer.stl id:0 copy 0
G1 E-.84 F2400
;WIPE_START
G1 F3600
G1 X111.987 Y107.76 E-.01632
G1 X111.822 Y107.383 E-.14784
G1 X111.736 Y106.982 E-.14779
G1 X111.734 Y106.849 E-.04804
;WIPE_END
G17
G3 Z1.8 I-1.199 J-.208 P1  F9000
G1 X111.019 Y110.972 Z1.8
G1 Z1.4
G1 E1.2 F1800
;WIDTH:0.520548
G1 F1200
G1 X111.466 Y111.237 E.01857
;WIDTH:0.523506
G1 X111.848 Y111.589 E.01869
;WIDTH:0.525541
G1 X112.148 Y112.013 E.01876
;WIDTH:0.526411
G1 X112.354 Y112.49 E.01878
G1 X112.457 Y112.999 E.01878
;WIDTH:0.526122
G1 X112.452 Y113.518 E.01877
;WIDTH:0.524669
G1 X112.34 Y114.025 E.01872
;WIDTH:0.522054
G1 X112.125 Y114.498 E.01863
;WIDTH:0.520624
G1 X111.804 Y114.925 E.0191
;WIDTH:0.524669
G1 X111.424 Y115.257 E.0182
;WIDTH:0.52612
G1 X110.972 Y115.511 E.01878
;WIDTH:0.52641
G1 X110.476 Y115.667 E.01878
G1 X109.96 Y115.716 E.01878
;WIDTH:0.525541
G1 X109.444 Y115.658 E.01875
;WIDTH:0.523506
G1 X108.951 Y115.494 E.01868
;WIDTH:0.520549
G1 X108.504 Y115.229 E.01857
;WIDTH:0.523507
G1 X108.122 Y114.877 E.01869
;WIDTH:0.525541
G1 X107.822 Y114.453 E.01876
;WIDTH:0.526412
G1 X107.616 Y113.976 E.01878
G1 X107.513 Y113.467 E.01878
;WIDTH:0.526123
G1 X107.518 Y112.948 E.01877
;WIDTH:0.52467
G1 X107.629 Y112.441 E.01872
;WIDTH:0.522054
G1 X107.845 Y111.968 E.01863
;WIDTH:0.520625
G1 X108.166 Y111.541 E.0191
;WIDTH:0.524671
G1 X108.545 Y111.209 E.0182
;WIDTH:0.526122
G1 X108.998 Y110.955 E.01878
;WIDTH:0.526412
G1 X109.493 Y110.799 E.01878
G1 X110.01 Y110.75 E.01878
;WIDTH:0.52554
G1 X110.526 Y110.808 E.01875
;WIDTH:0.523507
G1 X110.981 Y110.96 E.01724
G1 E-.84 F2400
;WIPE_START
G1 F3600
G1 X111.466 Y111.237 E-.20118
G1 X111.79 Y111.536 E-.15882
;WIPE_END
G17
G3 Z1.8 I-.737 J-.969 P1  F9000
G1 X108.249 Y114.23 Z1.8
G1 Z1.4
G1 E1.2 F1800
;WIDTH:0.525541
G1 F1200
G1 X108.246 Y114.226 E.00019
;WIDTH:0.526412
G1 X108.082 Y113.849 E.01486
G1 X107.995 Y113.448 E.01485
;WIDTH:0.526123
G1 X107.991 Y113.037 E.01486
;WIDTH:0.52467
G1 X108.069 Y112.633 E.01485
;WIDTH:0.522054
G1 X108.26 Y112.204 E.01683
;WIDTH:0.518732
G1 X108.557 Y111.822 E.01723
;WIDTH:0.516451
G1 X108.937 Y111.522 E.01714
;WIDTH:0.515378
G1 X109.377 Y111.321 E.0171
;WIDTH:0.516593
G1 X109.852 Y111.23 E.01715
;WIDTH:0.523507
G1 X110.385 Y111.268 E.01921
G1 X110.799 Y111.396 E.01559
;WIDTH:0.520307
G1 X111.214 Y111.646 E.01729
;WIDTH:0.517445
G1 X111.557 Y111.986 E.01718
;WIDTH:0.515746
G1 X111.809 Y112.399 E.01711
G1 X111.956 Y112.86 E.01712
;WIDTH:0.524669
G1 X111.979 Y113.429 E.02054
G1 X111.901 Y113.833 E.01485
;WIDTH:0.522054
G1 X111.709 Y114.262 E.01683
;WIDTH:0.518731
G1 X111.412 Y114.644 E.01723
;WIDTH:0.516451
G1 X111.033 Y114.944 E.01714
;WIDTH:0.515376
G1 X110.593 Y115.145 E.0171
;WIDTH:0.516592
G1 X110.118 Y115.235 E.01715
;WIDTH:0.523506
G1 X109.585 Y115.198 E.01921
G1 X109.171 Y115.07 E.01559
;WIDTH:0.520308
G1 X108.756 Y114.82 E.01729
;WIDTH:0.517446
G1 X108.413 Y114.48 E.01718
;WIDTH:0.525541
G1 X108.271 Y114.263 E.00934
; stop printing object OrangePi-Spacer.stl id:0 copy 0
; printing object OrangePi-Spacer.stl id:8761013144 copy 0
G1 E-.84 F2400
;WIPE_START
G1 F3600
G1 X108.246 Y114.226 E-.01632
G1 X108.082 Y113.849 E-.14784
G1 X107.995 Y113.448 E-.14779
G1 X107.994 Y113.314 E-.04804
;WIPE_END
G17
G3 Z1.8 I.567 J-1.077 P1  F9000
G1 X103.549 Y110.972 Z1.8
G1 Z1.4
G1 E1.2 F1800
;WIDTH:0.520548
G1 F1200
G1 X103.996 Y111.237 E.01857
;WIDTH:0.523506
G1 X104.378 Y111.589 E.01869
;WIDTH:0.525541
G1 X104.678 Y112.013 E.01876
;WIDTH:0.526411
G1 X104.884 Y112.49 E.01878
G1 X104.987 Y112.999 E.01878
;WIDTH:0.526122
G1 X104.982 Y113.518 E.01877
;WIDTH:0.524669
G1 X104.871 Y114.025 E.01872
;WIDTH:0.522054
G1 X104.655 Y114.498 E.01863
;WIDTH:0.520624
G1 X104.334 Y114.925 E.0191
;WIDTH:0.524669
G1 X103.955 Y115.257 E.0182
;WIDTH:0.52612
G1 X103.502 Y115.511 E.01878
;WIDTH:0.52641
G1 X103.007 Y115.667 E.01878
G1 X102.49 Y115.716 E.01878
;WIDTH:0.525541
G1 X101.974 Y115.658 E.01875
;WIDTH:0.523506
G1 X101.481 Y115.494 E.01868
;WIDTH:0.520549
G1 X101.034 Y115.229 E.01857
;WIDTH:0.523507
G1 X100.652 Y114.877 E.01869
;WIDTH:0.525541
G1 X100.352 Y114.453 E.01876
;WIDTH:0.526412
G1 X100.146 Y113.976 E.01878
G1 X100.043 Y113.467 E.01878
;WIDTH:0.526123
G1 X100.048 Y112.948 E.01877
;WIDTH:0.52467
G1 X100.16 Y112.441 E.01872
;WIDTH:0.522054
G1 X100.375 Y111.968 E.01863
;WIDTH:0.520625
G1 X100.696 Y111.541 E.0191
;WIDTH:0.524671
G1 X101.076 Y111.209 E.0182
;WIDTH:0.526122
G1 X101.528 Y110.955 E.01878
;WIDTH:0.526412
G1 X102.024 Y110.799 E.01878
G1 X102.54 Y110.75 E.01878
;WIDTH:0.52554
G1 X103.056 Y110.808 E.01875
;WIDTH:0.523507
G1 X103.511 Y110.96 E.01724
G1 E-.84 F2400
;WIPE_START
G1 F3600
G1 X103.996 Y111.237 E-.20118
G1 X104.32 Y111.536 E-.15882
;WIPE_END
G17
G3 Z1.8 I-.737 J-.969 P1  F9000
G1 X100.779 Y114.23 Z1.8
G1 Z1.4
G1 E1.2 F1800
;WIDTH:0.525541
G1 F1200
G1 X100.776 Y114.226 E.00019
;WIDTH:0.526412
G1 X100.612 Y113.849 E.01486
G1 X100.526 Y113.448 E.01485
;WIDTH:0.526123
G1 X100.521 Y113.037 E.01486
;WIDTH:0.52467
G1 X100.599 Y112.633 E.01485
;WIDTH:0.522054
G1 X100.791 Y112.204 E.01683
;WIDTH:0.518732
G1 X101.088 Y111.822 E.01723
;WIDTH:0.516451
G1 X101.467 Y111.522 E.01714
;WIDTH:0.515378
G1 X101.907 Y111.321 E.0171
;WIDTH:0.516593
G1 X102.382 Y111.23 E.01715
;WIDTH:0.523507
G1 X102.915 Y111.268 E.01921
G1 X103.329 Y111.396 E.01559
;WIDTH:0.520307
G1 X103.744 Y111.646 E.01729
;WIDTH:0.517445
G1 X104.087 Y111.986 E.01718
;WIDTH:0.515746
G1 X104.34 Y112.399 E.01711
G1 X104.487 Y112.86 E.01712
;WIDTH:0.524669
G1 X104.509 Y113.429 E.02054
G1 X104.431 Y113.833 E.01485
;WIDTH:0.522054
G1 X104.24 Y114.262 E.01683
;WIDTH:0.518731
G1 X103.943 Y114.644 E.01723
;WIDTH:0.516451
G1 X103.563 Y114.944 E.01714
;WIDTH:0.515376
G1 X103.123 Y115.145 E.0171
;WIDTH:0.516592
G1 X102.648 Y115.235 E.01715
;WIDTH:0.523506
G1 X102.115 Y115.198 E.01921
G1 X101.701 Y115.07 E.01559
;WIDTH:0.520308
G1 X101.286 Y114.82 E.01729
;WIDTH:0.517446
G1 X100.943 Y114.48 E.01718
;WIDTH:0.525541
G1 X100.801 Y114.263 E.00934
; stop printing object OrangePi-Spacer.stl id:8761013144 copy 0
G1 E-.84 F2400
;WIPE_START
G1 F3600
G1 X100.776 Y114.226 E-.01632
G1 X100.612 Y113.849 E-.14784
G1 X100.526 Y113.448 E-.14779
G1 X100.524 Y113.314 E-.04804
;WIPE_END
;LAYER_CHANGE
;Z:1.6
;HEIGHT:0.2
;BEFORE_LAYER_CHANGE
;1.6
G92 E0

;_SET_FAN_SPEED_CHANGING_LAYER
; printing object OrangePi-Spacer.stl id:8761013144 copy 0
G1 Z2 F9000
G1 X118.734 Y111.108
G1 Z1.6
G1 E1.2 F1800
;WIDTH:0.520623
G1 F1200
G1 X119.162 Y111.429 E.0191
;WIDTH:0.52467
G1 X119.494 Y111.809 E.0182
;WIDTH:0.52612
G1 X119.748 Y112.261 E.01878
;WIDTH:0.526411
G1 X119.904 Y112.757 E.01878
G1 X119.953 Y113.273 E.01878
;WIDTH:0.52554
G1 X119.895 Y113.789 E.01875
;WIDTH:0.523506
G1 X119.73 Y114.282 E.01868
;WIDTH:0.520549
G1 X119.466 Y114.729 E.01857
;WIDTH:0.523506
G1 X119.113 Y115.111 E.01869
;WIDTH:0.525541
G1 X118.69 Y115.411 E.01876
;WIDTH:0.526411
G1 X118.213 Y115.617 E.01878
G1 X117.704 Y115.72 E.01878
;WIDTH:0.526121
G1 X117.185 Y115.715 E.01877
;WIDTH:0.524669
G1 X116.678 Y115.604 E.01872
;WIDTH:0.522053
G1 X116.205 Y115.388 E.01863
;WIDTH:0.520626
G1 X115.778 Y115.067 E.0191
;WIDTH:0.524671
G1 X115.446 Y114.687 E.0182
;WIDTH:0.526122
G1 X115.191 Y114.235 E.01878
;WIDTH:0.526412
G1 X115.036 Y113.739 E.01878
G1 X114.987 Y113.223 E.01878
;WIDTH:0.525542
G1 X115.045 Y112.707 E.01875
;WIDTH:0.523508
G1 X115.209 Y112.214 E.01868
;WIDTH:0.520549
G1 X115.474 Y111.767 E.01857
;WIDTH:0.523508
G1 X115.826 Y111.385 E.01869
;WIDTH:0.525542
G1 X116.25 Y111.085 E.01876
;WIDTH:0.526412
G1 X116.727 Y110.879 E.01878
G1 X117.235 Y110.776 E.01878
;WIDTH:0.526122
G1 X117.755 Y110.781 E.01877
;WIDTH:0.524667
G1 X118.262 Y110.892 E.01872
;WIDTH:0.522053
G1 X118.698 Y111.091 E.01719
G1 X117.095 Y111.277 F9000
;WIDTH:0.515747
G1 F1200
G1 X117.096 Y111.277 E.00006
;WIDTH:0.524667
G1 X117.666 Y111.254 E.02054
G1 X118.07 Y111.332 E.01485
;WIDTH:0.522053
G1 X118.499 Y111.524 E.01683
;WIDTH:0.51873
G1 X118.881 Y111.821 E.01723
;WIDTH:0.51645
G1 X119.181 Y112.2 E.01714
;WIDTH:0.515376
G1 X119.382 Y112.64 E.0171
;WIDTH:0.516592
G1 X119.472 Y113.115 E.01715
;WIDTH:0.523506
G1 X119.435 Y113.648 E.01921
G1 X119.306 Y114.062 E.01559
;WIDTH:0.520307
G1 X119.057 Y114.477 E.01729
;WIDTH:0.517445
G1 X118.717 Y114.82 E.01718
;WIDTH:0.515746
G1 X118.304 Y115.073 E.01711
G1 X117.843 Y115.22 E.01712
;WIDTH:0.524669
G1 X117.274 Y115.242 E.02054
G1 X116.87 Y115.164 E.01485
;WIDTH:0.522053
G1 X116.441 Y114.972 E.01683
;WIDTH:0.518731
G1 X116.059 Y114.675 E.01723
;WIDTH:0.516451
G1 X115.759 Y114.296 E.01714
;WIDTH:0.515377
G1 X115.558 Y113.856 E.0171
;WIDTH:0.516592
G1 X115.467 Y113.381 E.01715
;WIDTH:0.523508
G1 X115.505 Y112.848 E.01921
G1 X115.633 Y112.434 E.01559
;WIDTH:0.520309
G1 X115.882 Y112.019 E.01729
;WIDTH:0.517447
G1 X116.223 Y111.676 E.01718
;WIDTH:0.515747
G1 X116.636 Y111.423 E.01711
G1 X117.057 Y111.289 E.01564
; stop printing object OrangePi-Spacer.stl id:8761013144 copy 0
; printing object OrangePi-Spacer.stl id:29074711 copy 0
G1 E-.84 F2400
;WIPE_START
G1 F3600
G1 X117.096 Y111.277 E-.01502
G1 X117.666 Y111.254 E-.20512
G1 X118.047 Y111.327 E-.13986
;WIPE_END
G17
G3 Z2 I1.096 J-.528 P1  F9000
G1 X114.759 Y104.506 Z2
G1 Z1.6
G1 E1.2 F1800
;WIDTH:0.520548
G1 F1200
G1 X115.207 Y104.771 E.01857
;WIDTH:0.523506
G1 X115.588 Y105.123 E.01869
;WIDTH:0.525541
G1 X115.888 Y105.547 E.01876
;WIDTH:0.526411
G1 X116.094 Y106.024 E.01878
G1 X116.197 Y106.533 E.01878
;WIDTH:0.526122
G1 X116.193 Y107.052 E.01877
;WIDTH:0.524669
G1 X116.081 Y107.559 E.01872
;WIDTH:0.522052
G1 X115.866 Y108.032 E.01863
;WIDTH:0.520623
G1 X115.545 Y108.459 E.0191
;WIDTH:0.524669
G1 X115.165 Y108.791 E.0182
;WIDTH:0.52612
G1 X114.712 Y109.045 E.01878
;WIDTH:0.52641
G1 X114.217 Y109.201 E.01878
G1 X113.7 Y109.25 E.01878
;WIDTH:0.525541
G1 X113.184 Y109.192 E.01875
;WIDTH:0.523505
G1 X112.692 Y109.028 E.01868
;WIDTH:0.520549
G1 X112.244 Y108.763 E.01857
;WIDTH:0.523509
G1 X111.862 Y108.411 E.01869
;WIDTH:0.525542
G1 X111.562 Y107.987 E.01876
;WIDTH:0.526412
G1 X111.356 Y107.51 E.01878
G1 X111.254 Y107.001 E.01878
;WIDTH:0.526123
G1 X111.258 Y106.482 E.01877
;WIDTH:0.52467
G1 X111.37 Y105.975 E.01872
;WIDTH:0.522054
G1 X111.585 Y105.502 E.01863
;WIDTH:0.520625
G1 X111.906 Y105.075 E.0191
;WIDTH:0.524671
G1 X112.286 Y104.743 E.0182
;WIDTH:0.526122
G1 X112.739 Y104.489 E.01878
;WIDTH:0.526412
G1 X113.234 Y104.333 E.01878
G1 X113.751 Y104.284 E.01878
;WIDTH:0.52554
G1 X114.266 Y104.342 E.01875
;WIDTH:0.523505
G1 X114.721 Y104.494 E.01724
G1 E-.84 F2400
;WIPE_START
G1 F3600
G1 X115.207 Y104.771 E-.20118
G1 X115.531 Y105.07 E-.15882
;WIPE_END
G17
G3 Z2 I-.737 J-.969 P1  F9000
G1 X111.99 Y107.764 Z2
G1 Z1.6
G1 E1.2 F1800
;WIDTH:0.525542
G1 F1200
G1 X111.987 Y107.76 E.00018
;WIDTH:0.526412
G1 X111.822 Y107.383 E.01486
G1 X111.736 Y106.982 E.01485
;WIDTH:0.526123
G1 X111.731 Y106.571 E.01486
;WIDTH:0.52467
G1 X111.809 Y106.167 E.01485
;WIDTH:0.522054
G1 X112.001 Y105.738 E.01683
;WIDTH:0.518732
G1 X112.298 Y105.356 E.01723
;WIDTH:0.516453
G1 X112.677 Y105.056 E.01714
;WIDTH:0.515377
G1 X113.117 Y104.855 E.0171
;WIDTH:0.516593
G1 X113.592 Y104.765 E.01715
;WIDTH:0.523505
G1 X114.125 Y104.802 E.01921
G1 X114.539 Y104.93 E.01559
;WIDTH:0.520308
G1 X114.954 Y105.18 E.01729
;WIDTH:0.517445
G1 X115.297 Y105.52 E.01718
;WIDTH:0.515746
G1 X115.55 Y105.933 E.01711
G1 X115.697 Y106.394 E.01712
;WIDTH:0.524669
G1 X115.719 Y106.963 E.02054
G1 X115.642 Y107.367 E.01485
;WIDTH:0.522052
G1 X115.45 Y107.796 E.01683
;WIDTH:0.51873
G1 X115.153 Y108.178 E.01723
;WIDTH:0.516451
G1 X114.774 Y108.478 E.01714
;WIDTH:0.515376
G1 X114.334 Y108.679 E.0171
;WIDTH:0.516592
G1 X113.858 Y108.77 E.01715
;WIDTH:0.523505
G1 X113.325 Y108.732 E.01921
G1 X112.912 Y108.604 E.01559
;WIDTH:0.520308
G1 X112.497 Y108.354 E.01729
;WIDTH:0.517445
G1 X112.153 Y108.014 E.01718
;WIDTH:0.525542
G1 X112.011 Y107.797 E.00935
; stop printing object OrangePi-Spacer.stl id:29074711 copy 0
; printing object OrangePi-Spacer.stl id:0 copy 0
G1 E-.84 F2400
;WIPE_START
G1 F3600
G1 X111.987 Y107.76 E-.01624
G1 X111.822 Y107.383 E-.14784
G1 X111.736 Y106.982 E-.14779
G1 X111.734 Y106.848 E-.04813
;WIPE_END
G17
G3 Z2 I-1.199 J-.208 P1  F9000
G1 X111.019 Y110.972 Z2
G1 Z1.6
G1 E1.2 F1800
;WIDTH:0.520548
G1 F1200
G1 X111.466 Y111.237 E.01857
;WIDTH:0.523506
G1 X111.848 Y111.589 E.01869
;WIDTH:0.525541
G1 X112.148 Y112.013 E.01876
;WIDTH:0.526411
G1 X112.354 Y112.49 E.01878
G1 X112.457 Y112.999 E.01878
;WIDTH:0.526122
G1 X112.452 Y113.518 E.01877
;WIDTH:0.524669
G1 X112.34 Y114.025 E.01872
;WIDTH:0.522052
G1 X112.125 Y114.498 E.01863
;WIDTH:0.520623
G1 X111.804 Y114.925 E.0191
;WIDTH:0.524669
G1 X111.424 Y115.257 E.0182
;WIDTH:0.52612
G1 X110.972 Y115.511 E.01878
;WIDTH:0.52641
G1 X110.476 Y115.667 E.01878
G1 X109.96 Y115.716 E.01878
;WIDTH:0.525541
G1 X109.444 Y115.658 E.01875
;WIDTH:0.523505
G1 X108.951 Y115.494 E.01868
;WIDTH:0.520549
G1 X108.504 Y115.229 E.01857
;WIDTH:0.523509
G1 X108.122 Y114.877 E.01869
;WIDTH:0.525542
G1 X107.822 Y114.453 E.01876
;WIDTH:0.526412
G1 X107.616 Y113.976 E.01878
G1 X107.513 Y113.467 E.01878
;WIDTH:0.526123
G1 X107.518 Y112.948 E.01877
;WIDTH:0.52467
G1 X107.629 Y112.441 E.01872
;WIDTH:0.522054
G1 X107.845 Y111.968 E.01863
;WIDTH:0.520625
G1 X108.166 Y111.541 E.0191
;WIDTH:0.524671
G1 X108.545 Y111.209 E.0182
;WIDTH:0.526122
G1 X108.998 Y110.955 E.01878
;WIDTH:0.526412
G1 X109.493 Y110.799 E.01878
G1 X110.01 Y110.75 E.01878
;WIDTH:0.52554
G1 X110.526 Y110.808 E.01875
;WIDTH:0.523505
G1 X110.981 Y110.96 E.01724
G1 E-.84 F2400
;WIPE_START
G1 F3600
G1 X111.466 Y111.237 E-.20118
G1 X111.79 Y111.536 E-.15882
;WIPE_END
G17
G3 Z2 I-.737 J-.969 P1  F9000
G1 X108.249 Y114.23 Z2
G1 Z1.6
G1 E1.2 F1800
;WIDTH:0.525542
G1 F1200
G1 X108.246 Y114.226 E.00018
;WIDTH:0.526412
G1 X108.082 Y113.849 E.01486
G1 X107.995 Y113.448 E.01485
;WIDTH:0.526123
G1 X107.991 Y113.037 E.01486
;WIDTH:0.52467
G1 X108.069 Y112.633 E.01485
;WIDTH:0.522054
G1 X108.26 Y112.204 E.01683
;WIDTH:0.518732
G1 X108.557 Y111.822 E.01723
;WIDTH:0.516453
G1 X108.937 Y111.522 E.01714
;WIDTH:0.515377
G1 X109.377 Y111.321 E.0171
;WIDTH:0.516593
G1 X109.852 Y111.23 E.01715
;WIDTH:0.523505
G1 X110.385 Y111.268 E.01921
G1 X110.799 Y111.396 E.01559
;WIDTH:0.520308
G1 X111.214 Y111.646 E.01729
;WIDTH:0.517445
G1 X111.557 Y111.986 E.01718
;WIDTH:0.515746
G1 X111.809 Y112.399 E.01711
G1 X111.956 Y112.86 E.01712
;WIDTH:0.524669
G1 X111.979 Y113.429 E.02054
G1 X111.901 Y113.833 E.01485
;WIDTH:0.522052
G1 X111.709 Y114.262 E.01683
;WIDTH:0.51873
G1 X111.412 Y114.644 E.01723
;WIDTH:0.516451
G1 X111.033 Y114.944 E.01714
;WIDTH:0.515376
G1 X110.593 Y115.145 E.0171
;WIDTH:0.516592
G1 X110.118 Y115.235 E.01715
;WIDTH:0.523505
G1 X109.585 Y115.198 E.01921
G1 X109.171 Y115.07 E.01559
;WIDTH:0.520308
G1 X108.756 Y114.82 E.01729
;WIDTH:0.517445
G1 X108.413 Y114.48 E.01718
;WIDTH:0.525542
G1 X108.271 Y114.263 E.00935
; stop printing object OrangePi-Spacer.stl id:0 copy 0
; printing object OrangePi-Spacer.stl id:8761013144 copy 0
G1 E-.84 F2400
;WIPE_START
G1 F3600
G1 X108.246 Y114.226 E-.01624
G1 X108.082 Y113.849 E-.14784
G1 X107.995 Y113.448 E-.14779
G1 X107.994 Y113.314 E-.04813
;WIPE_END
G17
G3 Z2 I.567 J-1.077 P1  F9000
G1 X103.549 Y110.972 Z2
G1 Z1.6
G1 E1.2 F1800
;WIDTH:0.520548
G1 F1200
G1 X103.996 Y111.237 E.01857
;WIDTH:0.523506
G1 X104.378 Y111.589 E.01869
;WIDTH:0.525541
G1 X104.678 Y112.013 E.01876
;WIDTH:0.526411
G1 X104.884 Y112.49 E.01878
G1 X104.987 Y112.999 E.01878
;WIDTH:0.526122
G1 X104.982 Y113.518 E.01877
;WIDTH:0.524669
G1 X104.871 Y114.025 E.01872
;WIDTH:0.522052
G1 X104.655 Y114.498 E.01863
;WIDTH:0.520623
G1 X104.334 Y114.925 E.0191
;WIDTH:0.524669
G1 X103.955 Y115.257 E.0182
;WIDTH:0.52612
G1 X103.502 Y115.511 E.01878
;WIDTH:0.52641
G1 X103.007 Y115.667 E.01878
G1 X102.49 Y115.716 E.01878
;WIDTH:0.525541
G1 X101.974 Y115.658 E.01875
;WIDTH:0.523505
G1 X101.481 Y115.494 E.01868
;WIDTH:0.520549
G1 X101.034 Y115.229 E.01857
;WIDTH:0.523509
G1 X100.652 Y114.877 E.01869
;WIDTH:0.525542
G1 X100.352 Y114.453 E.01876
;WIDTH:0.526412
G1 X100.146 Y113.976 E.01878
G1 X100.043 Y113.467 E.01878
;WIDTH:0.526123
G1 X100.048 Y112.948 E.01877
;WIDTH:0.52467
G1 X100.16 Y112.441 E.01872
;WIDTH:0.522054
G1 X100.375 Y111.968 E.01863
;WIDTH:0.520625
G1 X100.696 Y111.541 E.0191
;WIDTH:0.524671
G1 X101.076 Y111.209 E.0182
;WIDTH:0.526122
G1 X101.528 Y110.955 E.01878
;WIDTH:0.526412
G1 X102.024 Y110.799 E.01878
G1 X102.54 Y110.75 E.01878
;WIDTH:0.52554
G1 X103.056 Y110.808 E.01875
;WIDTH:0.523505
G1 X103.511 Y110.96 E.01724
G1 E-.84 F2400
;WIPE_START
G1 F3600
G1 X103.996 Y111.237 E-.20118
G1 X104.32 Y111.536 E-.15882
;WIPE_END
G17
G3 Z2 I-.737 J-.969 P1  F9000
G1 X100.779 Y114.23 Z2
G1 Z1.6
G1 E1.2 F1800
;WIDTH:0.525542
G1 F1200
G1 X100.776 Y114.226 E.00018
;WIDTH:0.526412
G1 X100.612 Y113.849 E.01486
G1 X100.526 Y113.448 E.01485
;WIDTH:0.526123
G1 X100.521 Y113.037 E.01486
;WIDTH:0.52467
G1 X100.599 Y112.633 E.01485
;WIDTH:0.522054
G1 X100.791 Y112.204 E.01683
;WIDTH:0.518732
G1 X101.088 Y111.822 E.01723
;WIDTH:0.516453
G1 X101.467 Y111.522 E.01714
;WIDTH:0.515377
G1 X101.907 Y111.321 E.0171
;WIDTH:0.516593
G1 X102.382 Y111.23 E.01715
;WIDTH:0.523505
G1 X102.915 Y111.268 E.01921
G1 X103.329 Y111.396 E.01559
;WIDTH:0.520308
G1 X103.744 Y111.646 E.01729
;WIDTH:0.517445
G1 X104.087 Y111.986 E.01718
;WIDTH:0.515746
G1 X104.34 Y112.399 E.01711
G1 X104.487 Y112.86 E.01712
;WIDTH:0.524669
G1 X104.509 Y113.429 E.02054
G1 X104.431 Y113.833 E.01485
;WIDTH:0.522052
G1 X104.24 Y114.262 E.01683
;WIDTH:0.51873
G1 X103.943 Y114.644 E.01723
;WIDTH:0.516451
G1 X103.563 Y114.944 E.01714
;WIDTH:0.515376
G1 X103.123 Y115.145 E.0171
;WIDTH:0.516592
G1 X102.648 Y115.235 E.01715
;WIDTH:0.523505
G1 X102.115 Y115.198 E.01921
G1 X101.701 Y115.07 E.01559
;WIDTH:0.520308
G1 X101.286 Y114.82 E.01729
;WIDTH:0.517445
G1 X100.943 Y114.48 E.01718
;WIDTH:0.525542
G1 X100.801 Y114.263 E.00935
; stop printing object OrangePi-Spacer.stl id:8761013144 copy 0
G1 E-.84 F2400
;WIPE_START
G1 F3600
G1 X100.776 Y114.226 E-.01624
G1 X100.612 Y113.849 E-.14784
G1 X100.526 Y113.448 E-.14779
G1 X100.524 Y113.314 E-.04813
;WIPE_END
;LAYER_CHANGE
;Z:1.8
;HEIGHT:0.2
;BEFORE_LAYER_CHANGE
;1.8
G92 E0

;_SET_FAN_SPEED_CHANGING_LAYER
; printing object OrangePi-Spacer.stl id:8761013144 copy 0
G1 Z2.2 F9000
G1 X118.734 Y111.108
G1 Z1.8
G1 E1.2 F1800
;WIDTH:0.520624
G1 F1200
G1 X119.162 Y111.429 E.0191
;WIDTH:0.52467
G1 X119.494 Y111.809 E.0182
;WIDTH:0.52612
G1 X119.748 Y112.261 E.01878
;WIDTH:0.526411
G1 X119.904 Y112.757 E.01878
G1 X119.953 Y113.273 E.01878
;WIDTH:0.52554
G1 X119.895 Y113.789 E.01875
;WIDTH:0.523506
G1 X119.73 Y114.282 E.01868
;WIDTH:0.520549
G1 X119.466 Y114.729 E.01857
;WIDTH:0.524391
G1 X119.113 Y115.111 E.01873
;WIDTH:0.527949
G1 X118.689 Y115.41 E.01885
G1 X118.213 Y115.617 E.01883
;WIDTH:0.526411
G1 X117.704 Y115.72 E.01878
;WIDTH:0.526121
G1 X117.185 Y115.715 E.01877
;WIDTH:0.524669
G1 X116.678 Y115.604 E.01872
;WIDTH:0.522053
G1 X116.205 Y115.388 E.01863
;WIDTH:0.520626
G1 X115.778 Y115.067 E.0191
;WIDTH:0.524671
G1 X115.446 Y114.687 E.0182
;WIDTH:0.526122
G1 X115.191 Y114.235 E.01878
;WIDTH:0.526412
G1 X115.036 Y113.739 E.01878
G1 X114.987 Y113.223 E.01878
;WIDTH:0.525542
G1 X115.045 Y112.707 E.01875
;WIDTH:0.523508
G1 X115.209 Y112.214 E.01868
;WIDTH:0.520549
G1 X115.474 Y111.767 E.01857
;WIDTH:0.523509
G1 X115.826 Y111.385 E.01869
;WIDTH:0.525542
G1 X116.25 Y111.085 E.01876
;WIDTH:0.526412
G1 X116.727 Y110.879 E.01878
G1 X117.235 Y110.776 E.01878
;WIDTH:0.526122
G1 X117.755 Y110.781 E.01877
;WIDTH:0.524668
G1 X118.262 Y110.892 E.01872
;WIDTH:0.522053
G1 X118.698 Y111.091 E.01719
G1 X117.096 Y111.277 F9000
;WIDTH:0.524668
G1 F1200
G1 X117.666 Y111.254 E.02054
G1 X118.07 Y111.332 E.01485
;WIDTH:0.522053
G1 X118.499 Y111.524 E.01683
;WIDTH:0.51873
G1 X118.881 Y111.821 E.01723
;WIDTH:0.51645
G1 X119.181 Y112.2 E.01714
;WIDTH:0.515376
G1 X119.382 Y112.64 E.0171
;WIDTH:0.516592
G1 X119.472 Y113.115 E.01715
;WIDTH:0.523506
G1 X119.435 Y113.648 E.01921
G1 X119.306 Y114.062 E.01559
;WIDTH:0.520307
G1 X119.057 Y114.477 E.01729
;WIDTH:0.523443
G1 X118.791 Y114.751 E.01375
G1 X118.365 Y115.044 E.0186
;WIDTH:0.518281
G1 X117.873 Y115.214 E.01851
;WIDTH:0.51764
G1 X117.36 Y115.252 E.01827
;WIDTH:0.522053
G1 X116.87 Y115.164 E.01788
G1 X116.441 Y114.972 E.01683
;WIDTH:0.518731
G1 X116.059 Y114.675 E.01723
;WIDTH:0.516451
G1 X115.759 Y114.296 E.01714
;WIDTH:0.515377
G1 X115.558 Y113.856 E.0171
;WIDTH:0.516593
G1 X115.467 Y113.381 E.01715
;WIDTH:0.523508
G1 X115.505 Y112.848 E.01921
G1 X115.633 Y112.434 E.01559
;WIDTH:0.520309
G1 X115.882 Y112.019 E.01729
;WIDTH:0.517448
G1 X116.223 Y111.676 E.01718
;WIDTH:0.515747
G1 X116.636 Y111.423 E.01711
G1 X117.058 Y111.289 E.0157
; stop printing object OrangePi-Spacer.stl id:8761013144 copy 0
; printing object OrangePi-Spacer.stl id:29074711 copy 0
G1 E-.84 F2400
;WIPE_START
G1 F3600
G1 X117.666 Y111.254 E-.21903
G1 X118.05 Y111.328 E-.14097
;WIPE_END
G17
G3 Z2.2 I1.096 J-.529 P1  F9000
G1 X114.759 Y104.506 Z2.2
G1 Z1.8
G1 E1.2 F1800
;WIDTH:0.520548
G1 F1200
G1 X115.207 Y104.771 E.01857
;WIDTH:0.523508
G1 X115.588 Y105.123 E.01869
;WIDTH:0.525541
G1 X115.888 Y105.547 E.01876
;WIDTH:0.526411
G1 X116.094 Y106.024 E.01878
G1 X116.197 Y106.533 E.01878
;WIDTH:0.526122
G1 X116.193 Y107.052 E.01877
;WIDTH:0.524669
G1 X116.081 Y107.559 E.01872
;WIDTH:0.522052
G1 X115.866 Y108.032 E.01863
;WIDTH:0.520624
G1 X115.545 Y108.459 E.0191
;WIDTH:0.524669
G1 X115.165 Y108.791 E.0182
;WIDTH:0.52612
G1 X114.712 Y109.045 E.01878
;WIDTH:0.52641
G1 X114.217 Y109.201 E.01878
G1 X113.7 Y109.25 E.01878
;WIDTH:0.525541
G1 X113.184 Y109.192 E.01875
;WIDTH:0.523506
G1 X112.692 Y109.028 E.01868
;WIDTH:0.520549
G1 X112.244 Y108.763 E.01857
;WIDTH:0.523508
G1 X111.862 Y108.411 E.01869
;WIDTH:0.525542
G1 X111.562 Y107.987 E.01876
;WIDTH:0.526412
G1 X111.356 Y107.51 E.01878
G1 X111.254 Y107.001 E.01878
;WIDTH:0.526123
G1 X111.258 Y106.482 E.01877
;WIDTH:0.52467
G1 X111.37 Y105.975 E.01872
;WIDTH:0.522054
G1 X111.585 Y105.502 E.01863
;WIDTH:0.520625
G1 X111.906 Y105.075 E.0191
;WIDTH:0.524671
G1 X112.286 Y104.743 E.0182
;WIDTH:0.526122
G1 X112.739 Y104.489 E.01878
;WIDTH:0.526412
G1 X113.234 Y104.333 E.01878
G1 X113.751 Y104.284 E.01878
;WIDTH:0.52554
G1 X114.266 Y104.342 E.01875
;WIDTH:0.523507
G1 X114.721 Y104.494 E.01724
G1 E-.84 F2400
;WIPE_START
G1 F3600
G1 X115.207 Y104.771 E-.20118
G1 X115.531 Y105.07 E-.15882
;WIPE_END
G17
G3 Z2.2 I-.737 J-.969 P1  F9000
G1 X111.989 Y107.764 Z2.2
G1 Z1.8
G1 E1.2 F1800
;WIDTH:0.525542
G1 F1200
G1 X111.987 Y107.76 E.00018
;WIDTH:0.526412
G1 X111.822 Y107.383 E.01486
G1 X111.736 Y106.982 E.01485
;WIDTH:0.526123
G1 X111.731 Y106.571 E.01486
;WIDTH:0.52467
G1 X111.809 Y106.167 E.01485
;WIDTH:0.522054
G1 X112.001 Y105.738 E.01683
;WIDTH:0.518732
G1 X112.298 Y105.356 E.01723
;WIDTH:0.516453
G1 X112.677 Y105.056 E.01714
;WIDTH:0.515378
G1 X113.117 Y104.855 E.0171
;WIDTH:0.516593
G1 X113.592 Y104.765 E.01715
;WIDTH:0.523507
G1 X114.125 Y104.802 E.01921
G1 X114.539 Y104.93 E.01559
;WIDTH:0.520308
G1 X114.954 Y105.18 E.01729
;WIDTH:0.517446
G1 X115.297 Y105.52 E.01718
;WIDTH:0.515746
G1 X115.55 Y105.933 E.01711
G1 X115.697 Y106.394 E.01712
;WIDTH:0.524669
G1 X115.719 Y106.963 E.02054
G1 X115.642 Y107.367 E.01485
;WIDTH:0.522052
G1 X115.45 Y107.796 E.01683
;WIDTH:0.51873
G1 X115.153 Y108.178 E.01723
;WIDTH:0.516451
G1 X114.774 Y108.478 E.01714
;WIDTH:0.515376
G1 X114.334 Y108.679 E.0171
;WIDTH:0.516592
G1 X113.858 Y108.77 E.01715
;WIDTH:0.523506
G1 X113.325 Y108.732 E.01921
G1 X112.912 Y108.604 E.01559
;WIDTH:0.520308
G1 X112.497 Y108.354 E.01729
;WIDTH:0.517446
G1 X112.153 Y108.014 E.01718
;WIDTH:0.525542
G1 X112.011 Y107.797 E.00936
; stop printing object OrangePi-Spacer.stl id:29074711 copy 0
; printing object OrangePi-Spacer.stl id:0 copy 0
G1 E-.84 F2400
;WIPE_START
G1 F3600
G1 X111.987 Y107.76 E-.01616
G1 X111.822 Y107.383 E-.14784
G1 X111.736 Y106.982 E-.14779
G1 X111.734 Y106.848 E-.04821
;WIPE_END
G17
G3 Z2.2 I-1.199 J-.208 P1  F9000
G1 X111.019 Y110.972 Z2.2
G1 Z1.8
G1 E1.2 F1800
;WIDTH:0.520548
G1 F1200
G1 X111.466 Y111.237 E.01857
;WIDTH:0.523508
G1 X111.848 Y111.589 E.01869
;WIDTH:0.525541
G1 X112.148 Y112.013 E.01876
;WIDTH:0.526411
G1 X112.354 Y112.49 E.01878
G1 X112.457 Y112.999 E.01878
;WIDTH:0.526122
G1 X112.452 Y113.518 E.01877
;WIDTH:0.524669
G1 X112.34 Y114.025 E.01872
;WIDTH:0.522052
G1 X112.125 Y114.498 E.01863
;WIDTH:0.520624
G1 X111.804 Y114.925 E.0191
;WIDTH:0.524669
G1 X111.424 Y115.257 E.0182
;WIDTH:0.52612
G1 X110.972 Y115.511 E.01878
;WIDTH:0.52641
G1 X110.476 Y115.667 E.01878
G1 X109.96 Y115.716 E.01878
;WIDTH:0.525541
G1 X109.444 Y115.658 E.01875
;WIDTH:0.523506
G1 X108.951 Y115.494 E.01868
;WIDTH:0.520549
G1 X108.504 Y115.229 E.01857
;WIDTH:0.523508
G1 X108.122 Y114.877 E.01869
;WIDTH:0.525542
G1 X107.822 Y114.453 E.01876
;WIDTH:0.526412
G1 X107.616 Y113.976 E.01878
G1 X107.513 Y113.467 E.01878
;WIDTH:0.526123
G1 X107.518 Y112.948 E.01877
;WIDTH:0.52467
G1 X107.629 Y112.441 E.01872
;WIDTH:0.522054
G1 X107.845 Y111.968 E.01863
;WIDTH:0.520625
G1 X108.166 Y111.541 E.0191
;WIDTH:0.524671
G1 X108.545 Y111.209 E.0182
;WIDTH:0.526122
G1 X108.998 Y110.955 E.01878
;WIDTH:0.526412
G1 X109.493 Y110.799 E.01878
G1 X110.01 Y110.75 E.01878
;WIDTH:0.52554
G1 X110.526 Y110.808 E.01875
;WIDTH:0.523507
G1 X110.981 Y110.96 E.01724
G1 E-.84 F2400
;WIPE_START
G1 F3600
G1 X111.466 Y111.237 E-.20118
G1 X111.79 Y111.536 E-.15882
;WIPE_END
G17
G3 Z2.2 I-.737 J-.969 P1  F9000
G1 X108.249 Y114.23 Z2.2
G1 Z1.8
G1 E1.2 F1800
;WIDTH:0.525542
G1 F1200
G1 X108.246 Y114.226 E.00018
;WIDTH:0.526412
G1 X108.082 Y113.849 E.01486
G1 X107.995 Y113.448 E.01485
;WIDTH:0.526123
G1 X107.991 Y113.037 E.01486
;WIDTH:0.52467
G1 X108.069 Y112.633 E.01485
;WIDTH:0.522054
G1 X108.26 Y112.204 E.01683
;WIDTH:0.518732
G1 X108.557 Y111.822 E.01723
;WIDTH:0.516453
G1 X108.937 Y111.522 E.01714
;WIDTH:0.515378
G1 X109.377 Y111.321 E.0171
;WIDTH:0.516593
G1 X109.852 Y111.23 E.01715
;WIDTH:0.523507
G1 X110.385 Y111.268 E.01921
G1 X110.799 Y111.396 E.01559
;WIDTH:0.520308
G1 X111.214 Y111.646 E.01729
;WIDTH:0.517446
G1 X111.557 Y111.986 E.01718
;WIDTH:0.515746
G1 X111.809 Y112.399 E.01711
G1 X111.956 Y112.86 E.01712
;WIDTH:0.524669
G1 X111.979 Y113.429 E.02054
G1 X111.901 Y113.833 E.01485
;WIDTH:0.522052
G1 X111.709 Y114.262 E.01683
;WIDTH:0.51873
G1 X111.412 Y114.644 E.01723
;WIDTH:0.516451
G1 X111.033 Y114.944 E.01714
;WIDTH:0.515376
G1 X110.593 Y115.145 E.0171
;WIDTH:0.516592
G1 X110.118 Y115.235 E.01715
;WIDTH:0.523506
G1 X109.585 Y115.198 E.01921
G1 X109.171 Y115.07 E.01559
;WIDTH:0.520308
G1 X108.756 Y114.82 E.01729
;WIDTH:0.517446
G1 X108.413 Y114.48 E.01718
;WIDTH:0.525542
G1 X108.271 Y114.263 E.00936
; stop printing object OrangePi-Spacer.stl id:0 copy 0
; printing object OrangePi-Spacer.stl id:8761013144 copy 0
G1 E-.84 F2400
;WIPE_START
G1 F3600
G1 X108.246 Y114.226 E-.01616
G1 X108.082 Y113.849 E-.14784
G1 X107.995 Y113.448 E-.14779
G1 X107.994 Y113.314 E-.04821
;WIPE_END
G17
G3 Z2.2 I.567 J-1.077 P1  F9000
G1 X103.549 Y110.972 Z2.2
G1 Z1.8
G1 E1.2 F1800
;WIDTH:0.520548
G1 F1200
G1 X103.996 Y111.237 E.01857
;WIDTH:0.523508
G1 X104.378 Y111.589 E.01869
;WIDTH:0.525541
G1 X104.678 Y112.013 E.01876
;WIDTH:0.526411
G1 X104.884 Y112.49 E.01878
G1 X104.987 Y112.999 E.01878
;WIDTH:0.526122
G1 X104.982 Y113.518 E.01877
;WIDTH:0.524669
G1 X104.871 Y114.025 E.01872
;WIDTH:0.522052
G1 X104.655 Y114.498 E.01863
;WIDTH:0.520624
G1 X104.334 Y114.925 E.0191
;WIDTH:0.524669
G1 X103.955 Y115.257 E.0182
;WIDTH:0.52612
G1 X103.502 Y115.511 E.01878
;WIDTH:0.52641
G1 X103.007 Y115.667 E.01878
G1 X102.49 Y115.716 E.01878
;WIDTH:0.525541
G1 X101.974 Y115.658 E.01875
;WIDTH:0.523506
G1 X101.481 Y115.494 E.01868
;WIDTH:0.520549
G1 X101.034 Y115.229 E.01857
;WIDTH:0.523508
G1 X100.652 Y114.877 E.01869
;WIDTH:0.525542
G1 X100.352 Y114.453 E.01876
;WIDTH:0.526412
G1 X100.146 Y113.976 E.01878
G1 X100.043 Y113.467 E.01878
;WIDTH:0.526123
G1 X100.048 Y112.948 E.01877
;WIDTH:0.52467
G1 X100.16 Y112.441 E.01872
;WIDTH:0.522054
G1 X100.375 Y111.968 E.01863
;WIDTH:0.520625
G1 X100.696 Y111.541 E.0191
;WIDTH:0.524671
G1 X101.076 Y111.209 E.0182
;WIDTH:0.526122
G1 X101.528 Y110.955 E.01878
;WIDTH:0.526412
G1 X102.024 Y110.799 E.01878
G1 X102.54 Y110.75 E.01878
;WIDTH:0.52554
G1 X103.056 Y110.808 E.01875
;WIDTH:0.523507
G1 X103.511 Y110.96 E.01724
G1 E-.84 F2400
;WIPE_START
G1 F3600
G1 X103.996 Y111.237 E-.20118
G1 X104.32 Y111.536 E-.15882
;WIPE_END
G17
G3 Z2.2 I-.737 J-.969 P1  F9000
G1 X100.779 Y114.23 Z2.2
G1 Z1.8
G1 E1.2 F1800
;WIDTH:0.525542
G1 F1200
G1 X100.776 Y114.226 E.00018
;WIDTH:0.526412
G1 X100.612 Y113.849 E.01486
G1 X100.526 Y113.448 E.01485
;WIDTH:0.526123
G1 X100.521 Y113.037 E.01486
;WIDTH:0.52467
G1 X100.599 Y112.633 E.01485
;WIDTH:0.522054
G1 X100.791 Y112.204 E.01683
;WIDTH:0.518732
G1 X101.088 Y111.822 E.01723
;WIDTH:0.516453
G1 X101.467 Y111.522 E.01714
;WIDTH:0.515378
G1 X101.907 Y111.321 E.0171
;WIDTH:0.516593
G1 X102.382 Y111.23 E.01715
;WIDTH:0.523507
G1 X102.915 Y111.268 E.01921
G1 X103.329 Y111.396 E.01559
;WIDTH:0.520308
G1 X103.744 Y111.646 E.01729
;WIDTH:0.517446
G1 X104.087 Y111.986 E.01718
;WIDTH:0.515746
G1 X104.34 Y112.399 E.01711
G1 X104.487 Y112.86 E.01712
;WIDTH:0.524669
G1 X104.509 Y113.429 E.02054
G1 X104.431 Y113.833 E.01485
;WIDTH:0.522052
G1 X104.24 Y114.262 E.01683
;WIDTH:0.51873
G1 X103.943 Y114.644 E.01723
;WIDTH:0.516451
G1 X103.563 Y114.944 E.01714
;WIDTH:0.515376
G1 X103.123 Y115.145 E.0171
;WIDTH:0.516592
G1 X102.648 Y115.235 E.01715
;WIDTH:0.523506
G1 X102.115 Y115.198 E.01921
G1 X101.701 Y115.07 E.01559
;WIDTH:0.520308
G1 X101.286 Y114.82 E.01729
;WIDTH:0.517446
G1 X100.943 Y114.48 E.01718
;WIDTH:0.525542
G1 X100.801 Y114.263 E.00936
; stop printing object OrangePi-Spacer.stl id:8761013144 copy 0
G1 E-.84 F2400
;WIPE_START
G1 F3600
G1 X100.776 Y114.226 E-.01616
G1 X100.612 Y113.849 E-.14784
G1 X100.526 Y113.448 E-.14779
G1 X100.524 Y113.314 E-.04821
;WIPE_END
;LAYER_CHANGE
;Z:2
;HEIGHT:0.2
;BEFORE_LAYER_CHANGE
;2
G92 E0

;_SET_FAN_SPEED_CHANGING_LAYER
; printing object OrangePi-Spacer.stl id:8761013144 copy 0
G1 Z2.4 F9000
G1 X118.734 Y111.108
G1 Z2
G1 E1.2 F1800
;WIDTH:0.520623
G1 F1200
G1 X119.162 Y111.429 E.0191
;WIDTH:0.52467
G1 X119.494 Y111.809 E.0182
;WIDTH:0.52612
G1 X119.748 Y112.261 E.01878
;WIDTH:0.526411
G1 X119.904 Y112.757 E.01878
G1 X119.953 Y113.273 E.01878
;WIDTH:0.52554
G1 X119.895 Y113.789 E.01875
;WIDTH:0.523506
G1 X119.73 Y114.282 E.01868
;WIDTH:0.520549
G1 X119.466 Y114.729 E.01857
;WIDTH:0.523506
G1 X119.113 Y115.111 E.01869
;WIDTH:0.52554
G1 X118.69 Y115.411 E.01876
;WIDTH:0.526411
G1 X118.213 Y115.617 E.01878
G1 X117.704 Y115.72 E.01878
;WIDTH:0.526121
G1 X117.185 Y115.715 E.01877
;WIDTH:0.524669
G1 X116.678 Y115.604 E.01872
;WIDTH:0.522053
G1 X116.205 Y115.388 E.01863
;WIDTH:0.520626
G1 X115.778 Y115.067 E.0191
;WIDTH:0.524671
G1 X115.446 Y114.687 E.0182
;WIDTH:0.526122
G1 X115.191 Y114.235 E.01878
;WIDTH:0.526412
G1 X115.036 Y113.739 E.01878
G1 X114.987 Y113.223 E.01878
;WIDTH:0.525542
G1 X115.045 Y112.707 E.01875
;WIDTH:0.523508
G1 X115.209 Y112.214 E.01868
;WIDTH:0.520549
G1 X115.474 Y111.767 E.01857
;WIDTH:0.523508
G1 X115.826 Y111.385 E.01869
;WIDTH:0.525542
G1 X116.25 Y111.085 E.01876
;WIDTH:0.526413
G1 X116.727 Y110.879 E.01878
G1 X117.235 Y110.776 E.01878
;WIDTH:0.526123
G1 X117.755 Y110.781 E.01877
;WIDTH:0.524668
G1 X118.262 Y110.892 E.01872
;WIDTH:0.522053
G1 X118.698 Y111.091 E.01719
G1 X117.096 Y111.277 F9000
;WIDTH:0.524668
G1 F1200
G1 X117.666 Y111.254 E.02054
G1 X118.07 Y111.332 E.01485
;WIDTH:0.522053
G1 X118.499 Y111.524 E.01683
;WIDTH:0.518729
G1 X118.881 Y111.821 E.01723
;WIDTH:0.51645
G1 X119.181 Y112.2 E.01714
;WIDTH:0.515376
G1 X119.382 Y112.64 E.0171
;WIDTH:0.516592
G1 X119.472 Y113.115 E.01715
;WIDTH:0.523506
G1 X119.435 Y113.648 E.01921
G1 X119.306 Y114.062 E.01559
;WIDTH:0.520307
G1 X119.057 Y114.477 E.01729
;WIDTH:0.517445
G1 X118.717 Y114.82 E.01718
;WIDTH:0.515745
G1 X118.304 Y115.073 E.01711
G1 X117.843 Y115.22 E.01712
;WIDTH:0.524669
G1 X117.274 Y115.242 E.02054
G1 X116.87 Y115.164 E.01485
;WIDTH:0.522053
G1 X116.441 Y114.972 E.01683
;WIDTH:0.518731
G1 X116.059 Y114.675 E.01723
;WIDTH:0.516451
G1 X115.759 Y114.296 E.01714
;WIDTH:0.515377
G1 X115.558 Y113.856 E.0171
;WIDTH:0.516593
G1 X115.467 Y113.381 E.01715
;WIDTH:0.523508
G1 X115.505 Y112.848 E.01921
G1 X115.633 Y112.434 E.01559
;WIDTH:0.520309
G1 X115.882 Y112.019 E.01729
;WIDTH:0.517447
G1 X116.223 Y111.676 E.01718
;WIDTH:0.515747
G1 X116.636 Y111.423 E.01711
G1 X117.058 Y111.289 E.0157
; stop printing object OrangePi-Spacer.stl id:8761013144 copy 0
; printing object OrangePi-Spacer.stl id:29074711 copy 0
G1 E-.84 F2400
;WIPE_START
G1 F3600
G1 X117.666 Y111.254 E-.21903
G1 X118.05 Y111.328 E-.14097
;WIPE_END
G17
G3 Z2.4 I1.096 J-.529 P1  F9000
G1 X114.759 Y104.506 Z2.4
G1 Z2
G1 E1.2 F1800
;WIDTH:0.520548
G1 F1200
G1 X115.207 Y104.771 E.01857
;WIDTH:0.523506
G1 X115.588 Y105.123 E.01869
;WIDTH:0.525541
G1 X115.888 Y105.547 E.01876
;WIDTH:0.526411
G1 X116.094 Y106.024 E.01878
G1 X116.197 Y106.533 E.01878
;WIDTH:0.526122
G1 X116.193 Y107.052 E.01877
;WIDTH:0.524669
G1 X116.081 Y107.559 E.01872
;WIDTH:0.522052
G1 X115.866 Y108.032 E.01863
;WIDTH:0.520623
G1 X115.545 Y108.459 E.0191
;WIDTH:0.524669
G1 X115.165 Y108.791 E.0182
;WIDTH:0.52612
G1 X114.712 Y109.045 E.01878
;WIDTH:0.52641
G1 X114.217 Y109.201 E.01878
G1 X113.7 Y109.25 E.01878
;WIDTH:0.525541
G1 X113.184 Y109.192 E.01875
;WIDTH:0.523506
G1 X112.692 Y109.028 E.01868
;WIDTH:0.520549
G1 X112.244 Y108.763 E.01857
;WIDTH:0.523507
G1 X111.862 Y108.411 E.01869
;WIDTH:0.525541
G1 X111.562 Y107.987 E.01876
;WIDTH:0.526412
G1 X111.356 Y107.51 E.01878
G1 X111.254 Y107.001 E.01878
;WIDTH:0.526123
G1 X111.258 Y106.482 E.01877
;WIDTH:0.52467
G1 X111.37 Y105.975 E.01872
;WIDTH:0.522054
G1 X111.585 Y105.502 E.01863
;WIDTH:0.520625
G1 X111.906 Y105.075 E.0191
;WIDTH:0.524671
G1 X112.286 Y104.743 E.0182
;WIDTH:0.526122
G1 X112.739 Y104.489 E.01878
;WIDTH:0.526412
G1 X113.234 Y104.333 E.01878
G1 X113.751 Y104.284 E.01878
;WIDTH:0.52554
G1 X114.266 Y104.342 E.01875
;WIDTH:0.523507
G1 X114.721 Y104.494 E.01724
G1 E-.84 F2400
;WIPE_START
G1 F3600
G1 X115.207 Y104.771 E-.20118
G1 X115.531 Y105.07 E-.15882
;WIPE_END
G17
G3 Z2.4 I-.737 J-.969 P1  F9000
G1 X111.989 Y107.764 Z2.4
G1 Z2
G1 E1.2 F1800
;WIDTH:0.525541
G1 F1200
G1 X111.987 Y107.76 E.00017
;WIDTH:0.526412
G1 X111.822 Y107.383 E.01486
G1 X111.736 Y106.982 E.01485
;WIDTH:0.526123
G1 X111.731 Y106.571 E.01486
;WIDTH:0.52467
G1 X111.809 Y106.167 E.01485
;WIDTH:0.522054
G1 X112.001 Y105.738 E.01683
;WIDTH:0.518732
G1 X112.298 Y105.356 E.01723
;WIDTH:0.516453
G1 X112.677 Y105.056 E.01714
;WIDTH:0.515378
G1 X113.117 Y104.855 E.0171
;WIDTH:0.516593
G1 X113.592 Y104.765 E.01715
;WIDTH:0.523507
G1 X114.125 Y104.802 E.01921
G1 X114.539 Y104.93 E.01559
;WIDTH:0.520307
G1 X114.954 Y105.18 E.01729
;WIDTH:0.517445
G1 X115.297 Y105.52 E.01718
;WIDTH:0.515746
G1 X115.55 Y105.933 E.01711
G1 X115.697 Y106.394 E.01712
;WIDTH:0.524669
G1 X115.719 Y106.963 E.02054
G1 X115.642 Y107.367 E.01485
;WIDTH:0.522052
G1 X115.45 Y107.796 E.01683
;WIDTH:0.518729
G1 X115.153 Y108.178 E.01723
;WIDTH:0.516451
G1 X114.774 Y108.478 E.01714
;WIDTH:0.515376
G1 X114.334 Y108.679 E.0171
;WIDTH:0.516592
G1 X113.858 Y108.77 E.01715
;WIDTH:0.523506
G1 X113.325 Y108.732 E.01921
G1 X112.912 Y108.604 E.01559
;WIDTH:0.520308
G1 X112.497 Y108.354 E.01729
;WIDTH:0.517446
G1 X112.153 Y108.014 E.01718
;WIDTH:0.525541
G1 X112.011 Y107.797 E.00936
; stop printing object OrangePi-Spacer.stl id:29074711 copy 0
; printing object OrangePi-Spacer.stl id:0 copy 0
G1 E-.84 F2400
;WIPE_START
G1 F3600
G1 X111.987 Y107.76 E-.01607
G1 X111.822 Y107.383 E-.14784
G1 X111.736 Y106.982 E-.14779
G1 X111.734 Y106.848 E-.04829
;WIPE_END
G17
G3 Z2.4 I-1.199 J-.208 P1  F9000
G1 X111.019 Y110.972 Z2.4
G1 Z2
G1 E1.2 F1800
;WIDTH:0.520548
G1 F1200
G1 X111.466 Y111.237 E.01857
;WIDTH:0.523506
G1 X111.848 Y111.589 E.01869
;WIDTH:0.525541
G1 X112.148 Y112.013 E.01876
;WIDTH:0.526411
G1 X112.354 Y112.49 E.01878
G1 X112.457 Y112.999 E.01878
;WIDTH:0.526122
G1 X112.452 Y113.518 E.01877
;WIDTH:0.524669
G1 X112.34 Y114.025 E.01872
;WIDTH:0.522052
G1 X112.125 Y114.498 E.01863
;WIDTH:0.520623
G1 X111.804 Y114.925 E.0191
;WIDTH:0.524669
G1 X111.424 Y115.257 E.0182
;WIDTH:0.52612
G1 X110.972 Y115.511 E.01878
;WIDTH:0.52641
G1 X110.476 Y115.667 E.01878
G1 X109.96 Y115.716 E.01878
;WIDTH:0.525541
G1 X109.444 Y115.658 E.01875
;WIDTH:0.523506
G1 X108.951 Y115.494 E.01868
;WIDTH:0.520549
G1 X108.504 Y115.229 E.01857
;WIDTH:0.523507
G1 X108.122 Y114.877 E.01869
;WIDTH:0.525541
G1 X107.822 Y114.453 E.01876
;WIDTH:0.526412
G1 X107.616 Y113.976 E.01878
G1 X107.513 Y113.467 E.01878
;WIDTH:0.526123
G1 X107.518 Y112.948 E.01877
;WIDTH:0.52467
G1 X107.629 Y112.441 E.01872
;WIDTH:0.522054
G1 X107.845 Y111.968 E.01863
;WIDTH:0.520625
G1 X108.166 Y111.541 E.0191
;WIDTH:0.524671
G1 X108.545 Y111.209 E.0182
;WIDTH:0.526122
G1 X108.998 Y110.955 E.01878
;WIDTH:0.526412
G1 X109.493 Y110.799 E.01878
G1 X110.01 Y110.75 E.01878
;WIDTH:0.52554
G1 X110.526 Y110.808 E.01875
;WIDTH:0.523507
G1 X110.981 Y110.96 E.01724
G1 E-.84 F2400
;WIPE_START
G1 F3600
G1 X111.466 Y111.237 E-.20118
G1 X111.79 Y111.536 E-.15882
;WIPE_END
G17
G3 Z2.4 I-.737 J-.969 P1  F9000
G1 X108.249 Y114.229 Z2.4
G1 Z2
G1 E1.2 F1800
;WIDTH:0.525541
G1 F1200
G1 X108.246 Y114.226 E.00017
;WIDTH:0.526412
G1 X108.082 Y113.849 E.01486
G1 X107.995 Y113.448 E.01485
;WIDTH:0.526123
G1 X107.991 Y113.037 E.01486
;WIDTH:0.52467
G1 X108.069 Y112.633 E.01485
;WIDTH:0.522054
G1 X108.26 Y112.204 E.01683
;WIDTH:0.518732
G1 X108.557 Y111.822 E.01723
;WIDTH:0.516453
G1 X108.937 Y111.522 E.01714
;WIDTH:0.515378
G1 X109.377 Y111.321 E.0171
;WIDTH:0.516593
G1 X109.852 Y111.23 E.01715
;WIDTH:0.523507
G1 X110.385 Y111.268 E.01921
G1 X110.799 Y111.396 E.01559
;WIDTH:0.520307
G1 X111.214 Y111.646 E.01729
;WIDTH:0.517445
G1 X111.557 Y111.986 E.01718
;WIDTH:0.515746
G1 X111.809 Y112.399 E.01711
G1 X111.956 Y112.86 E.01712
;WIDTH:0.524669
G1 X111.979 Y113.429 E.02054
G1 X111.901 Y113.833 E.01485
;WIDTH:0.522052
G1 X111.709 Y114.262 E.01683
;WIDTH:0.518729
G1 X111.412 Y114.644 E.01723
;WIDTH:0.516451
G1 X111.033 Y114.944 E.01714
;WIDTH:0.515376
G1 X110.593 Y115.145 E.0171
;WIDTH:0.516592
G1 X110.118 Y115.235 E.01715
;WIDTH:0.523506
G1 X109.585 Y115.198 E.01921
G1 X109.171 Y115.07 E.01559
;WIDTH:0.520308
G1 X108.756 Y114.82 E.01729
;WIDTH:0.517446
G1 X108.413 Y114.48 E.01718
;WIDTH:0.525541
G1 X108.271 Y114.263 E.00936
; stop printing object OrangePi-Spacer.stl id:0 copy 0
; printing object OrangePi-Spacer.stl id:8761013144 copy 0
G1 E-.84 F2400
;WIPE_START
G1 F3600
G1 X108.246 Y114.226 E-.01607
G1 X108.082 Y113.849 E-.14784
G1 X107.995 Y113.448 E-.14779
G1 X107.994 Y113.314 E-.04829
;WIPE_END
G17
G3 Z2.4 I.567 J-1.077 P1  F9000
G1 X103.549 Y110.972 Z2.4
G1 Z2
G1 E1.2 F1800
;WIDTH:0.520548
G1 F1200
G1 X103.996 Y111.237 E.01857
;WIDTH:0.523506
G1 X104.378 Y111.589 E.01869
;WIDTH:0.525541
G1 X104.678 Y112.013 E.01876
;WIDTH:0.526411
G1 X104.884 Y112.49 E.01878
G1 X104.987 Y112.999 E.01878
;WIDTH:0.526122
G1 X104.982 Y113.518 E.01877
;WIDTH:0.524669
G1 X104.871 Y114.025 E.01872
;WIDTH:0.522052
G1 X104.655 Y114.498 E.01863
;WIDTH:0.520623
G1 X104.334 Y114.925 E.0191
;WIDTH:0.524669
G1 X103.955 Y115.257 E.0182
;WIDTH:0.52612
G1 X103.502 Y115.511 E.01878
;WIDTH:0.52641
G1 X103.007 Y115.667 E.01878
G1 X102.49 Y115.716 E.01878
;WIDTH:0.525541
G1 X101.974 Y115.658 E.01875
;WIDTH:0.523506
G1 X101.481 Y115.494 E.01868
;WIDTH:0.520549
G1 X101.034 Y115.229 E.01857
;WIDTH:0.523507
G1 X100.652 Y114.877 E.01869
;WIDTH:0.525541
G1 X100.352 Y114.453 E.01876
;WIDTH:0.526412
G1 X100.146 Y113.976 E.01878
G1 X100.043 Y113.467 E.01878
;WIDTH:0.526123
G1 X100.048 Y112.948 E.01877
;WIDTH:0.52467
G1 X100.16 Y112.441 E.01872
;WIDTH:0.522054
G1 X100.375 Y111.968 E.01863
;WIDTH:0.520625
G1 X100.696 Y111.541 E.0191
;WIDTH:0.524671
G1 X101.076 Y111.209 E.0182
;WIDTH:0.526122
G1 X101.528 Y110.955 E.01878
;WIDTH:0.526412
G1 X102.024 Y110.799 E.01878
G1 X102.54 Y110.75 E.01878
;WIDTH:0.52554
G1 X103.056 Y110.808 E.01875
;WIDTH:0.523507
G1 X103.511 Y110.96 E.01724
G1 E-.84 F2400
;WIPE_START
G1 F3600
G1 X103.996 Y111.237 E-.20118
G1 X104.32 Y111.536 E-.15882
;WIPE_END
G17
G3 Z2.4 I-.737 J-.969 P1  F9000
G1 X100.779 Y114.229 Z2.4
G1 Z2
G1 E1.2 F1800
;WIDTH:0.525541
G1 F1200
G1 X100.776 Y114.226 E.00017
;WIDTH:0.526412
G1 X100.612 Y113.849 E.01486
G1 X100.526 Y113.448 E.01485
;WIDTH:0.526123
G1 X100.521 Y113.037 E.01486
;WIDTH:0.52467
G1 X100.599 Y112.633 E.01485
;WIDTH:0.522054
G1 X100.791 Y112.204 E.01683
;WIDTH:0.518732
G1 X101.088 Y111.822 E.01723
;WIDTH:0.516453
G1 X101.467 Y111.522 E.01714
;WIDTH:0.515378
G1 X101.907 Y111.321 E.0171
;WIDTH:0.516593
G1 X102.382 Y111.23 E.01715
;WIDTH:0.523507
G1 X102.915 Y111.268 E.01921
G1 X103.329 Y111.396 E.01559
;WIDTH:0.520307
G1 X103.744 Y111.646 E.01729
;WIDTH:0.517445
G1 X104.087 Y111.986 E.01718
;WIDTH:0.515746
G1 X104.34 Y112.399 E.01711
G1 X104.487 Y112.86 E.01712
;WIDTH:0.524669
G1 X104.509 Y113.429 E.02054
G1 X104.431 Y113.833 E.01485
;WIDTH:0.522052
G1 X104.24 Y114.262 E.01683
;WIDTH:0.518729
G1 X103.943 Y114.644 E.01723
;WIDTH:0.516451
G1 X103.563 Y114.944 E.01714
;WIDTH:0.515376
G1 X103.123 Y115.145 E.0171
;WIDTH:0.516592
G1 X102.648 Y115.235 E.01715
;WIDTH:0.523506
G1 X102.115 Y115.198 E.01921
G1 X101.701 Y115.07 E.01559
;WIDTH:0.520308
G1 X101.286 Y114.82 E.01729
;WIDTH:0.517446
G1 X100.943 Y114.48 E.01718
;WIDTH:0.525541
G1 X100.801 Y114.263 E.00936
; stop printing object OrangePi-Spacer.stl id:8761013144 copy 0
G1 E-.84 F2400
;WIPE_START
G1 F3600
G1 X100.776 Y114.226 E-.01607
G1 X100.612 Y113.849 E-.14784
G1 X100.526 Y113.448 E-.14779
G1 X100.524 Y113.314 E-.04829
;WIPE_END
;LAYER_CHANGE
;Z:2.2
;HEIGHT:0.2
;BEFORE_LAYER_CHANGE
;2.2
G92 E0

;_SET_FAN_SPEED_CHANGING_LAYER
; printing object OrangePi-Spacer.stl id:8761013144 copy 0
G1 Z2.6 F9000
G1 X118.734 Y111.108
G1 Z2.2
G1 E1.2 F1800
;WIDTH:0.520624
G1 F1200
G1 X119.162 Y111.429 E.0191
;WIDTH:0.52467
G1 X119.494 Y111.809 E.0182
;WIDTH:0.52612
G1 X119.748 Y112.261 E.01878
;WIDTH:0.526411
G1 X119.904 Y112.757 E.01878
G1 X119.953 Y113.273 E.01878
;WIDTH:0.52554
G1 X119.895 Y113.789 E.01875
;WIDTH:0.523506
G1 X119.73 Y114.282 E.01868
;WIDTH:0.520549
G1 X119.466 Y114.729 E.01857
;WIDTH:0.525522
G1 X119.113 Y115.11 E.01877
;WIDTH:0.528339
G1 X118.689 Y115.41 E.01886
G1 X118.213 Y115.617 E.01885
;WIDTH:0.526411
G1 X117.704 Y115.72 E.01878
;WIDTH:0.526121
G1 X117.185 Y115.715 E.01877
;WIDTH:0.524669
G1 X116.678 Y115.604 E.01872
;WIDTH:0.522053
G1 X116.205 Y115.388 E.01863
;WIDTH:0.520626
G1 X115.778 Y115.067 E.0191
;WIDTH:0.524671
G1 X115.446 Y114.687 E.0182
;WIDTH:0.526122
G1 X115.191 Y114.235 E.01878
;WIDTH:0.526412
G1 X115.036 Y113.739 E.01878
G1 X114.987 Y113.223 E.01878
;WIDTH:0.525542
G1 X115.045 Y112.707 E.01875
;WIDTH:0.523508
G1 X115.209 Y112.214 E.01868
;WIDTH:0.520549
G1 X115.474 Y111.767 E.01857
;WIDTH:0.523509
G1 X115.826 Y111.385 E.01869
;WIDTH:0.525542
G1 X116.25 Y111.085 E.01876
;WIDTH:0.526413
G1 X116.727 Y110.879 E.01878
G1 X117.235 Y110.776 E.01878
;WIDTH:0.526123
G1 X117.755 Y110.781 E.01877
;WIDTH:0.524667
G1 X118.262 Y110.892 E.01872
;WIDTH:0.522053
G1 X118.698 Y111.091 E.01719
G1 X117.096 Y111.277 F9000
;WIDTH:0.524667
G1 F1200
G1 X117.666 Y111.254 E.02054
G1 X118.07 Y111.332 E.01485
;WIDTH:0.522053
G1 X118.499 Y111.524 E.01683
;WIDTH:0.518731
G1 X118.881 Y111.821 E.01723
;WIDTH:0.51645
G1 X119.181 Y112.2 E.01714
;WIDTH:0.515376
G1 X119.382 Y112.64 E.0171
;WIDTH:0.516592
G1 X119.472 Y113.115 E.01715
;WIDTH:0.523506
G1 X119.435 Y113.648 E.01921
G1 X119.306 Y114.062 E.01559
;WIDTH:0.520307
G1 X119.057 Y114.477 E.01729
;WIDTH:0.52527
G1 X118.808 Y114.736 E.01298
G1 X118.366 Y115.043 E.01941
;WIDTH:0.518635
G1 X117.873 Y115.214 E.01859
;WIDTH:0.51764
G1 X117.36 Y115.252 E.01827
;WIDTH:0.522053
G1 X116.87 Y115.164 E.01788
G1 X116.441 Y114.972 E.01683
;WIDTH:0.518731
G1 X116.059 Y114.675 E.01723
;WIDTH:0.516451
G1 X115.759 Y114.296 E.01714
;WIDTH:0.515377
G1 X115.558 Y113.856 E.0171
;WIDTH:0.516592
G1 X115.467 Y113.381 E.01715
;WIDTH:0.523508
G1 X115.505 Y112.848 E.01921
G1 X115.633 Y112.434 E.01559
;WIDTH:0.520309
G1 X115.882 Y112.019 E.01729
;WIDTH:0.517447
G1 X116.223 Y111.676 E.01718
;WIDTH:0.515747
G1 X116.636 Y111.423 E.01711
G1 X117.058 Y111.289 E.0157
; stop printing object OrangePi-Spacer.stl id:8761013144 copy 0
; printing object OrangePi-Spacer.stl id:29074711 copy 0
G1 E-.84 F2400
;WIPE_START
G1 F3600
G1 X117.666 Y111.254 E-.21903
G1 X118.05 Y111.328 E-.14097
;WIPE_END
G17
G3 Z2.6 I1.096 J-.529 P1  F9000
G1 X114.759 Y104.506 Z2.6
G1 Z2.2
G1 E1.2 F1800
;WIDTH:0.520548
G1 F1200
G1 X115.207 Y104.771 E.01857
;WIDTH:0.523506
G1 X115.588 Y105.123 E.01869
;WIDTH:0.525541
G1 X115.888 Y105.547 E.01876
;WIDTH:0.526411
G1 X116.094 Y106.024 E.01878
G1 X116.197 Y106.533 E.01878
;WIDTH:0.526122
G1 X116.193 Y107.052 E.01877
;WIDTH:0.524669
G1 X116.081 Y107.559 E.01872
;WIDTH:0.522052
G1 X115.866 Y108.032 E.01863
;WIDTH:0.520624
G1 X115.545 Y108.459 E.0191
;WIDTH:0.524669
G1 X115.165 Y108.791 E.0182
;WIDTH:0.52612
G1 X114.712 Y109.045 E.01878
;WIDTH:0.52641
G1 X114.217 Y109.201 E.01878
G1 X113.7 Y109.25 E.01878
;WIDTH:0.525541
G1 X113.184 Y109.192 E.01875
;WIDTH:0.523505
G1 X112.692 Y109.028 E.01868
;WIDTH:0.520549
G1 X112.244 Y108.763 E.01857
;WIDTH:0.523508
G1 X111.862 Y108.411 E.01869
;WIDTH:0.525542
G1 X111.562 Y107.987 E.01876
;WIDTH:0.526412
G1 X111.356 Y107.51 E.01878
G1 X111.254 Y107.001 E.01878
;WIDTH:0.526123
G1 X111.258 Y106.482 E.01877
;WIDTH:0.52467
G1 X111.37 Y105.975 E.01872
;WIDTH:0.522054
G1 X111.585 Y105.502 E.01863
;WIDTH:0.520625
G1 X111.906 Y105.075 E.0191
;WIDTH:0.524671
G1 X112.286 Y104.743 E.0182
;WIDTH:0.526122
G1 X112.739 Y104.489 E.01878
;WIDTH:0.526412
G1 X113.234 Y104.333 E.01878
G1 X113.751 Y104.284 E.01878
;WIDTH:0.52554
G1 X114.266 Y104.342 E.01875
;WIDTH:0.523505
G1 X114.721 Y104.494 E.01724
G1 E-.84 F2400
;WIPE_START
G1 F3600
G1 X115.207 Y104.771 E-.20118
G1 X115.531 Y105.07 E-.15882
;WIPE_END
G17
G3 Z2.6 I-.737 J-.969 P1  F9000
G1 X111.989 Y107.763 Z2.6
G1 Z2.2
G1 E1.2 F1800
;WIDTH:0.525542
G1 F1200
G1 X111.987 Y107.76 E.00016
;WIDTH:0.526412
G1 X111.822 Y107.383 E.01486
G1 X111.736 Y106.982 E.01485
;WIDTH:0.526123
G1 X111.731 Y106.571 E.01486
;WIDTH:0.52467
G1 X111.809 Y106.167 E.01485
;WIDTH:0.522054
G1 X112.001 Y105.738 E.01683
;WIDTH:0.518732
G1 X112.298 Y105.356 E.01723
;WIDTH:0.516453
G1 X112.677 Y105.056 E.01714
;WIDTH:0.515378
G1 X113.117 Y104.855 E.0171
;WIDTH:0.516592
G1 X113.592 Y104.765 E.01715
;WIDTH:0.523505
G1 X114.125 Y104.802 E.01921
G1 X114.539 Y104.93 E.01559
;WIDTH:0.520307
G1 X114.954 Y105.18 E.01729
;WIDTH:0.517445
G1 X115.297 Y105.52 E.01718
;WIDTH:0.515746
G1 X115.55 Y105.933 E.01711
G1 X115.697 Y106.394 E.01712
;WIDTH:0.524669
G1 X115.719 Y106.963 E.02054
G1 X115.642 Y107.367 E.01485
;WIDTH:0.522052
G1 X115.45 Y107.796 E.01683
;WIDTH:0.518731
G1 X115.153 Y108.178 E.01723
;WIDTH:0.516451
G1 X114.774 Y108.478 E.01714
;WIDTH:0.515376
G1 X114.334 Y108.679 E.0171
;WIDTH:0.516592
G1 X113.858 Y108.77 E.01715
;WIDTH:0.523505
G1 X113.325 Y108.732 E.01921
G1 X112.912 Y108.604 E.01559
;WIDTH:0.520308
G1 X112.497 Y108.354 E.01729
;WIDTH:0.517446
G1 X112.153 Y108.014 E.01718
;WIDTH:0.525542
G1 X112.011 Y107.797 E.00937
; stop printing object OrangePi-Spacer.stl id:29074711 copy 0
; printing object OrangePi-Spacer.stl id:0 copy 0
G1 E-.84 F2400
;WIPE_START
G1 F3600
G1 X111.987 Y107.76 E-.01599
G1 X111.822 Y107.383 E-.14784
G1 X111.736 Y106.982 E-.14779
G1 X111.734 Y106.848 E-.04838
;WIPE_END
G17
G3 Z2.6 I-1.199 J-.208 P1  F9000
G1 X111.019 Y110.972 Z2.6
G1 Z2.2
G1 E1.2 F1800
;WIDTH:0.520548
G1 F1200
G1 X111.466 Y111.237 E.01857
;WIDTH:0.523506
G1 X111.848 Y111.589 E.01869
;WIDTH:0.525541
G1 X112.148 Y112.013 E.01876
;WIDTH:0.526411
G1 X112.354 Y112.49 E.01878
G1 X112.457 Y112.999 E.01878
;WIDTH:0.526122
G1 X112.452 Y113.518 E.01877
;WIDTH:0.524669
G1 X112.34 Y114.025 E.01872
;WIDTH:0.522052
G1 X112.125 Y114.498 E.01863
;WIDTH:0.520624
G1 X111.804 Y114.925 E.0191
;WIDTH:0.524669
G1 X111.424 Y115.257 E.0182
;WIDTH:0.52612
G1 X110.972 Y115.511 E.01878
;WIDTH:0.52641
G1 X110.476 Y115.667 E.01878
G1 X109.96 Y115.716 E.01878
;WIDTH:0.525541
G1 X109.444 Y115.658 E.01875
;WIDTH:0.523505
G1 X108.951 Y115.494 E.01868
;WIDTH:0.520549
G1 X108.504 Y115.229 E.01857
;WIDTH:0.523508
G1 X108.122 Y114.877 E.01869
;WIDTH:0.525542
G1 X107.822 Y114.453 E.01876
;WIDTH:0.526412
G1 X107.616 Y113.976 E.01878
G1 X107.513 Y113.467 E.01878
;WIDTH:0.526123
G1 X107.518 Y112.948 E.01877
;WIDTH:0.52467
G1 X107.629 Y112.441 E.01872
;WIDTH:0.522054
G1 X107.845 Y111.968 E.01863
;WIDTH:0.520625
G1 X108.166 Y111.541 E.0191
;WIDTH:0.524671
G1 X108.545 Y111.209 E.0182
;WIDTH:0.526122
G1 X108.998 Y110.955 E.01878
;WIDTH:0.526412
G1 X109.493 Y110.799 E.01878
G1 X110.01 Y110.75 E.01878
;WIDTH:0.52554
G1 X110.526 Y110.808 E.01875
;WIDTH:0.523505
G1 X110.981 Y110.96 E.01724
G1 E-.84 F2400
;WIPE_START
G1 F3600
G1 X111.466 Y111.237 E-.20118
G1 X111.79 Y111.536 E-.15882
;WIPE_END
G17
G3 Z2.6 I-.737 J-.969 P1  F9000
G1 X108.249 Y114.229 Z2.6
G1 Z2.2
G1 E1.2 F1800
;WIDTH:0.525542
G1 F1200
G1 X108.246 Y114.226 E.00016
;WIDTH:0.526412
G1 X108.082 Y113.849 E.01486
G1 X107.995 Y113.448 E.01485
;WIDTH:0.526123
G1 X107.991 Y113.037 E.01486
;WIDTH:0.52467
G1 X108.069 Y112.633 E.01485
;WIDTH:0.522054
G1 X108.26 Y112.204 E.01683
;WIDTH:0.518732
G1 X108.557 Y111.822 E.01723
;WIDTH:0.516453
G1 X108.937 Y111.522 E.01714
;WIDTH:0.515378
G1 X109.377 Y111.321 E.0171
;WIDTH:0.516592
G1 X109.852 Y111.23 E.01715
;WIDTH:0.523505
G1 X110.385 Y111.268 E.01921
G1 X110.799 Y111.396 E.01559
;WIDTH:0.520307
G1 X111.214 Y111.646 E.01729
;WIDTH:0.517445
G1 X111.557 Y111.986 E.01718
;WIDTH:0.515746
G1 X111.809 Y112.399 E.01711
G1 X111.956 Y112.86 E.01712
;WIDTH:0.524669
G1 X111.979 Y113.429 E.02054
G1 X111.901 Y113.833 E.01485
;WIDTH:0.522052
G1 X111.709 Y114.262 E.01683
;WIDTH:0.518731
G1 X111.412 Y114.644 E.01723
;WIDTH:0.516451
G1 X111.033 Y114.944 E.01714
;WIDTH:0.515376
G1 X110.593 Y115.145 E.0171
;WIDTH:0.516592
G1 X110.118 Y115.235 E.01715
;WIDTH:0.523505
G1 X109.585 Y115.198 E.01921
G1 X109.171 Y115.07 E.01559
;WIDTH:0.520308
G1 X108.756 Y114.82 E.01729
;WIDTH:0.517446
G1 X108.413 Y114.48 E.01718
;WIDTH:0.525542
G1 X108.271 Y114.263 E.00937
; stop printing object OrangePi-Spacer.stl id:0 copy 0
; printing object OrangePi-Spacer.stl id:8761013144 copy 0
G1 E-.84 F2400
;WIPE_START
G1 F3600
G1 X108.246 Y114.226 E-.01599
G1 X108.082 Y113.849 E-.14784
G1 X107.995 Y113.448 E-.14779
G1 X107.994 Y113.314 E-.04838
;WIPE_END
G17
G3 Z2.6 I.567 J-1.077 P1  F9000
G1 X103.549 Y110.972 Z2.6
G1 Z2.2
G1 E1.2 F1800
;WIDTH:0.520548
G1 F1200
G1 X103.996 Y111.237 E.01857
;WIDTH:0.523506
G1 X104.378 Y111.589 E.01869
;WIDTH:0.525541
G1 X104.678 Y112.013 E.01876
;WIDTH:0.526411
G1 X104.884 Y112.49 E.01878
G1 X104.987 Y112.999 E.01878
;WIDTH:0.526122
G1 X104.982 Y113.518 E.01877
;WIDTH:0.524669
G1 X104.871 Y114.025 E.01872
;WIDTH:0.522052
G1 X104.655 Y114.498 E.01863
;WIDTH:0.520624
G1 X104.334 Y114.925 E.0191
;WIDTH:0.524669
G1 X103.955 Y115.257 E.0182
;WIDTH:0.52612
G1 X103.502 Y115.511 E.01878
;WIDTH:0.52641
G1 X103.007 Y115.667 E.01878
G1 X102.49 Y115.716 E.01878
;WIDTH:0.525541
G1 X101.974 Y115.658 E.01875
;WIDTH:0.523505
G1 X101.481 Y115.494 E.01868
;WIDTH:0.520549
G1 X101.034 Y115.229 E.01857
;WIDTH:0.523508
G1 X100.652 Y114.877 E.01869
;WIDTH:0.525542
G1 X100.352 Y114.453 E.01876
;WIDTH:0.526412
G1 X100.146 Y113.976 E.01878
G1 X100.043 Y113.467 E.01878
;WIDTH:0.526123
G1 X100.048 Y112.948 E.01877
;WIDTH:0.52467
G1 X100.16 Y112.441 E.01872
;WIDTH:0.522054
G1 X100.375 Y111.968 E.01863
;WIDTH:0.520625
G1 X100.696 Y111.541 E.0191
;WIDTH:0.524671
G1 X101.076 Y111.209 E.0182
;WIDTH:0.526122
G1 X101.528 Y110.955 E.01878
;WIDTH:0.526412
G1 X102.024 Y110.799 E.01878
G1 X102.54 Y110.75 E.01878
;WIDTH:0.52554
G1 X103.056 Y110.808 E.01875
;WIDTH:0.523505
G1 X103.511 Y110.96 E.01724
G1 E-.84 F2400
;WIPE_START
G1 F3600
G1 X103.996 Y111.237 E-.20118
G1 X104.32 Y111.536 E-.15882
;WIPE_END
G17
G3 Z2.6 I-.737 J-.969 P1  F9000
G1 X100.779 Y114.229 Z2.6
G1 Z2.2
G1 E1.2 F1800
;WIDTH:0.525542
G1 F1200
G1 X100.776 Y114.226 E.00016
;WIDTH:0.526412
G1 X100.612 Y113.849 E.01486
G1 X100.526 Y113.448 E.01485
;WIDTH:0.526123
G1 X100.521 Y113.037 E.01486
;WIDTH:0.52467
G1 X100.599 Y112.633 E.01485
;WIDTH:0.522054
G1 X100.791 Y112.204 E.01683
;WIDTH:0.518732
G1 X101.088 Y111.822 E.01723
;WIDTH:0.516453
G1 X101.467 Y111.522 E.01714
;WIDTH:0.515378
G1 X101.907 Y111.321 E.0171
;WIDTH:0.516592
G1 X102.382 Y111.23 E.01715
;WIDTH:0.523505
G1 X102.915 Y111.268 E.01921
G1 X103.329 Y111.396 E.01559
;WIDTH:0.520307
G1 X103.744 Y111.646 E.01729
;WIDTH:0.517445
G1 X104.087 Y111.986 E.01718
;WIDTH:0.515746
G1 X104.34 Y112.399 E.01711
G1 X104.487 Y112.86 E.01712
;WIDTH:0.524669
G1 X104.509 Y113.429 E.02054
G1 X104.431 Y113.833 E.01485
;WIDTH:0.522052
G1 X104.24 Y114.262 E.01683
;WIDTH:0.518731
G1 X103.943 Y114.644 E.01723
;WIDTH:0.516451
G1 X103.563 Y114.944 E.01714
;WIDTH:0.515376
G1 X103.123 Y115.145 E.0171
;WIDTH:0.516592
G1 X102.648 Y115.235 E.01715
;WIDTH:0.523505
G1 X102.115 Y115.198 E.01921
G1 X101.701 Y115.07 E.01559
;WIDTH:0.520308
G1 X101.286 Y114.82 E.01729
;WIDTH:0.517446
G1 X100.943 Y114.48 E.01718
;WIDTH:0.525542
G1 X100.801 Y114.263 E.00937
; stop printing object OrangePi-Spacer.stl id:8761013144 copy 0
G1 E-.84 F2400
;WIPE_START
G1 F3600
G1 X100.776 Y114.226 E-.01599
G1 X100.612 Y113.849 E-.14784
G1 X100.526 Y113.448 E-.14779
G1 X100.524 Y113.314 E-.04838
;WIPE_END
;LAYER_CHANGE
;Z:2.4
;HEIGHT:0.2
;BEFORE_LAYER_CHANGE
;2.4
G92 E0

;_SET_FAN_SPEED_CHANGING_LAYER
; printing object OrangePi-Spacer.stl id:8761013144 copy 0
G1 Z2.8 F9000
G1 X118.734 Y111.108
G1 Z2.4
G1 E1.2 F1800
;WIDTH:0.520624
G1 F1200
G1 X119.162 Y111.429 E.0191
;WIDTH:0.52467
G1 X119.494 Y111.809 E.0182
;WIDTH:0.52612
G1 X119.748 Y112.261 E.01878
;WIDTH:0.526411
G1 X119.904 Y112.757 E.01878
G1 X119.953 Y113.273 E.01878
;WIDTH:0.52554
G1 X119.895 Y113.789 E.01875
;WIDTH:0.523506
G1 X119.73 Y114.282 E.01868
;WIDTH:0.520549
G1 X119.466 Y114.729 E.01857
;WIDTH:0.523506
G1 X119.113 Y115.111 E.01869
;WIDTH:0.52554
G1 X118.69 Y115.411 E.01876
;WIDTH:0.526411
G1 X118.213 Y115.617 E.01878
G1 X117.704 Y115.72 E.01878
;WIDTH:0.526121
G1 X117.185 Y115.715 E.01877
;WIDTH:0.524669
G1 X116.678 Y115.604 E.01872
;WIDTH:0.522053
G1 X116.205 Y115.388 E.01863
;WIDTH:0.520626
G1 X115.778 Y115.067 E.0191
;WIDTH:0.524671
G1 X115.446 Y114.687 E.0182
;WIDTH:0.526122
G1 X115.191 Y114.235 E.01878
;WIDTH:0.526412
G1 X115.036 Y113.739 E.01878
G1 X114.987 Y113.223 E.01878
;WIDTH:0.525542
G1 X115.045 Y112.707 E.01875
;WIDTH:0.523507
G1 X115.209 Y112.214 E.01868
;WIDTH:0.520549
G1 X115.474 Y111.767 E.01857
;WIDTH:0.523508
G1 X115.826 Y111.385 E.01869
;WIDTH:0.525542
G1 X116.25 Y111.085 E.01876
;WIDTH:0.526412
G1 X116.727 Y110.879 E.01878
G1 X117.235 Y110.776 E.01878
;WIDTH:0.526122
G1 X117.755 Y110.781 E.01877
;WIDTH:0.524667
G1 X118.262 Y110.892 E.01872
;WIDTH:0.522053
G1 X118.698 Y111.091 E.01719
G1 X117.096 Y111.277 F9000
;WIDTH:0.524667
G1 F1200
G1 X117.666 Y111.254 E.02054
G1 X118.07 Y111.332 E.01485
;WIDTH:0.522053
G1 X118.499 Y111.524 E.01683
;WIDTH:0.51873
G1 X118.881 Y111.821 E.01723
;WIDTH:0.51645
G1 X119.181 Y112.2 E.01714
;WIDTH:0.515376
G1 X119.382 Y112.64 E.0171
;WIDTH:0.516592
G1 X119.472 Y113.115 E.01715
;WIDTH:0.523506
G1 X119.435 Y113.648 E.01921
G1 X119.306 Y114.062 E.01559
;WIDTH:0.520307
G1 X119.057 Y114.477 E.01729
;WIDTH:0.517445
G1 X118.717 Y114.82 E.01718
;WIDTH:0.515745
G1 X118.304 Y115.073 E.01711
G1 X117.843 Y115.22 E.01712
;WIDTH:0.524669
G1 X117.274 Y115.242 E.02054
G1 X116.87 Y115.164 E.01485
;WIDTH:0.522053
G1 X116.441 Y114.972 E.01683
;WIDTH:0.518731
G1 X116.059 Y114.675 E.01723
;WIDTH:0.516451
G1 X115.759 Y114.296 E.01714
;WIDTH:0.515377
G1 X115.558 Y113.856 E.0171
;WIDTH:0.516592
G1 X115.467 Y113.381 E.01715
;WIDTH:0.523507
G1 X115.505 Y112.848 E.01921
G1 X115.633 Y112.434 E.01559
;WIDTH:0.520309
G1 X115.882 Y112.019 E.01729
;WIDTH:0.517447
G1 X116.223 Y111.676 E.01718
;WIDTH:0.515747
G1 X116.636 Y111.423 E.01711
G1 X117.058 Y111.289 E.0157
; stop printing object OrangePi-Spacer.stl id:8761013144 copy 0
; printing object OrangePi-Spacer.stl id:29074711 copy 0
G1 E-.84 F2400
;WIPE_START
G1 F3600
G1 X117.666 Y111.254 E-.21903
G1 X118.05 Y111.328 E-.14097
;WIPE_END
G17
G3 Z2.8 I1.096 J-.529 P1  F9000
G1 X114.759 Y104.506 Z2.8
G1 Z2.4
G1 E1.2 F1800
;WIDTH:0.520548
G1 F1200
G1 X115.207 Y104.771 E.01857
;WIDTH:0.523506
G1 X115.588 Y105.123 E.01869
;WIDTH:0.525541
G1 X115.888 Y105.547 E.01876
;WIDTH:0.526411
G1 X116.094 Y106.024 E.01878
G1 X116.197 Y106.533 E.01878
;WIDTH:0.526122
G1 X116.193 Y107.052 E.01877
;WIDTH:0.524669
G1 X116.081 Y107.559 E.01872
;WIDTH:0.522052
G1 X115.866 Y108.032 E.01863
;WIDTH:0.520624
G1 X115.545 Y108.459 E.0191
;WIDTH:0.524669
G1 X115.165 Y108.791 E.0182
;WIDTH:0.52612
G1 X114.712 Y109.045 E.01878
;WIDTH:0.52641
G1 X114.217 Y109.201 E.01878
G1 X113.7 Y109.25 E.01878
;WIDTH:0.525541
G1 X113.184 Y109.192 E.01875
;WIDTH:0.523506
G1 X112.692 Y109.028 E.01868
;WIDTH:0.520549
G1 X112.244 Y108.763 E.01857
;WIDTH:0.523508
G1 X111.862 Y108.411 E.01869
;WIDTH:0.525541
G1 X111.562 Y107.987 E.01876
;WIDTH:0.526412
G1 X111.356 Y107.51 E.01878
G1 X111.254 Y107.001 E.01878
;WIDTH:0.526123
G1 X111.258 Y106.482 E.01877
;WIDTH:0.52467
G1 X111.37 Y105.975 E.01872
;WIDTH:0.522054
G1 X111.585 Y105.502 E.01863
;WIDTH:0.520625
G1 X111.906 Y105.075 E.0191
;WIDTH:0.524671
G1 X112.286 Y104.743 E.0182
;WIDTH:0.526122
G1 X112.739 Y104.489 E.01878
;WIDTH:0.526412
G1 X113.234 Y104.333 E.01878
G1 X113.751 Y104.284 E.01878
;WIDTH:0.52554
G1 X114.266 Y104.342 E.01875
;WIDTH:0.523507
G1 X114.721 Y104.494 E.01724
G1 E-.84 F2400
;WIPE_START
G1 F3600
G1 X115.207 Y104.771 E-.20118
G1 X115.531 Y105.07 E-.15882
;WIPE_END
G17
G3 Z2.8 I-.737 J-.969 P1  F9000
G1 X111.989 Y107.763 Z2.8
G1 Z2.4
G1 E1.2 F1800
;WIDTH:0.525541
G1 F1200
G1 X111.987 Y107.76 E.00015
;WIDTH:0.526412
G1 X111.822 Y107.383 E.01486
G1 X111.736 Y106.982 E.01485
;WIDTH:0.526123
G1 X111.731 Y106.571 E.01486
;WIDTH:0.52467
G1 X111.809 Y106.167 E.01485
;WIDTH:0.522054
G1 X112.001 Y105.738 E.01683
;WIDTH:0.518732
G1 X112.298 Y105.356 E.01723
;WIDTH:0.516453
G1 X112.677 Y105.056 E.01714
;WIDTH:0.515378
G1 X113.117 Y104.855 E.0171
;WIDTH:0.516593
G1 X113.592 Y104.765 E.01715
;WIDTH:0.523507
G1 X114.125 Y104.802 E.01921
G1 X114.539 Y104.93 E.01559
;WIDTH:0.520307
G1 X114.954 Y105.18 E.01729
;WIDTH:0.517445
G1 X115.297 Y105.52 E.01718
;WIDTH:0.515746
G1 X115.55 Y105.933 E.01711
G1 X115.697 Y106.394 E.01712
;WIDTH:0.524669
G1 X115.719 Y106.963 E.02054
G1 X115.642 Y107.367 E.01485
;WIDTH:0.522052
G1 X115.45 Y107.796 E.01683
;WIDTH:0.51873
G1 X115.153 Y108.178 E.01723
;WIDTH:0.516451
G1 X114.774 Y108.478 E.01714
;WIDTH:0.515376
G1 X114.334 Y108.679 E.0171
;WIDTH:0.516592
G1 X113.858 Y108.77 E.01715
;WIDTH:0.523506
G1 X113.325 Y108.732 E.01921
G1 X112.912 Y108.604 E.01559
;WIDTH:0.520308
G1 X112.497 Y108.354 E.01729
;WIDTH:0.517446
G1 X112.153 Y108.014 E.01718
;WIDTH:0.525541
G1 X112.011 Y107.797 E.00938
; stop printing object OrangePi-Spacer.stl id:29074711 copy 0
; printing object OrangePi-Spacer.stl id:0 copy 0
G1 E-.84 F2400
;WIPE_START
G1 F3600
G1 X111.987 Y107.76 E-.0159
G1 X111.822 Y107.383 E-.14784
G1 X111.736 Y106.982 E-.14779
G1 X111.734 Y106.847 E-.04847
;WIPE_END
G17
G3 Z2.8 I-1.199 J-.208 P1  F9000
G1 X111.019 Y110.972 Z2.8
G1 Z2.4
G1 E1.2 F1800
;WIDTH:0.520548
G1 F1200
G1 X111.466 Y111.237 E.01857
;WIDTH:0.523506
G1 X111.848 Y111.589 E.01869
;WIDTH:0.525541
G1 X112.148 Y112.013 E.01876
;WIDTH:0.526411
G1 X112.354 Y112.49 E.01878
G1 X112.457 Y112.999 E.01878
;WIDTH:0.526122
G1 X112.452 Y113.518 E.01877
;WIDTH:0.524669
G1 X112.34 Y114.025 E.01872
;WIDTH:0.522052
G1 X112.125 Y114.498 E.01863
;WIDTH:0.520624
G1 X111.804 Y114.925 E.0191
;WIDTH:0.524669
G1 X111.424 Y115.257 E.0182
;WIDTH:0.52612
G1 X110.972 Y115.511 E.01878
;WIDTH:0.52641
G1 X110.476 Y115.667 E.01878
G1 X109.96 Y115.716 E.01878
;WIDTH:0.525541
G1 X109.444 Y115.658 E.01875
;WIDTH:0.523506
G1 X108.951 Y115.494 E.01868
;WIDTH:0.520549
G1 X108.504 Y115.229 E.01857
;WIDTH:0.523508
G1 X108.122 Y114.877 E.01869
;WIDTH:0.525541
G1 X107.822 Y114.453 E.01876
;WIDTH:0.526412
G1 X107.616 Y113.976 E.01878
G1 X107.513 Y113.467 E.01878
;WIDTH:0.526123
G1 X107.518 Y112.948 E.01877
;WIDTH:0.52467
G1 X107.629 Y112.441 E.01872
;WIDTH:0.522054
G1 X107.845 Y111.968 E.01863
;WIDTH:0.520625
G1 X108.166 Y111.541 E.0191
;WIDTH:0.524671
G1 X108.545 Y111.209 E.0182
;WIDTH:0.526122
G1 X108.998 Y110.955 E.01878
;WIDTH:0.526412
G1 X109.493 Y110.799 E.01878
G1 X110.01 Y110.75 E.01878
;WIDTH:0.52554
G1 X110.526 Y110.808 E.01875
;WIDTH:0.523507
G1 X110.981 Y110.96 E.01724
G1 E-.84 F2400
;WIPE_START
G1 F3600
G1 X111.466 Y111.237 E-.20118
G1 X111.79 Y111.536 E-.15882
;WIPE_END
G17
G3 Z2.8 I-.737 J-.969 P1  F9000
G1 X108.249 Y114.229 Z2.8
G1 Z2.4
G1 E1.2 F1800
;WIDTH:0.525541
G1 F1200
G1 X108.246 Y114.226 E.00015
;WIDTH:0.526412
G1 X108.082 Y113.849 E.01486
G1 X107.995 Y113.448 E.01485
;WIDTH:0.526123
G1 X107.991 Y113.037 E.01486
;WIDTH:0.52467
G1 X108.069 Y112.633 E.01485
;WIDTH:0.522054
G1 X108.26 Y112.204 E.01683
;WIDTH:0.518732
G1 X108.557 Y111.822 E.01723
;WIDTH:0.516453
G1 X108.937 Y111.522 E.01714
;WIDTH:0.515378
G1 X109.377 Y111.321 E.0171
;WIDTH:0.516593
G1 X109.852 Y111.23 E.01715
;WIDTH:0.523507
G1 X110.385 Y111.268 E.01921
G1 X110.799 Y111.396 E.01559
;WIDTH:0.520307
G1 X111.214 Y111.646 E.01729
;WIDTH:0.517445
G1 X111.557 Y111.986 E.01718
;WIDTH:0.515746
G1 X111.809 Y112.399 E.01711
G1 X111.956 Y112.86 E.01712
;WIDTH:0.524669
G1 X111.979 Y113.429 E.02054
G1 X111.901 Y113.833 E.01485
;WIDTH:0.522052
G1 X111.709 Y114.262 E.01683
;WIDTH:0.51873
G1 X111.412 Y114.644 E.01723
;WIDTH:0.516451
G1 X111.033 Y114.944 E.01714
;WIDTH:0.515376
G1 X110.593 Y115.145 E.0171
;WIDTH:0.516592
G1 X110.118 Y115.235 E.01715
;WIDTH:0.523506
G1 X109.585 Y115.198 E.01921
G1 X109.171 Y115.07 E.01559
;WIDTH:0.520308
G1 X108.756 Y114.82 E.01729
;WIDTH:0.517446
G1 X108.413 Y114.48 E.01718
;WIDTH:0.525541
G1 X108.27 Y114.262 E.00938
; stop printing object OrangePi-Spacer.stl id:0 copy 0
; printing object OrangePi-Spacer.stl id:8761013144 copy 0
G1 E-.84 F2400
;WIPE_START
G1 F3600
G1 X108.246 Y114.226 E-.0159
G1 X108.082 Y113.849 E-.14784
G1 X107.995 Y113.448 E-.14779
G1 X107.994 Y113.313 E-.04847
;WIPE_END
G17
G3 Z2.8 I.567 J-1.077 P1  F9000
G1 X103.549 Y110.972 Z2.8
G1 Z2.4
G1 E1.2 F1800
;WIDTH:0.520548
G1 F1200
G1 X103.996 Y111.237 E.01857
;WIDTH:0.523506
G1 X104.378 Y111.589 E.01869
;WIDTH:0.525541
G1 X104.678 Y112.013 E.01876
;WIDTH:0.526411
G1 X104.884 Y112.49 E.01878
G1 X104.987 Y112.999 E.01878
;WIDTH:0.526122
G1 X104.982 Y113.518 E.01877
;WIDTH:0.524669
G1 X104.871 Y114.025 E.01872
;WIDTH:0.522052
G1 X104.655 Y114.498 E.01863
;WIDTH:0.520624
G1 X104.334 Y114.925 E.0191
;WIDTH:0.524669
G1 X103.955 Y115.257 E.0182
;WIDTH:0.52612
G1 X103.502 Y115.511 E.01878
;WIDTH:0.52641
G1 X103.007 Y115.667 E.01878
G1 X102.49 Y115.716 E.01878
;WIDTH:0.525541
G1 X101.974 Y115.658 E.01875
;WIDTH:0.523506
G1 X101.481 Y115.494 E.01868
;WIDTH:0.520549
G1 X101.034 Y115.229 E.01857
;WIDTH:0.523508
G1 X100.652 Y114.877 E.01869
;WIDTH:0.525541
G1 X100.352 Y114.453 E.01876
;WIDTH:0.526412
G1 X100.146 Y113.976 E.01878
G1 X100.043 Y113.467 E.01878
;WIDTH:0.526123
G1 X100.048 Y112.948 E.01877
;WIDTH:0.52467
G1 X100.16 Y112.441 E.01872
;WIDTH:0.522054
G1 X100.375 Y111.968 E.01863
;WIDTH:0.520625
G1 X100.696 Y111.541 E.0191
;WIDTH:0.524671
G1 X101.076 Y111.209 E.0182
;WIDTH:0.526122
G1 X101.528 Y110.955 E.01878
;WIDTH:0.526412
G1 X102.024 Y110.799 E.01878
G1 X102.54 Y110.75 E.01878
;WIDTH:0.52554
G1 X103.056 Y110.808 E.01875
;WIDTH:0.523507
G1 X103.511 Y110.96 E.01724
G1 E-.84 F2400
;WIPE_START
G1 F3600
G1 X103.996 Y111.237 E-.20118
G1 X104.32 Y111.536 E-.15882
;WIPE_END
G17
G3 Z2.8 I-.737 J-.969 P1  F9000
G1 X100.779 Y114.229 Z2.8
G1 Z2.4
G1 E1.2 F1800
;WIDTH:0.525541
G1 F1200
G1 X100.776 Y114.226 E.00015
;WIDTH:0.526412
G1 X100.612 Y113.849 E.01486
G1 X100.526 Y113.448 E.01485
;WIDTH:0.526123
G1 X100.521 Y113.037 E.01486
;WIDTH:0.52467
G1 X100.599 Y112.633 E.01485
;WIDTH:0.522054
G1 X100.791 Y112.204 E.01683
;WIDTH:0.518732
G1 X101.088 Y111.822 E.01723
;WIDTH:0.516453
G1 X101.467 Y111.522 E.01714
;WIDTH:0.515378
G1 X101.907 Y111.321 E.0171
;WIDTH:0.516593
G1 X102.382 Y111.23 E.01715
;WIDTH:0.523507
G1 X102.915 Y111.268 E.01921
G1 X103.329 Y111.396 E.01559
;WIDTH:0.520307
G1 X103.744 Y111.646 E.01729
;WIDTH:0.517445
G1 X104.087 Y111.986 E.01718
;WIDTH:0.515746
G1 X104.34 Y112.399 E.01711
G1 X104.487 Y112.86 E.01712
;WIDTH:0.524669
G1 X104.509 Y113.429 E.02054
G1 X104.431 Y113.833 E.01485
;WIDTH:0.522052
G1 X104.24 Y114.262 E.01683
;WIDTH:0.51873
G1 X103.943 Y114.644 E.01723
;WIDTH:0.516451
G1 X103.563 Y114.944 E.01714
;WIDTH:0.515376
G1 X103.123 Y115.145 E.0171
;WIDTH:0.516592
G1 X102.648 Y115.235 E.01715
;WIDTH:0.523506
G1 X102.115 Y115.198 E.01921
G1 X101.701 Y115.07 E.01559
;WIDTH:0.520308
G1 X101.286 Y114.82 E.01729
;WIDTH:0.517446
G1 X100.943 Y114.48 E.01718
;WIDTH:0.525541
G1 X100.801 Y114.262 E.00938
; stop printing object OrangePi-Spacer.stl id:8761013144 copy 0
G1 E-.84 F2400
;WIPE_START
G1 F3600
G1 X100.776 Y114.226 E-.0159
G1 X100.612 Y113.849 E-.14784
G1 X100.526 Y113.448 E-.14779
G1 X100.524 Y113.313 E-.04847
;WIPE_END
;LAYER_CHANGE
;Z:2.6
;HEIGHT:0.2
;BEFORE_LAYER_CHANGE
;2.6
G92 E0

;_SET_FAN_SPEED_CHANGING_LAYER
; printing object OrangePi-Spacer.stl id:8761013144 copy 0
G1 Z3 F9000
G1 X118.734 Y111.108
G1 Z2.6
G1 E1.2 F1800
;WIDTH:0.520623
G1 F1200
G1 X119.162 Y111.429 E.0191
;WIDTH:0.52467
G1 X119.494 Y111.809 E.0182
;WIDTH:0.52612
G1 X119.748 Y112.261 E.01878
;WIDTH:0.526411
G1 X119.904 Y112.757 E.01878
G1 X119.953 Y113.273 E.01878
;WIDTH:0.52554
G1 X119.895 Y113.789 E.01875
;WIDTH:0.523506
G1 X119.73 Y114.282 E.01868
;WIDTH:0.520549
G1 X119.466 Y114.729 E.01857
;WIDTH:0.523506
G1 X119.113 Y115.111 E.01869
;WIDTH:0.52554
G1 X118.69 Y115.411 E.01876
;WIDTH:0.526411
G1 X118.213 Y115.617 E.01878
G1 X117.704 Y115.72 E.01878
;WIDTH:0.526121
G1 X117.185 Y115.715 E.01877
;WIDTH:0.524669
G1 X116.678 Y115.604 E.01872
;WIDTH:0.522053
G1 X116.205 Y115.388 E.01863
;WIDTH:0.520626
G1 X115.778 Y115.067 E.0191
;WIDTH:0.524671
G1 X115.446 Y114.687 E.0182
;WIDTH:0.526122
G1 X115.191 Y114.235 E.01878
;WIDTH:0.526412
G1 X115.036 Y113.739 E.01878
G1 X114.987 Y113.223 E.01878
;WIDTH:0.525542
G1 X115.045 Y112.707 E.01875
;WIDTH:0.523507
G1 X115.209 Y112.214 E.01868
;WIDTH:0.520549
G1 X115.474 Y111.767 E.01857
;WIDTH:0.523508
G1 X115.826 Y111.385 E.01869
;WIDTH:0.525541
G1 X116.25 Y111.085 E.01876
;WIDTH:0.526413
G1 X116.727 Y110.879 E.01878
G1 X117.235 Y110.776 E.01878
;WIDTH:0.526123
G1 X117.755 Y110.781 E.01877
;WIDTH:0.524667
G1 X118.262 Y110.892 E.01872
;WIDTH:0.522053
G1 X118.698 Y111.091 E.01719
G1 X117.096 Y111.277 F9000
;WIDTH:0.524667
G1 F1200
G1 X117.666 Y111.254 E.02054
G1 X118.07 Y111.332 E.01485
;WIDTH:0.522053
G1 X118.499 Y111.524 E.01683
;WIDTH:0.51873
G1 X118.881 Y111.821 E.01723
;WIDTH:0.51645
G1 X119.181 Y112.2 E.01714
;WIDTH:0.515376
G1 X119.382 Y112.64 E.0171
;WIDTH:0.516592
G1 X119.472 Y113.115 E.01715
;WIDTH:0.523506
G1 X119.435 Y113.648 E.01921
G1 X119.306 Y114.062 E.01559
;WIDTH:0.520307
G1 X119.057 Y114.477 E.01729
;WIDTH:0.517445
G1 X118.717 Y114.82 E.01718
;WIDTH:0.515745
G1 X118.304 Y115.073 E.01711
G1 X117.843 Y115.22 E.01712
;WIDTH:0.524669
G1 X117.274 Y115.242 E.02054
G1 X116.87 Y115.164 E.01485
;WIDTH:0.522053
G1 X116.441 Y114.972 E.01683
;WIDTH:0.518731
G1 X116.059 Y114.675 E.01723
;WIDTH:0.516451
G1 X115.759 Y114.296 E.01714
;WIDTH:0.515377
G1 X115.558 Y113.856 E.0171
;WIDTH:0.516593
G1 X115.467 Y113.381 E.01715
;WIDTH:0.523507
G1 X115.505 Y112.848 E.01921
G1 X115.633 Y112.434 E.01559
;WIDTH:0.520309
G1 X115.882 Y112.019 E.01729
;WIDTH:0.517446
G1 X116.223 Y111.676 E.01718
;WIDTH:0.515747
G1 X116.636 Y111.423 E.01711
G1 X117.058 Y111.289 E.0157
; stop printing object OrangePi-Spacer.stl id:8761013144 copy 0
; printing object OrangePi-Spacer.stl id:29074711 copy 0
G1 E-.84 F2400
;WIPE_START
G1 F3600
G1 X117.666 Y111.254 E-.21903
G1 X118.05 Y111.328 E-.14097
;WIPE_END
G17
G3 Z3 I1.096 J-.529 P1  F9000
G1 X114.759 Y104.506 Z3
G1 Z2.6
G1 E1.2 F1800
;WIDTH:0.520548
G1 F1200
G1 X115.207 Y104.771 E.01857
;WIDTH:0.523506
G1 X115.588 Y105.123 E.01869
;WIDTH:0.525541
G1 X115.888 Y105.547 E.01876
;WIDTH:0.526411
G1 X116.094 Y106.024 E.01878
G1 X116.197 Y106.533 E.01878
;WIDTH:0.526122
G1 X116.193 Y107.052 E.01877
;WIDTH:0.524669
G1 X116.081 Y107.559 E.01872
;WIDTH:0.522052
G1 X115.866 Y108.032 E.01863
;WIDTH:0.520623
G1 X115.545 Y108.459 E.0191
;WIDTH:0.524669
G1 X115.165 Y108.791 E.0182
;WIDTH:0.52612
G1 X114.712 Y109.045 E.01878
;WIDTH:0.52641
G1 X114.217 Y109.201 E.01878
G1 X113.7 Y109.25 E.01878
;WIDTH:0.525541
G1 X113.184 Y109.192 E.01875
;WIDTH:0.523506
G1 X112.692 Y109.028 E.01868
;WIDTH:0.520549
G1 X112.244 Y108.763 E.01857
;WIDTH:0.523507
G1 X111.862 Y108.411 E.01869
;WIDTH:0.525541
G1 X111.562 Y107.987 E.01876
;WIDTH:0.526412
G1 X111.356 Y107.51 E.01878
G1 X111.254 Y107.001 E.01878
;WIDTH:0.526123
G1 X111.258 Y106.482 E.01877
;WIDTH:0.52467
G1 X111.37 Y105.975 E.01872
;WIDTH:0.522054
G1 X111.585 Y105.502 E.01863
;WIDTH:0.520625
G1 X111.906 Y105.075 E.0191
;WIDTH:0.524671
G1 X112.286 Y104.743 E.0182
;WIDTH:0.526122
G1 X112.739 Y104.489 E.01878
;WIDTH:0.526412
G1 X113.234 Y104.333 E.01878
G1 X113.751 Y104.284 E.01878
;WIDTH:0.52554
G1 X114.266 Y104.342 E.01875
;WIDTH:0.523507
G1 X114.721 Y104.494 E.01724
G1 E-.84 F2400
;WIPE_START
G1 F3600
G1 X115.207 Y104.771 E-.20118
G1 X115.531 Y105.07 E-.15882
;WIPE_END
G17
G3 Z3 I-.737 J-.969 P1  F9000
G1 X111.989 Y107.763 Z3
G1 Z2.6
G1 E1.2 F1800
;WIDTH:0.525541
G1 F1200
G1 X111.987 Y107.76 E.00014
;WIDTH:0.526412
G1 X111.822 Y107.383 E.01486
G1 X111.736 Y106.982 E.01485
;WIDTH:0.526123
G1 X111.731 Y106.571 E.01486
;WIDTH:0.52467
G1 X111.809 Y106.167 E.01485
;WIDTH:0.522054
G1 X112.001 Y105.738 E.01683
;WIDTH:0.518732
G1 X112.298 Y105.356 E.01723
;WIDTH:0.516453
G1 X112.677 Y105.056 E.01714
;WIDTH:0.515378
G1 X113.117 Y104.855 E.0171
;WIDTH:0.516593
G1 X113.592 Y104.765 E.01715
;WIDTH:0.523507
G1 X114.125 Y104.802 E.01921
G1 X114.539 Y104.93 E.01559
;WIDTH:0.520307
G1 X114.954 Y105.18 E.01729
;WIDTH:0.517445
G1 X115.297 Y105.52 E.01718
;WIDTH:0.515745
G1 X115.55 Y105.933 E.01711
G1 X115.697 Y106.394 E.01712
;WIDTH:0.524669
G1 X115.719 Y106.963 E.02054
G1 X115.642 Y107.367 E.01485
;WIDTH:0.522052
G1 X115.45 Y107.796 E.01683
;WIDTH:0.51873
G1 X115.153 Y108.178 E.01723
;WIDTH:0.516451
G1 X114.774 Y108.478 E.01714
;WIDTH:0.515376
G1 X114.334 Y108.679 E.0171
;WIDTH:0.516592
G1 X113.858 Y108.77 E.01715
;WIDTH:0.523506
G1 X113.325 Y108.732 E.01921
G1 X112.912 Y108.604 E.01559
;WIDTH:0.520308
G1 X112.497 Y108.354 E.01729
;WIDTH:0.517446
G1 X112.153 Y108.014 E.01718
;WIDTH:0.525541
G1 X112.011 Y107.796 E.00939
; stop printing object OrangePi-Spacer.stl id:29074711 copy 0
; printing object OrangePi-Spacer.stl id:0 copy 0
G1 E-.84 F2400
;WIPE_START
G1 F3600
G1 X111.987 Y107.76 E-.01581
G1 X111.822 Y107.383 E-.14784
G1 X111.736 Y106.982 E-.14779
G1 X111.734 Y106.847 E-.04856
;WIPE_END
G17
G3 Z3 I-1.199 J-.208 P1  F9000
G1 X111.019 Y110.972 Z3
G1 Z2.6
G1 E1.2 F1800
;WIDTH:0.520548
G1 F1200
G1 X111.466 Y111.237 E.01857
;WIDTH:0.523506
G1 X111.848 Y111.589 E.01869
;WIDTH:0.525541
G1 X112.148 Y112.013 E.01876
;WIDTH:0.526411
G1 X112.354 Y112.49 E.01878
G1 X112.457 Y112.999 E.01878
;WIDTH:0.526122
G1 X112.452 Y113.518 E.01877
;WIDTH:0.524669
G1 X112.34 Y114.025 E.01872
;WIDTH:0.522052
G1 X112.125 Y114.498 E.01863
;WIDTH:0.520623
G1 X111.804 Y114.925 E.0191
;WIDTH:0.524669
G1 X111.424 Y115.257 E.0182
;WIDTH:0.52612
G1 X110.972 Y115.511 E.01878
;WIDTH:0.52641
G1 X110.476 Y115.667 E.01878
G1 X109.96 Y115.716 E.01878
;WIDTH:0.525541
G1 X109.444 Y115.658 E.01875
;WIDTH:0.523506
G1 X108.951 Y115.494 E.01868
;WIDTH:0.520549
G1 X108.504 Y115.229 E.01857
;WIDTH:0.523507
G1 X108.122 Y114.877 E.01869
;WIDTH:0.525541
G1 X107.822 Y114.453 E.01876
;WIDTH:0.526412
G1 X107.616 Y113.976 E.01878
G1 X107.513 Y113.467 E.01878
;WIDTH:0.526123
G1 X107.518 Y112.948 E.01877
;WIDTH:0.52467
G1 X107.629 Y112.441 E.01872
;WIDTH:0.522054
G1 X107.845 Y111.968 E.01863
;WIDTH:0.520625
G1 X108.166 Y111.541 E.0191
;WIDTH:0.524671
G1 X108.545 Y111.209 E.0182
;WIDTH:0.526122
G1 X108.998 Y110.955 E.01878
;WIDTH:0.526412
G1 X109.493 Y110.799 E.01878
G1 X110.01 Y110.75 E.01878
;WIDTH:0.52554
G1 X110.526 Y110.808 E.01875
;WIDTH:0.523507
G1 X110.981 Y110.96 E.01724
G1 E-.84 F2400
;WIPE_START
G1 F3600
G1 X111.466 Y111.237 E-.20118
G1 X111.79 Y111.536 E-.15882
;WIPE_END
G17
G3 Z3 I-.737 J-.969 P1  F9000
G1 X108.248 Y114.229 Z3
G1 Z2.6
G1 E1.2 F1800
;WIDTH:0.525541
G1 F1200
G1 X108.246 Y114.226 E.00014
;WIDTH:0.526412
G1 X108.082 Y113.849 E.01486
G1 X107.995 Y113.448 E.01485
;WIDTH:0.526123
G1 X107.991 Y113.037 E.01486
;WIDTH:0.52467
G1 X108.069 Y112.633 E.01485
;WIDTH:0.522054
G1 X108.26 Y112.204 E.01683
;WIDTH:0.518732
G1 X108.557 Y111.822 E.01723
;WIDTH:0.516453
G1 X108.937 Y111.522 E.01714
;WIDTH:0.515378
G1 X109.377 Y111.321 E.0171
;WIDTH:0.516593
G1 X109.852 Y111.23 E.01715
;WIDTH:0.523507
G1 X110.385 Y111.268 E.01921
G1 X110.799 Y111.396 E.01559
;WIDTH:0.520307
G1 X111.214 Y111.646 E.01729
;WIDTH:0.517445
G1 X111.557 Y111.986 E.01718
;WIDTH:0.515745
G1 X111.809 Y112.399 E.01711
G1 X111.956 Y112.86 E.01712
;WIDTH:0.524669
G1 X111.979 Y113.429 E.02054
G1 X111.901 Y113.833 E.01485
;WIDTH:0.522052
G1 X111.709 Y114.262 E.01683
;WIDTH:0.51873
G1 X111.412 Y114.644 E.01723
;WIDTH:0.516451
G1 X111.033 Y114.944 E.01714
;WIDTH:0.515376
G1 X110.593 Y115.145 E.0171
;WIDTH:0.516592
G1 X110.118 Y115.235 E.01715
;WIDTH:0.523506
G1 X109.585 Y115.198 E.01921
G1 X109.171 Y115.07 E.01559
;WIDTH:0.520308
G1 X108.756 Y114.82 E.01729
;WIDTH:0.517446
G1 X108.413 Y114.48 E.01718
;WIDTH:0.525541
G1 X108.27 Y114.262 E.00939
; stop printing object OrangePi-Spacer.stl id:0 copy 0
; printing object OrangePi-Spacer.stl id:8761013144 copy 0
G1 E-.84 F2400
;WIPE_START
G1 F3600
G1 X108.246 Y114.226 E-.01581
G1 X108.082 Y113.849 E-.14784
G1 X107.995 Y113.448 E-.14779
G1 X107.994 Y113.313 E-.04856
;WIPE_END
G17
G3 Z3 I.567 J-1.077 P1  F9000
G1 X103.549 Y110.972 Z3
G1 Z2.6
G1 E1.2 F1800
;WIDTH:0.520548
G1 F1200
G1 X103.996 Y111.237 E.01857
;WIDTH:0.523506
G1 X104.378 Y111.589 E.01869
;WIDTH:0.525541
G1 X104.678 Y112.013 E.01876
;WIDTH:0.526411
G1 X104.884 Y112.49 E.01878
G1 X104.987 Y112.999 E.01878
;WIDTH:0.526122
G1 X104.982 Y113.518 E.01877
;WIDTH:0.524669
G1 X104.871 Y114.025 E.01872
;WIDTH:0.522052
G1 X104.655 Y114.498 E.01863
;WIDTH:0.520623
G1 X104.334 Y114.925 E.0191
;WIDTH:0.524669
G1 X103.955 Y115.257 E.0182
;WIDTH:0.52612
G1 X103.502 Y115.511 E.01878
;WIDTH:0.52641
G1 X103.007 Y115.667 E.01878
G1 X102.49 Y115.716 E.01878
;WIDTH:0.525541
G1 X101.974 Y115.658 E.01875
;WIDTH:0.523506
G1 X101.481 Y115.494 E.01868
;WIDTH:0.520549
G1 X101.034 Y115.229 E.01857
;WIDTH:0.523507
G1 X100.652 Y114.877 E.01869
;WIDTH:0.525541
G1 X100.352 Y114.453 E.01876
;WIDTH:0.526412
G1 X100.146 Y113.976 E.01878
G1 X100.043 Y113.467 E.01878
;WIDTH:0.526123
G1 X100.048 Y112.948 E.01877
;WIDTH:0.52467
G1 X100.16 Y112.441 E.01872
;WIDTH:0.522054
G1 X100.375 Y111.968 E.01863
;WIDTH:0.520625
G1 X100.696 Y111.541 E.0191
;WIDTH:0.524671
G1 X101.076 Y111.209 E.0182
;WIDTH:0.526122
G1 X101.528 Y110.955 E.01878
;WIDTH:0.526412
G1 X102.024 Y110.799 E.01878
G1 X102.54 Y110.75 E.01878
;WIDTH:0.52554
G1 X103.056 Y110.808 E.01875
;WIDTH:0.523507
G1 X103.511 Y110.96 E.01724
G1 E-.84 F2400
;WIPE_START
G1 F3600
G1 X103.996 Y111.237 E-.20118
G1 X104.32 Y111.536 E-.15882
;WIPE_END
G17
G3 Z3 I-.737 J-.969 P1  F9000
G1 X100.779 Y114.229 Z3
G1 Z2.6
G1 E1.2 F1800
;WIDTH:0.525541
G1 F1200
G1 X100.776 Y114.226 E.00014
;WIDTH:0.526412
G1 X100.612 Y113.849 E.01486
G1 X100.526 Y113.448 E.01485
;WIDTH:0.526123
G1 X100.521 Y113.037 E.01486
;WIDTH:0.52467
G1 X100.599 Y112.633 E.01485
;WIDTH:0.522054
G1 X100.791 Y112.204 E.01683
;WIDTH:0.518732
G1 X101.088 Y111.822 E.01723
;WIDTH:0.516453
G1 X101.467 Y111.522 E.01714
;WIDTH:0.515378
G1 X101.907 Y111.321 E.0171
;WIDTH:0.516593
G1 X102.382 Y111.23 E.01715
;WIDTH:0.523507
G1 X102.915 Y111.268 E.01921
G1 X103.329 Y111.396 E.01559
;WIDTH:0.520307
G1 X103.744 Y111.646 E.01729
;WIDTH:0.517445
G1 X104.087 Y111.986 E.01718
;WIDTH:0.515745
G1 X104.34 Y112.399 E.01711
G1 X104.487 Y112.86 E.01712
;WIDTH:0.524669
G1 X104.509 Y113.429 E.02054
G1 X104.431 Y113.833 E.01485
;WIDTH:0.522052
G1 X104.24 Y114.262 E.01683
;WIDTH:0.51873
G1 X103.943 Y114.644 E.01723
;WIDTH:0.516451
G1 X103.563 Y114.944 E.01714
;WIDTH:0.515376
G1 X103.123 Y115.145 E.0171
;WIDTH:0.516592
G1 X102.648 Y115.235 E.01715
;WIDTH:0.523506
G1 X102.115 Y115.198 E.01921
G1 X101.701 Y115.07 E.01559
;WIDTH:0.520308
G1 X101.286 Y114.82 E.01729
;WIDTH:0.517446
G1 X100.943 Y114.48 E.01718
;WIDTH:0.525541
G1 X100.8 Y114.262 E.00939
; stop printing object OrangePi-Spacer.stl id:8761013144 copy 0
G1 E-.84 F2400
;WIPE_START
G1 F3600
G1 X100.776 Y114.226 E-.01581
G1 X100.612 Y113.849 E-.14784
G1 X100.526 Y113.448 E-.14779
G1 X100.524 Y113.313 E-.04856
;WIPE_END
;LAYER_CHANGE
;Z:2.8
;HEIGHT:0.2
;BEFORE_LAYER_CHANGE
;2.8
G92 E0

;_SET_FAN_SPEED_CHANGING_LAYER
; printing object OrangePi-Spacer.stl id:8761013144 copy 0
G1 Z3.2 F9000
G1 X118.734 Y111.108
G1 Z2.8
G1 E1.2 F1800
;WIDTH:0.520624
G1 F1200
G1 X119.162 Y111.429 E.0191
;WIDTH:0.52467
G1 X119.494 Y111.809 E.0182
;WIDTH:0.52612
G1 X119.748 Y112.261 E.01878
;WIDTH:0.526411
G1 X119.904 Y112.757 E.01878
G1 X119.953 Y113.273 E.01878
;WIDTH:0.52554
G1 X119.895 Y113.789 E.01875
;WIDTH:0.523506
G1 X119.73 Y114.282 E.01868
;WIDTH:0.520549
G1 X119.466 Y114.729 E.01857
;WIDTH:0.523506
G1 X119.113 Y115.111 E.01869
;WIDTH:0.52554
G1 X118.69 Y115.411 E.01876
;WIDTH:0.526411
G1 X118.213 Y115.617 E.01878
G1 X117.704 Y115.72 E.01878
;WIDTH:0.526121
G1 X117.185 Y115.715 E.01877
;WIDTH:0.524669
G1 X116.678 Y115.604 E.01872
;WIDTH:0.522052
G1 X116.205 Y115.388 E.01863
;WIDTH:0.520625
G1 X115.778 Y115.067 E.0191
;WIDTH:0.524671
G1 X115.446 Y114.687 E.0182
;WIDTH:0.526121
G1 X115.191 Y114.235 E.01878
;WIDTH:0.526412
G1 X115.036 Y113.739 E.01878
G1 X114.987 Y113.223 E.01878
;WIDTH:0.525542
G1 X115.045 Y112.707 E.01875
;WIDTH:0.523508
G1 X115.209 Y112.214 E.01868
;WIDTH:0.520549
G1 X115.474 Y111.767 E.01857
;WIDTH:0.523508
G1 X115.826 Y111.385 E.01869
;WIDTH:0.525542
G1 X116.25 Y111.085 E.01876
;WIDTH:0.526413
G1 X116.727 Y110.879 E.01878
G1 X117.235 Y110.776 E.01878
;WIDTH:0.526123
G1 X117.755 Y110.781 E.01877
;WIDTH:0.524668
G1 X118.262 Y110.892 E.01872
;WIDTH:0.522053
G1 X118.698 Y111.091 E.01719
G1 X117.096 Y111.277 F9000
;WIDTH:0.524668
G1 F1200
G1 X117.666 Y111.254 E.02054
G1 X118.07 Y111.332 E.01485
;WIDTH:0.522053
G1 X118.499 Y111.524 E.01683
;WIDTH:0.51873
G1 X118.881 Y111.821 E.01723
;WIDTH:0.51645
G1 X119.181 Y112.2 E.01714
;WIDTH:0.515376
G1 X119.382 Y112.64 E.0171
;WIDTH:0.516592
G1 X119.472 Y113.115 E.01715
;WIDTH:0.523506
G1 X119.435 Y113.648 E.01921
G1 X119.306 Y114.062 E.01559
;WIDTH:0.520307
G1 X119.057 Y114.477 E.01729
;WIDTH:0.517445
G1 X118.717 Y114.82 E.01718
;WIDTH:0.515745
G1 X118.304 Y115.073 E.01711
G1 X117.843 Y115.22 E.01712
;WIDTH:0.524669
G1 X117.274 Y115.242 E.02054
G1 X116.87 Y115.164 E.01485
;WIDTH:0.522052
G1 X116.441 Y114.972 E.01683
;WIDTH:0.518731
G1 X116.059 Y114.675 E.01723
;WIDTH:0.516451
G1 X115.759 Y114.296 E.01714
;WIDTH:0.515377
G1 X115.558 Y113.856 E.0171
;WIDTH:0.516592
G1 X115.467 Y113.381 E.01715
;WIDTH:0.523508
G1 X115.505 Y112.848 E.01921
G1 X115.633 Y112.434 E.01559
;WIDTH:0.520309
G1 X115.882 Y112.019 E.01729
;WIDTH:0.517447
G1 X116.223 Y111.676 E.01718
;WIDTH:0.515747
G1 X116.636 Y111.423 E.01711
G1 X117.058 Y111.289 E.0157
; stop printing object OrangePi-Spacer.stl id:8761013144 copy 0
; printing object OrangePi-Spacer.stl id:29074711 copy 0
G1 E-.84 F2400
;WIPE_START
G1 F3600
G1 X117.666 Y111.254 E-.21903
G1 X118.05 Y111.328 E-.14097
;WIPE_END
G17
G3 Z3.2 I1.096 J-.529 P1  F9000
G1 X114.759 Y104.506 Z3.2
G1 Z2.8
G1 E1.2 F1800
;WIDTH:0.520548
G1 F1200
G1 X115.207 Y104.771 E.01857
;WIDTH:0.523506
G1 X115.588 Y105.123 E.01869
;WIDTH:0.525541
G1 X115.888 Y105.547 E.01876
;WIDTH:0.526411
G1 X116.094 Y106.024 E.01878
G1 X116.197 Y106.533 E.01878
;WIDTH:0.526122
G1 X116.193 Y107.052 E.01877
;WIDTH:0.524669
G1 X116.081 Y107.559 E.01872
;WIDTH:0.522052
G1 X115.866 Y108.032 E.01863
;WIDTH:0.520624
G1 X115.545 Y108.459 E.0191
;WIDTH:0.52467
G1 X115.165 Y108.791 E.0182
;WIDTH:0.52612
G1 X114.712 Y109.045 E.01878
;WIDTH:0.52641
G1 X114.217 Y109.201 E.01878
G1 X113.7 Y109.25 E.01878
;WIDTH:0.525541
G1 X113.184 Y109.192 E.01875
;WIDTH:0.523505
G1 X112.692 Y109.028 E.01868
;WIDTH:0.520549
G1 X112.244 Y108.763 E.01857
;WIDTH:0.523508
G1 X111.862 Y108.411 E.01869
;WIDTH:0.525541
G1 X111.562 Y107.987 E.01876
;WIDTH:0.526412
G1 X111.356 Y107.51 E.01878
G1 X111.254 Y107.001 E.01878
;WIDTH:0.526123
G1 X111.258 Y106.482 E.01877
;WIDTH:0.52467
G1 X111.37 Y105.975 E.01872
;WIDTH:0.522054
G1 X111.585 Y105.502 E.01863
;WIDTH:0.520625
G1 X111.906 Y105.075 E.0191
;WIDTH:0.524671
G1 X112.286 Y104.743 E.0182
;WIDTH:0.526122
G1 X112.739 Y104.489 E.01878
;WIDTH:0.526412
G1 X113.234 Y104.333 E.01878
G1 X113.751 Y104.284 E.01878
;WIDTH:0.52554
G1 X114.266 Y104.342 E.01875
;WIDTH:0.523505
G1 X114.721 Y104.494 E.01724
G1 E-.84 F2400
;WIPE_START
G1 F3600
G1 X115.207 Y104.771 E-.20118
G1 X115.531 Y105.07 E-.15882
;WIPE_END
G17
G3 Z3.2 I-.736 J-.969 P1  F9000
G1 X111.989 Y107.763 Z3.2
G1 Z2.8
G1 E1.2 F1800
;WIDTH:0.525541
G1 F1200
G1 X111.987 Y107.76 E.00013
;WIDTH:0.526412
G1 X111.822 Y107.383 E.01486
G1 X111.736 Y106.982 E.01485
;WIDTH:0.526123
G1 X111.731 Y106.571 E.01486
;WIDTH:0.52467
G1 X111.809 Y106.167 E.01485
;WIDTH:0.522054
G1 X112.001 Y105.738 E.01683
;WIDTH:0.518732
G1 X112.298 Y105.356 E.01723
;WIDTH:0.516451
G1 X112.677 Y105.056 E.01714
;WIDTH:0.515378
G1 X113.117 Y104.855 E.0171
;WIDTH:0.516592
G1 X113.592 Y104.765 E.01715
;WIDTH:0.523505
G1 X114.125 Y104.802 E.01921
G1 X114.539 Y104.93 E.01559
;WIDTH:0.520307
G1 X114.954 Y105.18 E.01729
;WIDTH:0.517445
G1 X115.297 Y105.52 E.01718
;WIDTH:0.515746
G1 X115.55 Y105.933 E.01711
G1 X115.697 Y106.394 E.01712
;WIDTH:0.524669
G1 X115.719 Y106.963 E.02054
G1 X115.642 Y107.367 E.01485
;WIDTH:0.522052
G1 X115.45 Y107.796 E.01683
;WIDTH:0.51873
G1 X115.153 Y108.178 E.01723
;WIDTH:0.51645
G1 X114.774 Y108.478 E.01714
;WIDTH:0.515376
G1 X114.334 Y108.679 E.0171
;WIDTH:0.516592
G1 X113.858 Y108.77 E.01715
;WIDTH:0.523505
G1 X113.325 Y108.732 E.01921
G1 X112.912 Y108.604 E.01559
;WIDTH:0.520308
G1 X112.497 Y108.354 E.01729
;WIDTH:0.517446
G1 X112.153 Y108.014 E.01718
;WIDTH:0.525541
G1 X112.011 Y107.796 E.0094
; stop printing object OrangePi-Spacer.stl id:29074711 copy 0
; printing object OrangePi-Spacer.stl id:0 copy 0
G1 E-.84 F2400
;WIPE_START
G1 F3600
G1 X111.987 Y107.76 E-.01572
G1 X111.822 Y107.383 E-.14784
G1 X111.736 Y106.982 E-.14779
G1 X111.734 Y106.847 E-.04865
;WIPE_END
G17
G3 Z3.2 I-1.199 J-.208 P1  F9000
G1 X111.019 Y110.972 Z3.2
G1 Z2.8
G1 E1.2 F1800
;WIDTH:0.520548
G1 F1200
G1 X111.466 Y111.237 E.01857
;WIDTH:0.523506
G1 X111.848 Y111.589 E.01869
;WIDTH:0.525541
G1 X112.148 Y112.013 E.01876
;WIDTH:0.526411
G1 X112.354 Y112.49 E.01878
G1 X112.457 Y112.999 E.01878
;WIDTH:0.526122
G1 X112.452 Y113.518 E.01877
;WIDTH:0.524669
G1 X112.34 Y114.025 E.01872
;WIDTH:0.522052
G1 X112.125 Y114.498 E.01863
;WIDTH:0.520624
G1 X111.804 Y114.925 E.0191
;WIDTH:0.52467
G1 X111.424 Y115.257 E.0182
;WIDTH:0.52612
G1 X110.972 Y115.511 E.01878
;WIDTH:0.52641
G1 X110.476 Y115.667 E.01878
G1 X109.96 Y115.716 E.01878
;WIDTH:0.525541
G1 X109.444 Y115.658 E.01875
;WIDTH:0.523505
G1 X108.951 Y115.494 E.01868
;WIDTH:0.520549
G1 X108.504 Y115.229 E.01857
;WIDTH:0.523508
G1 X108.122 Y114.877 E.01869
;WIDTH:0.525541
G1 X107.822 Y114.453 E.01876
;WIDTH:0.526412
G1 X107.616 Y113.976 E.01878
G1 X107.513 Y113.467 E.01878
;WIDTH:0.526123
G1 X107.518 Y112.948 E.01877
;WIDTH:0.52467
G1 X107.629 Y112.441 E.01872
;WIDTH:0.522054
G1 X107.845 Y111.968 E.01863
;WIDTH:0.520625
G1 X108.166 Y111.541 E.0191
;WIDTH:0.524671
G1 X108.545 Y111.209 E.0182
;WIDTH:0.526122
G1 X108.998 Y110.955 E.01878
;WIDTH:0.526412
G1 X109.493 Y110.799 E.01878
G1 X110.01 Y110.75 E.01878
;WIDTH:0.52554
G1 X110.526 Y110.808 E.01875
;WIDTH:0.523505
G1 X110.981 Y110.96 E.01724
G1 E-.84 F2400
;WIPE_START
G1 F3600
G1 X111.466 Y111.237 E-.20118
G1 X111.79 Y111.536 E-.15882
;WIPE_END
G17
G3 Z3.2 I-.736 J-.969 P1  F9000
G1 X108.248 Y114.229 Z3.2
G1 Z2.8
G1 E1.2 F1800
;WIDTH:0.525541
G1 F1200
G1 X108.246 Y114.226 E.00013
;WIDTH:0.526412
G1 X108.082 Y113.849 E.01486
G1 X107.995 Y113.448 E.01485
;WIDTH:0.526123
G1 X107.991 Y113.037 E.01486
;WIDTH:0.52467
G1 X108.069 Y112.633 E.01485
;WIDTH:0.522054
G1 X108.26 Y112.204 E.01683
;WIDTH:0.518732
G1 X108.557 Y111.822 E.01723
;WIDTH:0.516451
G1 X108.937 Y111.522 E.01714
;WIDTH:0.515378
G1 X109.377 Y111.321 E.0171
;WIDTH:0.516592
G1 X109.852 Y111.23 E.01715
;WIDTH:0.523505
G1 X110.385 Y111.268 E.01921
G1 X110.799 Y111.396 E.01559
;WIDTH:0.520307
G1 X111.214 Y111.646 E.01729
;WIDTH:0.517445
G1 X111.557 Y111.986 E.01718
;WIDTH:0.515746
G1 X111.809 Y112.399 E.01711
G1 X111.956 Y112.86 E.01712
;WIDTH:0.524669
G1 X111.979 Y113.429 E.02054
G1 X111.901 Y113.833 E.01485
;WIDTH:0.522052
G1 X111.709 Y114.262 E.01683
;WIDTH:0.51873
G1 X111.412 Y114.644 E.01723
;WIDTH:0.51645
G1 X111.033 Y114.944 E.01714
;WIDTH:0.515376
G1 X110.593 Y115.145 E.0171
;WIDTH:0.516592
G1 X110.118 Y115.235 E.01715
;WIDTH:0.523505
G1 X109.585 Y115.198 E.01921
G1 X109.171 Y115.07 E.01559
;WIDTH:0.520308
G1 X108.756 Y114.82 E.01729
;WIDTH:0.517446
G1 X108.413 Y114.48 E.01718
;WIDTH:0.525541
G1 X108.27 Y114.262 E.0094
; stop printing object OrangePi-Spacer.stl id:0 copy 0
; printing object OrangePi-Spacer.stl id:8761013144 copy 0
G1 E-.84 F2400
;WIPE_START
G1 F3600
G1 X108.246 Y114.226 E-.01572
G1 X108.082 Y113.849 E-.14784
G1 X107.995 Y113.448 E-.14779
G1 X107.994 Y113.313 E-.04865
;WIPE_END
G17
G3 Z3.2 I.567 J-1.077 P1  F9000
G1 X103.549 Y110.972 Z3.2
G1 Z2.8
G1 E1.2 F1800
;WIDTH:0.520548
G1 F1200
G1 X103.996 Y111.237 E.01857
;WIDTH:0.523506
G1 X104.378 Y111.589 E.01869
;WIDTH:0.525541
G1 X104.678 Y112.013 E.01876
;WIDTH:0.526411
G1 X104.884 Y112.49 E.01878
G1 X104.987 Y112.999 E.01878
;WIDTH:0.526122
G1 X104.982 Y113.518 E.01877
;WIDTH:0.524669
G1 X104.871 Y114.025 E.01872
;WIDTH:0.522052
G1 X104.655 Y114.498 E.01863
;WIDTH:0.520624
G1 X104.334 Y114.925 E.0191
;WIDTH:0.52467
G1 X103.955 Y115.257 E.0182
;WIDTH:0.52612
G1 X103.502 Y115.511 E.01878
;WIDTH:0.52641
G1 X103.007 Y115.667 E.01878
G1 X102.49 Y115.716 E.01878
;WIDTH:0.525541
G1 X101.974 Y115.658 E.01875
;WIDTH:0.523505
G1 X101.481 Y115.494 E.01868
;WIDTH:0.520549
G1 X101.034 Y115.229 E.01857
;WIDTH:0.523508
G1 X100.652 Y114.877 E.01869
;WIDTH:0.525541
G1 X100.352 Y114.453 E.01876
;WIDTH:0.526412
G1 X100.146 Y113.976 E.01878
G1 X100.043 Y113.467 E.01878
;WIDTH:0.526123
G1 X100.048 Y112.948 E.01877
;WIDTH:0.52467
G1 X100.16 Y112.441 E.01872
;WIDTH:0.522054
G1 X100.375 Y111.968 E.01863
;WIDTH:0.520625
G1 X100.696 Y111.541 E.0191
;WIDTH:0.524671
G1 X101.076 Y111.209 E.0182
;WIDTH:0.526122
G1 X101.528 Y110.955 E.01878
;WIDTH:0.526412
G1 X102.024 Y110.799 E.01878
G1 X102.54 Y110.75 E.01878
;WIDTH:0.52554
G1 X103.056 Y110.808 E.01875
;WIDTH:0.523505
G1 X103.511 Y110.96 E.01724
G1 E-.84 F2400
;WIPE_START
G1 F3600
G1 X103.996 Y111.237 E-.20118
G1 X104.32 Y111.536 E-.15882
;WIPE_END
G17
G3 Z3.2 I-.736 J-.969 P1  F9000
G1 X100.778 Y114.229 Z3.2
G1 Z2.8
G1 E1.2 F1800
;WIDTH:0.525541
G1 F1200
G1 X100.776 Y114.226 E.00013
;WIDTH:0.526412
G1 X100.612 Y113.849 E.01486
G1 X100.526 Y113.448 E.01485
;WIDTH:0.526123
G1 X100.521 Y113.037 E.01486
;WIDTH:0.52467
G1 X100.599 Y112.633 E.01485
;WIDTH:0.522054
G1 X100.791 Y112.204 E.01683
;WIDTH:0.518732
G1 X101.088 Y111.822 E.01723
;WIDTH:0.516451
G1 X101.467 Y111.522 E.01714
;WIDTH:0.515378
G1 X101.907 Y111.321 E.0171
;WIDTH:0.516592
G1 X102.382 Y111.23 E.01715
;WIDTH:0.523505
G1 X102.915 Y111.268 E.01921
G1 X103.329 Y111.396 E.01559
;WIDTH:0.520307
G1 X103.744 Y111.646 E.01729
;WIDTH:0.517445
G1 X104.087 Y111.986 E.01718
;WIDTH:0.515746
G1 X104.34 Y112.399 E.01711
G1 X104.487 Y112.86 E.01712
;WIDTH:0.524669
G1 X104.509 Y113.429 E.02054
G1 X104.431 Y113.833 E.01485
;WIDTH:0.522052
G1 X104.24 Y114.262 E.01683
;WIDTH:0.51873
G1 X103.943 Y114.644 E.01723
;WIDTH:0.51645
G1 X103.563 Y114.944 E.01714
;WIDTH:0.515376
G1 X103.123 Y115.145 E.0171
;WIDTH:0.516592
G1 X102.648 Y115.235 E.01715
;WIDTH:0.523505
G1 X102.115 Y115.198 E.01921
G1 X101.701 Y115.07 E.01559
;WIDTH:0.520308
G1 X101.286 Y114.82 E.01729
;WIDTH:0.517446
G1 X100.943 Y114.48 E.01718
;WIDTH:0.525541
G1 X100.8 Y114.262 E.0094
; stop printing object OrangePi-Spacer.stl id:8761013144 copy 0
G1 E-.84 F2400
;WIPE_START
G1 F3600
G1 X100.776 Y114.226 E-.01572
G1 X100.612 Y113.849 E-.14784
G1 X100.526 Y113.448 E-.14779
G1 X100.524 Y113.313 E-.04865
;WIPE_END
;LAYER_CHANGE
;Z:3
;HEIGHT:0.2
;BEFORE_LAYER_CHANGE
;3
G92 E0

;_SET_FAN_SPEED_CHANGING_LAYER
; printing object OrangePi-Spacer.stl id:8761013144 copy 0
G1 Z3.4 F9000
G1 X118.734 Y111.108
G1 Z3
G1 E1.2 F1800
;WIDTH:0.520623
G1 F1200
G1 X119.162 Y111.429 E.0191
;WIDTH:0.52467
G1 X119.494 Y111.809 E.0182
;WIDTH:0.52612
G1 X119.748 Y112.261 E.01878
;WIDTH:0.526411
G1 X119.904 Y112.757 E.01878
G1 X119.953 Y113.273 E.01878
;WIDTH:0.52554
G1 X119.895 Y113.789 E.01875
;WIDTH:0.523506
G1 X119.73 Y114.282 E.01868
;WIDTH:0.520549
G1 X119.466 Y114.729 E.01857
;WIDTH:0.523506
G1 X119.113 Y115.111 E.01869
;WIDTH:0.52554
G1 X118.69 Y115.411 E.01876
;WIDTH:0.526411
G1 X118.213 Y115.617 E.01878
G1 X117.704 Y115.72 E.01878
;WIDTH:0.526121
G1 X117.185 Y115.715 E.01877
;WIDTH:0.524669
G1 X116.678 Y115.604 E.01872
;WIDTH:0.522052
G1 X116.205 Y115.388 E.01863
;WIDTH:0.520626
G1 X115.778 Y115.067 E.0191
;WIDTH:0.524671
G1 X115.446 Y114.687 E.0182
;WIDTH:0.526122
G1 X115.191 Y114.235 E.01878
;WIDTH:0.526412
G1 X115.036 Y113.739 E.01878
G1 X114.987 Y113.223 E.01878
;WIDTH:0.525542
G1 X115.045 Y112.707 E.01875
;WIDTH:0.523507
G1 X115.209 Y112.214 E.01868
;WIDTH:0.520549
G1 X115.474 Y111.767 E.01857
;WIDTH:0.523508
G1 X115.826 Y111.385 E.01869
;WIDTH:0.525542
G1 X116.25 Y111.085 E.01876
;WIDTH:0.526412
G1 X116.727 Y110.879 E.01878
G1 X117.235 Y110.776 E.01878
;WIDTH:0.526122
G1 X117.755 Y110.781 E.01877
;WIDTH:0.524668
G1 X118.262 Y110.892 E.01872
;WIDTH:0.522053
G1 X118.698 Y111.091 E.01719
G1 X117.096 Y111.277 F9000
;WIDTH:0.524668
G1 F1200
G1 X117.666 Y111.254 E.02054
G1 X118.07 Y111.332 E.01485
;WIDTH:0.522053
G1 X118.499 Y111.524 E.01683
;WIDTH:0.51873
G1 X118.881 Y111.821 E.01723
;WIDTH:0.51645
G1 X119.181 Y112.2 E.01714
;WIDTH:0.515376
G1 X119.382 Y112.64 E.0171
;WIDTH:0.516592
G1 X119.472 Y113.115 E.01715
;WIDTH:0.523506
G1 X119.435 Y113.648 E.01921
G1 X119.306 Y114.062 E.01559
;WIDTH:0.520307
G1 X119.057 Y114.477 E.01729
;WIDTH:0.517445
G1 X118.717 Y114.82 E.01718
;WIDTH:0.515745
G1 X118.304 Y115.073 E.01711
G1 X117.843 Y115.22 E.01712
;WIDTH:0.524669
G1 X117.274 Y115.242 E.02054
G1 X116.87 Y115.164 E.01485
;WIDTH:0.522052
G1 X116.441 Y114.972 E.01683
;WIDTH:0.518731
G1 X116.059 Y114.675 E.01723
;WIDTH:0.516451
G1 X115.759 Y114.296 E.01714
;WIDTH:0.515377
G1 X115.558 Y113.856 E.0171
;WIDTH:0.516593
G1 X115.467 Y113.381 E.01715
;WIDTH:0.523507
G1 X115.505 Y112.848 E.01921
G1 X115.633 Y112.434 E.01559
;WIDTH:0.520309
G1 X115.882 Y112.019 E.01729
;WIDTH:0.517447
G1 X116.223 Y111.676 E.01718
;WIDTH:0.515747
G1 X116.636 Y111.423 E.01711
G1 X117.058 Y111.289 E.0157
; stop printing object OrangePi-Spacer.stl id:8761013144 copy 0
; printing object OrangePi-Spacer.stl id:29074711 copy 0
G1 E-.84 F2400
;WIPE_START
G1 F3600
G1 X117.666 Y111.254 E-.21903
G1 X118.05 Y111.328 E-.14097
;WIPE_END
G17
G3 Z3.4 I1.096 J-.529 P1  F9000
G1 X114.759 Y104.506 Z3.4
G1 Z3
G1 E1.2 F1800
;WIDTH:0.520548
G1 F1200
G1 X115.207 Y104.771 E.01857
;WIDTH:0.523506
G1 X115.588 Y105.123 E.01869
;WIDTH:0.525541
G1 X115.888 Y105.547 E.01876
;WIDTH:0.526411
G1 X116.094 Y106.024 E.01878
G1 X116.197 Y106.533 E.01878
;WIDTH:0.526122
G1 X116.193 Y107.052 E.01877
;WIDTH:0.524669
G1 X116.081 Y107.559 E.01872
;WIDTH:0.522052
G1 X115.866 Y108.032 E.01863
;WIDTH:0.520623
G1 X115.545 Y108.459 E.0191
;WIDTH:0.524669
G1 X115.165 Y108.791 E.0182
;WIDTH:0.52612
G1 X114.712 Y109.045 E.01878
;WIDTH:0.52641
G1 X114.217 Y109.201 E.01878
G1 X113.7 Y109.25 E.01878
;WIDTH:0.525541
G1 X113.184 Y109.192 E.01875
;WIDTH:0.523506
G1 X112.692 Y109.028 E.01868
;WIDTH:0.520549
G1 X112.244 Y108.763 E.01857
;WIDTH:0.523508
G1 X111.862 Y108.411 E.01869
;WIDTH:0.525541
G1 X111.562 Y107.987 E.01876
;WIDTH:0.526412
G1 X111.356 Y107.51 E.01878
G1 X111.254 Y107.001 E.01878
;WIDTH:0.526123
G1 X111.258 Y106.482 E.01877
;WIDTH:0.52467
G1 X111.37 Y105.975 E.01872
;WIDTH:0.522054
G1 X111.585 Y105.502 E.01863
;WIDTH:0.520625
G1 X111.906 Y105.075 E.0191
;WIDTH:0.524671
G1 X112.286 Y104.743 E.0182
;WIDTH:0.526122
G1 X112.739 Y104.489 E.01878
;WIDTH:0.526412
G1 X113.234 Y104.333 E.01878
G1 X113.751 Y104.284 E.01878
;WIDTH:0.52554
G1 X114.266 Y104.342 E.01875
;WIDTH:0.523507
G1 X114.721 Y104.494 E.01724
G1 E-.84 F2400
;WIPE_START
G1 F3600
G1 X115.207 Y104.771 E-.20118
G1 X115.531 Y105.07 E-.15882
;WIPE_END
G17
G3 Z3.4 I-.736 J-.969 P1  F9000
G1 X111.989 Y107.762 Z3.4
G1 Z3
G1 E1.2 F1800
;WIDTH:0.525541
G1 F1200
G1 X111.987 Y107.76 E.00012
;WIDTH:0.526412
G1 X111.822 Y107.383 E.01486
G1 X111.736 Y106.982 E.01485
;WIDTH:0.526123
G1 X111.731 Y106.571 E.01486
;WIDTH:0.52467
G1 X111.809 Y106.167 E.01485
;WIDTH:0.522054
G1 X112.001 Y105.738 E.01683
;WIDTH:0.518732
G1 X112.298 Y105.356 E.01723
;WIDTH:0.516453
G1 X112.677 Y105.056 E.01714
;WIDTH:0.515378
G1 X113.117 Y104.855 E.0171
;WIDTH:0.516593
G1 X113.592 Y104.765 E.01715
;WIDTH:0.523507
G1 X114.125 Y104.802 E.01921
G1 X114.539 Y104.93 E.01559
;WIDTH:0.520307
G1 X114.954 Y105.18 E.01729
;WIDTH:0.517445
G1 X115.297 Y105.52 E.01718
;WIDTH:0.515746
G1 X115.55 Y105.933 E.01711
G1 X115.697 Y106.394 E.01712
;WIDTH:0.524669
G1 X115.719 Y106.963 E.02054
G1 X115.642 Y107.367 E.01485
;WIDTH:0.522052
G1 X115.45 Y107.796 E.01683
;WIDTH:0.51873
G1 X115.153 Y108.178 E.01723
;WIDTH:0.516451
G1 X114.774 Y108.478 E.01714
;WIDTH:0.515376
G1 X114.334 Y108.679 E.0171
;WIDTH:0.516592
G1 X113.858 Y108.77 E.01715
;WIDTH:0.523506
G1 X113.325 Y108.732 E.01921
G1 X112.912 Y108.604 E.01559
;WIDTH:0.520308
G1 X112.497 Y108.354 E.01729
;WIDTH:0.517447
G1 X112.153 Y108.014 E.01718
;WIDTH:0.525541
G1 X112.01 Y107.796 E.00941
; stop printing object OrangePi-Spacer.stl id:29074711 copy 0
; printing object OrangePi-Spacer.stl id:0 copy 0
G1 E-.84 F2400
;WIPE_START
G1 F3600
G1 X111.987 Y107.76 E-.01562
G1 X111.822 Y107.383 E-.14784
G1 X111.736 Y106.982 E-.14779
G1 X111.734 Y106.847 E-.04874
;WIPE_END
G17
G3 Z3.4 I-1.199 J-.208 P1  F9000
G1 X111.019 Y110.972 Z3.4
G1 Z3
G1 E1.2 F1800
;WIDTH:0.520548
G1 F1200
G1 X111.466 Y111.237 E.01857
;WIDTH:0.523506
G1 X111.848 Y111.589 E.01869
;WIDTH:0.525541
G1 X112.148 Y112.013 E.01876
;WIDTH:0.526411
G1 X112.354 Y112.49 E.01878
G1 X112.457 Y112.999 E.01878
;WIDTH:0.526122
G1 X112.452 Y113.518 E.01877
;WIDTH:0.524669
G1 X112.34 Y114.025 E.01872
;WIDTH:0.522052
G1 X112.125 Y114.498 E.01863
;WIDTH:0.520623
G1 X111.804 Y114.925 E.0191
;WIDTH:0.524669
G1 X111.424 Y115.257 E.0182
;WIDTH:0.52612
G1 X110.972 Y115.511 E.01878
;WIDTH:0.52641
G1 X110.476 Y115.667 E.01878
G1 X109.96 Y115.716 E.01878
;WIDTH:0.525541
G1 X109.444 Y115.658 E.01875
;WIDTH:0.523506
G1 X108.951 Y115.494 E.01868
;WIDTH:0.520549
G1 X108.504 Y115.229 E.01857
;WIDTH:0.523508
G1 X108.122 Y114.877 E.01869
;WIDTH:0.525541
G1 X107.822 Y114.453 E.01876
;WIDTH:0.526412
G1 X107.616 Y113.976 E.01878
G1 X107.513 Y113.467 E.01878
;WIDTH:0.526123
G1 X107.518 Y112.948 E.01877
;WIDTH:0.52467
G1 X107.629 Y112.441 E.01872
;WIDTH:0.522054
G1 X107.845 Y111.968 E.01863
;WIDTH:0.520625
G1 X108.166 Y111.541 E.0191
;WIDTH:0.524671
G1 X108.545 Y111.209 E.0182
;WIDTH:0.526122
G1 X108.998 Y110.955 E.01878
;WIDTH:0.526412
G1 X109.493 Y110.799 E.01878
G1 X110.01 Y110.75 E.01878
;WIDTH:0.52554
G1 X110.526 Y110.808 E.01875
;WIDTH:0.523507
G1 X110.981 Y110.96 E.01724
G1 E-.84 F2400
;WIPE_START
G1 F3600
G1 X111.466 Y111.237 E-.20118
G1 X111.79 Y111.536 E-.15882
;WIPE_END
G17
G3 Z3.4 I-.736 J-.969 P1  F9000
G1 X108.248 Y114.228 Z3.4
G1 Z3
G1 E1.2 F1800
;WIDTH:0.525541
G1 F1200
G1 X108.246 Y114.226 E.00012
;WIDTH:0.526412
G1 X108.082 Y113.849 E.01486
G1 X107.995 Y113.448 E.01485
;WIDTH:0.526123
G1 X107.991 Y113.037 E.01486
;WIDTH:0.52467
G1 X108.069 Y112.633 E.01485
;WIDTH:0.522054
G1 X108.26 Y112.204 E.01683
;WIDTH:0.518732
G1 X108.557 Y111.822 E.01723
;WIDTH:0.516453
G1 X108.937 Y111.522 E.01714
;WIDTH:0.515378
G1 X109.377 Y111.321 E.0171
;WIDTH:0.516593
G1 X109.852 Y111.23 E.01715
;WIDTH:0.523507
G1 X110.385 Y111.268 E.01921
G1 X110.799 Y111.396 E.01559
;WIDTH:0.520307
G1 X111.214 Y111.646 E.01729
;WIDTH:0.517445
G1 X111.557 Y111.986 E.01718
;WIDTH:0.515746
G1 X111.809 Y112.399 E.01711
G1 X111.956 Y112.86 E.01712
;WIDTH:0.524669
G1 X111.979 Y113.429 E.02054
G1 X111.901 Y113.833 E.01485
;WIDTH:0.522052
G1 X111.709 Y114.262 E.01683
;WIDTH:0.51873
G1 X111.412 Y114.644 E.01723
;WIDTH:0.516451
G1 X111.033 Y114.944 E.01714
;WIDTH:0.515376
G1 X110.593 Y115.145 E.0171
;WIDTH:0.516592
G1 X110.118 Y115.235 E.01715
;WIDTH:0.523506
G1 X109.585 Y115.198 E.01921
G1 X109.171 Y115.07 E.01559
;WIDTH:0.520308
G1 X108.756 Y114.82 E.01729
;WIDTH:0.517447
G1 X108.413 Y114.48 E.01718
;WIDTH:0.525541
G1 X108.27 Y114.262 E.00941
; stop printing object OrangePi-Spacer.stl id:0 copy 0
; printing object OrangePi-Spacer.stl id:8761013144 copy 0
G1 E-.84 F2400
;WIPE_START
G1 F3600
G1 X108.246 Y114.226 E-.01562
G1 X108.082 Y113.849 E-.14784
G1 X107.995 Y113.448 E-.14779
G1 X107.994 Y113.313 E-.04874
;WIPE_END
G17
G3 Z3.4 I.567 J-1.077 P1  F9000
G1 X103.549 Y110.972 Z3.4
G1 Z3
G1 E1.2 F1800
;WIDTH:0.520548
G1 F1200
G1 X103.996 Y111.237 E.01857
;WIDTH:0.523506
G1 X104.378 Y111.589 E.01869
;WIDTH:0.525541
G1 X104.678 Y112.013 E.01876
;WIDTH:0.526411
G1 X104.884 Y112.49 E.01878
G1 X104.987 Y112.999 E.01878
;WIDTH:0.526122
G1 X104.982 Y113.518 E.01877
;WIDTH:0.524669
G1 X104.871 Y114.025 E.01872
;WIDTH:0.522052
G1 X104.655 Y114.498 E.01863
;WIDTH:0.520623
G1 X104.334 Y114.925 E.0191
;WIDTH:0.524669
G1 X103.955 Y115.257 E.0182
;WIDTH:0.52612
G1 X103.502 Y115.511 E.01878
;WIDTH:0.52641
G1 X103.007 Y115.667 E.01878
G1 X102.49 Y115.716 E.01878
;WIDTH:0.525541
G1 X101.974 Y115.658 E.01875
;WIDTH:0.523506
G1 X101.481 Y115.494 E.01868
;WIDTH:0.520549
G1 X101.034 Y115.229 E.01857
;WIDTH:0.523508
G1 X100.652 Y114.877 E.01869
;WIDTH:0.525541
G1 X100.352 Y114.453 E.01876
;WIDTH:0.526412
G1 X100.146 Y113.976 E.01878
G1 X100.043 Y113.467 E.01878
;WIDTH:0.526123
G1 X100.048 Y112.948 E.01877
;WIDTH:0.52467
G1 X100.16 Y112.441 E.01872
;WIDTH:0.522054
G1 X100.375 Y111.968 E.01863
;WIDTH:0.520625
G1 X100.696 Y111.541 E.0191
;WIDTH:0.524671
G1 X101.076 Y111.209 E.0182
;WIDTH:0.526122
G1 X101.528 Y110.955 E.01878
;WIDTH:0.526412
G1 X102.024 Y110.799 E.01878
G1 X102.54 Y110.75 E.01878
;WIDTH:0.52554
G1 X103.056 Y110.808 E.01875
;WIDTH:0.523507
G1 X103.511 Y110.96 E.01724
G1 E-.84 F2400
;WIPE_START
G1 F3600
G1 X103.996 Y111.237 E-.20118
G1 X104.32 Y111.536 E-.15882
;WIPE_END
G17
G3 Z3.4 I-.736 J-.969 P1  F9000
G1 X100.778 Y114.228 Z3.4
G1 Z3
G1 E1.2 F1800
;WIDTH:0.525541
G1 F1200
G1 X100.776 Y114.226 E.00012
;WIDTH:0.526412
G1 X100.612 Y113.849 E.01486
G1 X100.526 Y113.448 E.01485
;WIDTH:0.526123
G1 X100.521 Y113.037 E.01486
;WIDTH:0.52467
G1 X100.599 Y112.633 E.01485
;WIDTH:0.522054
G1 X100.791 Y112.204 E.01683
;WIDTH:0.518732
G1 X101.088 Y111.822 E.01723
;WIDTH:0.516453
G1 X101.467 Y111.522 E.01714
;WIDTH:0.515378
G1 X101.907 Y111.321 E.0171
;WIDTH:0.516593
G1 X102.382 Y111.23 E.01715
;WIDTH:0.523507
G1 X102.915 Y111.268 E.01921
G1 X103.329 Y111.396 E.01559
;WIDTH:0.520307
G1 X103.744 Y111.646 E.01729
;WIDTH:0.517445
G1 X104.087 Y111.986 E.01718
;WIDTH:0.515746
G1 X104.34 Y112.399 E.01711
G1 X104.487 Y112.86 E.01712
;WIDTH:0.524669
G1 X104.509 Y113.429 E.02054
G1 X104.431 Y113.833 E.01485
;WIDTH:0.522052
G1 X104.24 Y114.262 E.01683
;WIDTH:0.51873
G1 X103.943 Y114.644 E.01723
;WIDTH:0.516451
G1 X103.563 Y114.944 E.01714
;WIDTH:0.515376
G1 X103.123 Y115.145 E.0171
;WIDTH:0.516592
G1 X102.648 Y115.235 E.01715
;WIDTH:0.523506
G1 X102.115 Y115.198 E.01921
G1 X101.701 Y115.07 E.01559
;WIDTH:0.520308
G1 X101.286 Y114.82 E.01729
;WIDTH:0.517447
G1 X100.943 Y114.48 E.01718
;WIDTH:0.525541
G1 X100.8 Y114.262 E.00941
; stop printing object OrangePi-Spacer.stl id:8761013144 copy 0
G1 E-.84 F2400
;WIPE_START
G1 F3600
G1 X100.776 Y114.226 E-.01562
G1 X100.612 Y113.849 E-.14784
G1 X100.526 Y113.448 E-.14779
G1 X100.524 Y113.313 E-.04874
;WIPE_END
;LAYER_CHANGE
;Z:3.2
;HEIGHT:0.2
;BEFORE_LAYER_CHANGE
;3.2
G92 E0

;_SET_FAN_SPEED_CHANGING_LAYER
; printing object OrangePi-Spacer.stl id:8761013144 copy 0
G1 Z3.6 F9000
G1 X118.734 Y111.108
G1 Z3.2
G1 E1.2 F1800
;WIDTH:0.520623
G1 F1200
G1 X119.162 Y111.429 E.0191
;WIDTH:0.52467
G1 X119.494 Y111.809 E.0182
;WIDTH:0.52612
G1 X119.748 Y112.261 E.01878
;WIDTH:0.526411
G1 X119.904 Y112.757 E.01878
G1 X119.953 Y113.273 E.01878
;WIDTH:0.52554
G1 X119.895 Y113.789 E.01875
;WIDTH:0.523506
G1 X119.73 Y114.282 E.01868
;WIDTH:0.520549
G1 X119.466 Y114.729 E.01857
;WIDTH:0.523506
G1 X119.113 Y115.111 E.01869
;WIDTH:0.52554
G1 X118.69 Y115.411 E.01876
;WIDTH:0.526411
G1 X118.213 Y115.617 E.01878
G1 X117.704 Y115.72 E.01878
;WIDTH:0.526121
G1 X117.185 Y115.715 E.01877
;WIDTH:0.524669
G1 X116.678 Y115.604 E.01872
;WIDTH:0.522052
G1 X116.205 Y115.388 E.01863
;WIDTH:0.520626
G1 X115.778 Y115.067 E.0191
;WIDTH:0.524671
G1 X115.446 Y114.687 E.0182
;WIDTH:0.526122
G1 X115.191 Y114.235 E.01878
;WIDTH:0.526412
G1 X115.036 Y113.739 E.01878
G1 X114.987 Y113.223 E.01878
;WIDTH:0.525542
G1 X115.045 Y112.707 E.01875
;WIDTH:0.523507
G1 X115.209 Y112.214 E.01868
;WIDTH:0.520549
G1 X115.474 Y111.767 E.01857
;WIDTH:0.523508
G1 X115.826 Y111.385 E.01869
;WIDTH:0.525542
G1 X116.25 Y111.085 E.01876
;WIDTH:0.526413
G1 X116.727 Y110.879 E.01878
G1 X117.235 Y110.776 E.01878
;WIDTH:0.526123
G1 X117.755 Y110.781 E.01877
;WIDTH:0.524667
G1 X118.262 Y110.892 E.01872
;WIDTH:0.522053
G1 X118.698 Y111.091 E.01719
G1 X117.096 Y111.277 F9000
;WIDTH:0.524667
G1 F1200
G1 X117.666 Y111.254 E.02054
G1 X118.07 Y111.332 E.01485
;WIDTH:0.522053
G1 X118.499 Y111.524 E.01683
;WIDTH:0.51873
G1 X118.881 Y111.821 E.01723
;WIDTH:0.51645
G1 X119.181 Y112.2 E.01714
;WIDTH:0.515376
G1 X119.382 Y112.64 E.0171
;WIDTH:0.516592
G1 X119.472 Y113.115 E.01715
;WIDTH:0.523506
G1 X119.435 Y113.648 E.01921
G1 X119.306 Y114.062 E.01559
;WIDTH:0.520307
G1 X119.057 Y114.477 E.01729
;WIDTH:0.517445
G1 X118.717 Y114.82 E.01718
;WIDTH:0.515745
G1 X118.304 Y115.073 E.01711
G1 X117.843 Y115.22 E.01712
;WIDTH:0.524669
G1 X117.274 Y115.242 E.02054
G1 X116.87 Y115.164 E.01485
;WIDTH:0.522052
G1 X116.441 Y114.972 E.01683
;WIDTH:0.518731
G1 X116.059 Y114.675 E.01723
;WIDTH:0.516451
G1 X115.759 Y114.296 E.01714
;WIDTH:0.515377
G1 X115.558 Y113.856 E.0171
;WIDTH:0.516593
G1 X115.467 Y113.381 E.01715
;WIDTH:0.523507
G1 X115.505 Y112.848 E.01921
G1 X115.633 Y112.434 E.01559
;WIDTH:0.520309
G1 X115.882 Y112.019 E.01729
;WIDTH:0.517447
G1 X116.223 Y111.676 E.01718
;WIDTH:0.515747
G1 X116.636 Y111.423 E.01711
G1 X117.058 Y111.289 E.0157
; stop printing object OrangePi-Spacer.stl id:8761013144 copy 0
; printing object OrangePi-Spacer.stl id:29074711 copy 0
G1 E-.84 F2400
;WIPE_START
G1 F3600
G1 X117.666 Y111.254 E-.21903
G1 X118.05 Y111.328 E-.14097
;WIPE_END
G17
G3 Z3.6 I1.096 J-.529 P1  F9000
G1 X114.759 Y104.506 Z3.6
G1 Z3.2
G1 E1.2 F1800
;WIDTH:0.520548
G1 F1200
G1 X115.207 Y104.771 E.01857
;WIDTH:0.523506
G1 X115.588 Y105.123 E.01869
;WIDTH:0.525541
G1 X115.888 Y105.547 E.01876
;WIDTH:0.526411
G1 X116.094 Y106.024 E.01878
G1 X116.197 Y106.533 E.01878
;WIDTH:0.526122
G1 X116.193 Y107.052 E.01877
;WIDTH:0.524669
G1 X116.081 Y107.559 E.01872
;WIDTH:0.522052
G1 X115.866 Y108.032 E.01863
;WIDTH:0.520623
G1 X115.545 Y108.459 E.0191
;WIDTH:0.524669
G1 X115.165 Y108.791 E.0182
;WIDTH:0.52612
G1 X114.712 Y109.045 E.01878
;WIDTH:0.52641
G1 X114.217 Y109.201 E.01878
G1 X113.7 Y109.25 E.01878
;WIDTH:0.525541
G1 X113.184 Y109.192 E.01875
;WIDTH:0.523506
G1 X112.692 Y109.028 E.01868
;WIDTH:0.520549
G1 X112.244 Y108.763 E.01857
;WIDTH:0.523508
G1 X111.862 Y108.411 E.01869
;WIDTH:0.525541
G1 X111.562 Y107.987 E.01876
;WIDTH:0.526412
G1 X111.356 Y107.51 E.01878
G1 X111.254 Y107.001 E.01878
;WIDTH:0.526123
G1 X111.258 Y106.482 E.01877
;WIDTH:0.52467
G1 X111.37 Y105.975 E.01872
;WIDTH:0.522054
G1 X111.585 Y105.502 E.01863
;WIDTH:0.520625
G1 X111.906 Y105.075 E.0191
;WIDTH:0.524671
G1 X112.286 Y104.743 E.0182
;WIDTH:0.526122
G1 X112.739 Y104.489 E.01878
;WIDTH:0.526412
G1 X113.234 Y104.333 E.01878
G1 X113.751 Y104.284 E.01878
;WIDTH:0.52554
G1 X114.266 Y104.342 E.01875
;WIDTH:0.523507
G1 X114.721 Y104.494 E.01724
G1 E-.84 F2400
;WIPE_START
G1 F3600
G1 X115.207 Y104.771 E-.20118
G1 X115.531 Y105.07 E-.15882
;WIPE_END
G17
G3 Z3.6 I-.736 J-.969 P1  F9000
G1 X111.988 Y107.762 Z3.6
G1 Z3.2
G1 E1.2 F1800
;WIDTH:0.525541
G1 F1200
G1 X111.987 Y107.76 E.00011
;WIDTH:0.526412
G1 X111.822 Y107.383 E.01486
G1 X111.736 Y106.982 E.01485
;WIDTH:0.526123
G1 X111.731 Y106.571 E.01486
;WIDTH:0.52467
G1 X111.809 Y106.167 E.01485
;WIDTH:0.522054
G1 X112.001 Y105.738 E.01683
;WIDTH:0.518732
G1 X112.298 Y105.356 E.01723
;WIDTH:0.516453
G1 X112.677 Y105.056 E.01714
;WIDTH:0.515378
G1 X113.117 Y104.855 E.0171
;WIDTH:0.516593
G1 X113.592 Y104.765 E.01715
;WIDTH:0.523507
G1 X114.125 Y104.802 E.01921
G1 X114.539 Y104.93 E.01559
;WIDTH:0.520307
G1 X114.954 Y105.18 E.01729
;WIDTH:0.517445
G1 X115.297 Y105.52 E.01718
;WIDTH:0.515746
G1 X115.55 Y105.933 E.01711
G1 X115.697 Y106.394 E.01712
;WIDTH:0.524669
G1 X115.719 Y106.963 E.02054
G1 X115.642 Y107.367 E.01485
;WIDTH:0.522052
G1 X115.45 Y107.796 E.01683
;WIDTH:0.51873
G1 X115.153 Y108.178 E.01723
;WIDTH:0.516451
G1 X114.774 Y108.478 E.01714
;WIDTH:0.515376
G1 X114.334 Y108.679 E.0171
;WIDTH:0.516592
G1 X113.858 Y108.77 E.01715
;WIDTH:0.523506
G1 X113.325 Y108.732 E.01921
G1 X112.912 Y108.604 E.01559
;WIDTH:0.520308
G1 X112.497 Y108.354 E.01729
;WIDTH:0.517446
G1 X112.153 Y108.014 E.01718
;WIDTH:0.525541
G1 X112.01 Y107.796 E.00942
; stop printing object OrangePi-Spacer.stl id:29074711 copy 0
; printing object OrangePi-Spacer.stl id:0 copy 0
G1 E-.84 F2400
;WIPE_START
G1 F3600
G1 X111.987 Y107.76 E-.01553
G1 X111.822 Y107.383 E-.14784
G1 X111.736 Y106.982 E-.14779
G1 X111.734 Y106.846 E-.04884
;WIPE_END
G17
G3 Z3.6 I-1.199 J-.208 P1  F9000
G1 X111.019 Y110.972 Z3.6
G1 Z3.2
G1 E1.2 F1800
;WIDTH:0.520548
G1 F1200
G1 X111.466 Y111.237 E.01857
;WIDTH:0.523506
G1 X111.848 Y111.589 E.01869
;WIDTH:0.525541
G1 X112.148 Y112.013 E.01876
;WIDTH:0.526411
G1 X112.354 Y112.49 E.01878
G1 X112.457 Y112.999 E.01878
;WIDTH:0.526122
G1 X112.452 Y113.518 E.01877
;WIDTH:0.524669
G1 X112.34 Y114.025 E.01872
;WIDTH:0.522052
G1 X112.125 Y114.498 E.01863
;WIDTH:0.520623
G1 X111.804 Y114.925 E.0191
;WIDTH:0.524669
G1 X111.424 Y115.257 E.0182
;WIDTH:0.52612
G1 X110.972 Y115.511 E.01878
;WIDTH:0.52641
G1 X110.476 Y115.667 E.01878
G1 X109.96 Y115.716 E.01878
;WIDTH:0.525541
G1 X109.444 Y115.658 E.01875
;WIDTH:0.523506
G1 X108.951 Y115.494 E.01868
;WIDTH:0.520549
G1 X108.504 Y115.229 E.01857
;WIDTH:0.523508
G1 X108.122 Y114.877 E.01869
;WIDTH:0.525541
G1 X107.822 Y114.453 E.01876
;WIDTH:0.526412
G1 X107.616 Y113.976 E.01878
G1 X107.513 Y113.467 E.01878
;WIDTH:0.526123
G1 X107.518 Y112.948 E.01877
;WIDTH:0.52467
G1 X107.629 Y112.441 E.01872
;WIDTH:0.522054
G1 X107.845 Y111.968 E.01863
;WIDTH:0.520625
G1 X108.166 Y111.541 E.0191
;WIDTH:0.524671
G1 X108.545 Y111.209 E.0182
;WIDTH:0.526122
G1 X108.998 Y110.955 E.01878
;WIDTH:0.526412
G1 X109.493 Y110.799 E.01878
G1 X110.01 Y110.75 E.01878
;WIDTH:0.52554
G1 X110.526 Y110.808 E.01875
;WIDTH:0.523507
G1 X110.981 Y110.96 E.01724
G1 E-.84 F2400
;WIPE_START
G1 F3600
G1 X111.466 Y111.237 E-.20118
G1 X111.79 Y111.536 E-.15882
;WIPE_END
G17
G3 Z3.6 I-.736 J-.969 P1  F9000
G1 X108.248 Y114.228 Z3.6
G1 Z3.2
G1 E1.2 F1800
;WIDTH:0.525541
G1 F1200
G1 X108.246 Y114.226 E.00011
;WIDTH:0.526412
G1 X108.082 Y113.849 E.01486
G1 X107.995 Y113.448 E.01485
;WIDTH:0.526123
G1 X107.991 Y113.037 E.01486
;WIDTH:0.52467
G1 X108.069 Y112.633 E.01485
;WIDTH:0.522054
G1 X108.26 Y112.204 E.01683
;WIDTH:0.518732
G1 X108.557 Y111.822 E.01723
;WIDTH:0.516453
G1 X108.937 Y111.522 E.01714
;WIDTH:0.515378
G1 X109.377 Y111.321 E.0171
;WIDTH:0.516593
G1 X109.852 Y111.23 E.01715
;WIDTH:0.523507
G1 X110.385 Y111.268 E.01921
G1 X110.799 Y111.396 E.01559
;WIDTH:0.520307
G1 X111.214 Y111.646 E.01729
;WIDTH:0.517445
G1 X111.557 Y111.986 E.01718
;WIDTH:0.515746
G1 X111.809 Y112.399 E.01711
G1 X111.956 Y112.86 E.01712
;WIDTH:0.524669
G1 X111.979 Y113.429 E.02054
G1 X111.901 Y113.833 E.01485
;WIDTH:0.522052
G1 X111.709 Y114.262 E.01683
;WIDTH:0.51873
G1 X111.412 Y114.644 E.01723
;WIDTH:0.516451
G1 X111.033 Y114.944 E.01714
;WIDTH:0.515376
G1 X110.593 Y115.145 E.0171
;WIDTH:0.516592
G1 X110.118 Y115.235 E.01715
;WIDTH:0.523506
G1 X109.585 Y115.198 E.01921
G1 X109.171 Y115.07 E.01559
;WIDTH:0.520308
G1 X108.756 Y114.82 E.01729
;WIDTH:0.517446
G1 X108.413 Y114.48 E.01718
;WIDTH:0.525541
G1 X108.27 Y114.262 E.00942
; stop printing object OrangePi-Spacer.stl id:0 copy 0
; printing object OrangePi-Spacer.stl id:8761013144 copy 0
G1 E-.84 F2400
;WIPE_START
G1 F3600
G1 X108.246 Y114.226 E-.01553
G1 X108.082 Y113.849 E-.14784
G1 X107.995 Y113.448 E-.14779
G1 X107.994 Y113.312 E-.04884
;WIPE_END
G17
G3 Z3.6 I.567 J-1.077 P1  F9000
G1 X103.549 Y110.972 Z3.6
G1 Z3.2
G1 E1.2 F1800
;WIDTH:0.520548
G1 F1200
G1 X103.996 Y111.237 E.01857
;WIDTH:0.523506
G1 X104.378 Y111.589 E.01869
;WIDTH:0.525541
G1 X104.678 Y112.013 E.01876
;WIDTH:0.526411
G1 X104.884 Y112.49 E.01878
G1 X104.987 Y112.999 E.01878
;WIDTH:0.526122
G1 X104.982 Y113.518 E.01877
;WIDTH:0.524669
G1 X104.871 Y114.025 E.01872
;WIDTH:0.522052
G1 X104.655 Y114.498 E.01863
;WIDTH:0.520623
G1 X104.334 Y114.925 E.0191
;WIDTH:0.524669
G1 X103.955 Y115.257 E.0182
;WIDTH:0.52612
G1 X103.502 Y115.511 E.01878
;WIDTH:0.52641
G1 X103.007 Y115.667 E.01878
G1 X102.49 Y115.716 E.01878
;WIDTH:0.525541
G1 X101.974 Y115.658 E.01875
;WIDTH:0.523506
G1 X101.481 Y115.494 E.01868
;WIDTH:0.520549
G1 X101.034 Y115.229 E.01857
;WIDTH:0.523508
G1 X100.652 Y114.877 E.01869
;WIDTH:0.525541
G1 X100.352 Y114.453 E.01876
;WIDTH:0.526412
G1 X100.146 Y113.976 E.01878
G1 X100.043 Y113.467 E.01878
;WIDTH:0.526123
G1 X100.048 Y112.948 E.01877
;WIDTH:0.52467
G1 X100.16 Y112.441 E.01872
;WIDTH:0.522054
G1 X100.375 Y111.968 E.01863
;WIDTH:0.520625
G1 X100.696 Y111.541 E.0191
;WIDTH:0.524671
G1 X101.076 Y111.209 E.0182
;WIDTH:0.526122
G1 X101.528 Y110.955 E.01878
;WIDTH:0.526412
G1 X102.024 Y110.799 E.01878
G1 X102.54 Y110.75 E.01878
;WIDTH:0.52554
G1 X103.056 Y110.808 E.01875
;WIDTH:0.523507
G1 X103.511 Y110.96 E.01724
G1 E-.84 F2400
;WIPE_START
G1 F3600
G1 X103.996 Y111.237 E-.20118
G1 X104.32 Y111.536 E-.15882
;WIPE_END
G17
G3 Z3.6 I-.736 J-.969 P1  F9000
G1 X100.778 Y114.228 Z3.6
G1 Z3.2
G1 E1.2 F1800
;WIDTH:0.525541
G1 F1200
G1 X100.776 Y114.226 E.00011
;WIDTH:0.526412
G1 X100.612 Y113.849 E.01486
G1 X100.526 Y113.448 E.01485
;WIDTH:0.526123
G1 X100.521 Y113.037 E.01486
;WIDTH:0.52467
G1 X100.599 Y112.633 E.01485
;WIDTH:0.522054
G1 X100.791 Y112.204 E.01683
;WIDTH:0.518732
G1 X101.088 Y111.822 E.01723
;WIDTH:0.516453
G1 X101.467 Y111.522 E.01714
;WIDTH:0.515378
G1 X101.907 Y111.321 E.0171
;WIDTH:0.516593
G1 X102.382 Y111.23 E.01715
;WIDTH:0.523507
G1 X102.915 Y111.268 E.01921
G1 X103.329 Y111.396 E.01559
;WIDTH:0.520307
G1 X103.744 Y111.646 E.01729
;WIDTH:0.517445
G1 X104.087 Y111.986 E.01718
;WIDTH:0.515746
G1 X104.34 Y112.399 E.01711
G1 X104.487 Y112.86 E.01712
;WIDTH:0.524669
G1 X104.509 Y113.429 E.02054
G1 X104.431 Y113.833 E.01485
;WIDTH:0.522052
G1 X104.24 Y114.262 E.01683
;WIDTH:0.51873
G1 X103.943 Y114.644 E.01723
;WIDTH:0.516451
G1 X103.563 Y114.944 E.01714
;WIDTH:0.515376
G1 X103.123 Y115.145 E.0171
;WIDTH:0.516592
G1 X102.648 Y115.235 E.01715
;WIDTH:0.523506
G1 X102.115 Y115.198 E.01921
G1 X101.701 Y115.07 E.01559
;WIDTH:0.520308
G1 X101.286 Y114.82 E.01729
;WIDTH:0.517446
G1 X100.943 Y114.48 E.01718
;WIDTH:0.525541
G1 X100.8 Y114.262 E.00942
; stop printing object OrangePi-Spacer.stl id:8761013144 copy 0
G1 E-.84 F2400
;WIPE_START
G1 F3600
G1 X100.776 Y114.226 E-.01553
G1 X100.612 Y113.849 E-.14784
G1 X100.526 Y113.448 E-.14779
G1 X100.524 Y113.312 E-.04884
;WIPE_END
;LAYER_CHANGE
;Z:3.4
;HEIGHT:0.2
;BEFORE_LAYER_CHANGE
;3.4
G92 E0

;_SET_FAN_SPEED_CHANGING_LAYER
; printing object OrangePi-Spacer.stl id:8761013144 copy 0
G1 Z3.8 F9000
G1 X118.734 Y111.108
G1 Z3.4
G1 E1.2 F1800
;WIDTH:0.520623
G1 F1200
G1 X119.162 Y111.429 E.0191
;WIDTH:0.52467
G1 X119.494 Y111.809 E.0182
;WIDTH:0.52612
G1 X119.748 Y112.261 E.01878
;WIDTH:0.526411
G1 X119.904 Y112.757 E.01878
G1 X119.953 Y113.273 E.01878
;WIDTH:0.52554
G1 X119.895 Y113.789 E.01875
;WIDTH:0.523506
G1 X119.73 Y114.282 E.01868
;WIDTH:0.520549
G1 X119.466 Y114.729 E.01857
;WIDTH:0.523506
G1 X119.113 Y115.111 E.01869
;WIDTH:0.525541
G1 X118.69 Y115.411 E.01876
;WIDTH:0.526411
G1 X118.213 Y115.617 E.01878
G1 X117.704 Y115.72 E.01878
;WIDTH:0.526121
G1 X117.185 Y115.715 E.01877
;WIDTH:0.524669
G1 X116.678 Y115.604 E.01872
;WIDTH:0.522052
G1 X116.205 Y115.388 E.01863
;WIDTH:0.520625
G1 X115.778 Y115.067 E.0191
;WIDTH:0.52467
G1 X115.446 Y114.687 E.0182
;WIDTH:0.526121
G1 X115.191 Y114.235 E.01878
;WIDTH:0.526412
G1 X115.036 Y113.739 E.01878
G1 X114.987 Y113.223 E.01878
;WIDTH:0.525542
G1 X115.045 Y112.707 E.01875
;WIDTH:0.523508
G1 X115.209 Y112.214 E.01868
;WIDTH:0.520549
G1 X115.474 Y111.767 E.01857
;WIDTH:0.523509
G1 X115.826 Y111.385 E.01869
;WIDTH:0.525542
G1 X116.25 Y111.085 E.01876
;WIDTH:0.526413
G1 X116.727 Y110.879 E.01878
G1 X117.235 Y110.776 E.01878
;WIDTH:0.526123
G1 X117.755 Y110.781 E.01877
;WIDTH:0.524667
G1 X118.262 Y110.892 E.01872
;WIDTH:0.522053
G1 X118.698 Y111.091 E.01719
G1 X117.098 Y111.276 F9000
;WIDTH:0.524667
G1 F1200
G1 X117.666 Y111.254 E.02048
G1 X118.07 Y111.332 E.01485
;WIDTH:0.522053
G1 X118.499 Y111.524 E.01683
;WIDTH:0.51873
G1 X118.881 Y111.821 E.01723
;WIDTH:0.51645
G1 X119.181 Y112.2 E.01714
;WIDTH:0.515376
G1 X119.382 Y112.64 E.0171
;WIDTH:0.516592
G1 X119.472 Y113.115 E.01715
;WIDTH:0.523506
G1 X119.435 Y113.648 E.01921
G1 X119.306 Y114.062 E.01559
;WIDTH:0.520307
G1 X119.057 Y114.477 E.01729
;WIDTH:0.517445
G1 X118.717 Y114.82 E.01718
;WIDTH:0.515746
G1 X118.304 Y115.073 E.01711
G1 X117.843 Y115.22 E.01712
;WIDTH:0.524669
G1 X117.274 Y115.242 E.02054
G1 X116.87 Y115.164 E.01485
;WIDTH:0.522052
G1 X116.441 Y114.972 E.01683
;WIDTH:0.518731
G1 X116.059 Y114.675 E.01723
;WIDTH:0.516451
G1 X115.759 Y114.296 E.01714
;WIDTH:0.515377
G1 X115.558 Y113.856 E.0171
;WIDTH:0.516592
G1 X115.467 Y113.381 E.01715
;WIDTH:0.523508
G1 X115.505 Y112.848 E.01921
G1 X115.633 Y112.434 E.01559
;WIDTH:0.520309
G1 X115.882 Y112.019 E.01729
;WIDTH:0.517447
G1 X116.223 Y111.676 E.01718
;WIDTH:0.515747
G1 X116.636 Y111.423 E.01711
G1 X117.06 Y111.288 E.01576
; stop printing object OrangePi-Spacer.stl id:8761013144 copy 0
; printing object OrangePi-Spacer.stl id:29074711 copy 0
G1 E-.84 F2400
;WIPE_START
G1 F3600
G1 X117.666 Y111.254 E-.21846
G1 X118.052 Y111.328 E-.14154
;WIPE_END
G17
G3 Z3.8 I1.096 J-.529 P1  F9000
G1 X114.759 Y104.506 Z3.8
G1 Z3.4
G1 E1.2 F1800
;WIDTH:0.520548
G1 F1200
G1 X115.207 Y104.771 E.01857
;WIDTH:0.523506
G1 X115.588 Y105.123 E.01869
;WIDTH:0.525541
G1 X115.888 Y105.547 E.01876
;WIDTH:0.526411
G1 X116.094 Y106.024 E.01878
G1 X116.197 Y106.533 E.01878
;WIDTH:0.526122
G1 X116.193 Y107.052 E.01877
;WIDTH:0.524669
G1 X116.081 Y107.559 E.01872
;WIDTH:0.522052
G1 X115.866 Y108.032 E.01863
;WIDTH:0.520623
G1 X115.545 Y108.459 E.0191
;WIDTH:0.524669
G1 X115.165 Y108.791 E.0182
;WIDTH:0.52612
G1 X114.712 Y109.045 E.01878
;WIDTH:0.52641
G1 X114.217 Y109.201 E.01878
G1 X113.7 Y109.25 E.01878
;WIDTH:0.525541
G1 X113.184 Y109.192 E.01875
;WIDTH:0.523505
G1 X112.692 Y109.028 E.01868
;WIDTH:0.520549
G1 X112.244 Y108.763 E.01857
;WIDTH:0.523508
G1 X111.862 Y108.411 E.01869
;WIDTH:0.525542
G1 X111.562 Y107.987 E.01876
;WIDTH:0.526412
G1 X111.356 Y107.51 E.01878
G1 X111.254 Y107.001 E.01878
;WIDTH:0.526123
G1 X111.258 Y106.482 E.01877
;WIDTH:0.52467
G1 X111.37 Y105.975 E.01872
;WIDTH:0.522054
G1 X111.585 Y105.502 E.01863
;WIDTH:0.520625
G1 X111.906 Y105.075 E.0191
;WIDTH:0.524671
G1 X112.286 Y104.743 E.0182
;WIDTH:0.526122
G1 X112.739 Y104.489 E.01878
;WIDTH:0.526412
G1 X113.234 Y104.333 E.01878
G1 X113.751 Y104.284 E.01878
;WIDTH:0.52554
G1 X114.266 Y104.342 E.01875
;WIDTH:0.523505
G1 X114.721 Y104.494 E.01724
G1 E-.84 F2400
;WIPE_START
G1 F3600
G1 X115.207 Y104.771 E-.20118
G1 X115.531 Y105.07 E-.15882
;WIPE_END
G17
G3 Z3.8 I-.736 J-.969 P1  F9000
G1 X111.988 Y107.762 Z3.8
G1 Z3.4
G1 E1.2 F1800
;WIDTH:0.525542
G1 F1200
G1 X111.987 Y107.76 E.0001
;WIDTH:0.526412
G1 X111.822 Y107.383 E.01486
G1 X111.736 Y106.982 E.01485
;WIDTH:0.526123
G1 X111.731 Y106.571 E.01486
;WIDTH:0.52467
G1 X111.809 Y106.167 E.01485
;WIDTH:0.522054
G1 X112.001 Y105.738 E.01683
;WIDTH:0.518732
G1 X112.298 Y105.356 E.01723
;WIDTH:0.516451
G1 X112.677 Y105.056 E.01714
;WIDTH:0.515378
G1 X113.117 Y104.855 E.0171
;WIDTH:0.516592
G1 X113.592 Y104.765 E.01715
;WIDTH:0.523505
G1 X114.125 Y104.802 E.01921
G1 X114.539 Y104.93 E.01559
;WIDTH:0.520307
G1 X114.954 Y105.18 E.01729
;WIDTH:0.517445
G1 X115.297 Y105.52 E.01718
;WIDTH:0.515746
G1 X115.55 Y105.933 E.01711
G1 X115.697 Y106.394 E.01712
;WIDTH:0.524669
G1 X115.719 Y106.963 E.02054
G1 X115.642 Y107.367 E.01485
;WIDTH:0.522052
G1 X115.45 Y107.796 E.01683
;WIDTH:0.51873
G1 X115.153 Y108.178 E.01723
;WIDTH:0.516451
G1 X114.774 Y108.478 E.01714
;WIDTH:0.515376
G1 X114.334 Y108.679 E.0171
;WIDTH:0.516592
G1 X113.858 Y108.77 E.01715
;WIDTH:0.523505
G1 X113.325 Y108.732 E.01921
G1 X112.912 Y108.604 E.01559
;WIDTH:0.520308
G1 X112.497 Y108.354 E.01729
;WIDTH:0.517445
G1 X112.153 Y108.014 E.01718
;WIDTH:0.525542
G1 X112.01 Y107.796 E.00943
; stop printing object OrangePi-Spacer.stl id:29074711 copy 0
; printing object OrangePi-Spacer.stl id:0 copy 0
G1 E-.84 F2400
;WIPE_START
G1 F3600
G1 X111.987 Y107.76 E-.01544
G1 X111.822 Y107.383 E-.14784
G1 X111.736 Y106.982 E-.14779
G1 X111.734 Y106.846 E-.04893
;WIPE_END
G17
G3 Z3.8 I-1.199 J-.208 P1  F9000
G1 X111.019 Y110.972 Z3.8
G1 Z3.4
G1 E1.2 F1800
;WIDTH:0.520548
G1 F1200
G1 X111.466 Y111.237 E.01857
;WIDTH:0.523506
G1 X111.848 Y111.589 E.01869
;WIDTH:0.525541
G1 X112.148 Y112.013 E.01876
;WIDTH:0.526411
G1 X112.354 Y112.49 E.01878
G1 X112.457 Y112.999 E.01878
;WIDTH:0.526122
G1 X112.452 Y113.518 E.01877
;WIDTH:0.524669
G1 X112.34 Y114.025 E.01872
;WIDTH:0.522052
G1 X112.125 Y114.498 E.01863
;WIDTH:0.520623
G1 X111.804 Y114.925 E.0191
;WIDTH:0.524669
G1 X111.424 Y115.257 E.0182
;WIDTH:0.52612
G1 X110.972 Y115.511 E.01878
;WIDTH:0.52641
G1 X110.476 Y115.667 E.01878
G1 X109.96 Y115.716 E.01878
;WIDTH:0.525541
G1 X109.444 Y115.658 E.01875
;WIDTH:0.523505
G1 X108.951 Y115.494 E.01868
;WIDTH:0.520549
G1 X108.504 Y115.229 E.01857
;WIDTH:0.523508
G1 X108.122 Y114.877 E.01869
;WIDTH:0.525542
G1 X107.822 Y114.453 E.01876
;WIDTH:0.526412
G1 X107.616 Y113.976 E.01878
G1 X107.513 Y113.467 E.01878
;WIDTH:0.526123
G1 X107.518 Y112.948 E.01877
;WIDTH:0.52467
G1 X107.629 Y112.441 E.01872
;WIDTH:0.522054
G1 X107.845 Y111.968 E.01863
;WIDTH:0.520625
G1 X108.166 Y111.541 E.0191
;WIDTH:0.524671
G1 X108.545 Y111.209 E.0182
;WIDTH:0.526122
G1 X108.998 Y110.955 E.01878
;WIDTH:0.526412
G1 X109.493 Y110.799 E.01878
G1 X110.01 Y110.75 E.01878
;WIDTH:0.52554
G1 X110.526 Y110.808 E.01875
;WIDTH:0.523505
G1 X110.981 Y110.96 E.01724
G1 E-.84 F2400
;WIPE_START
G1 F3600
G1 X111.466 Y111.237 E-.20118
G1 X111.79 Y111.536 E-.15882
;WIPE_END
G17
G3 Z3.8 I-.736 J-.969 P1  F9000
G1 X108.248 Y114.228 Z3.8
G1 Z3.4
G1 E1.2 F1800
;WIDTH:0.525542
G1 F1200
G1 X108.246 Y114.226 E.0001
;WIDTH:0.526412
G1 X108.082 Y113.849 E.01486
G1 X107.995 Y113.448 E.01485
;WIDTH:0.526123
G1 X107.991 Y113.037 E.01486
;WIDTH:0.52467
G1 X108.069 Y112.633 E.01485
;WIDTH:0.522054
G1 X108.26 Y112.204 E.01683
;WIDTH:0.518732
G1 X108.557 Y111.822 E.01723
;WIDTH:0.516451
G1 X108.937 Y111.522 E.01714
;WIDTH:0.515378
G1 X109.377 Y111.321 E.0171
;WIDTH:0.516592
G1 X109.852 Y111.23 E.01715
;WIDTH:0.523505
G1 X110.385 Y111.268 E.01921
G1 X110.799 Y111.396 E.01559
;WIDTH:0.520307
G1 X111.214 Y111.646 E.01729
;WIDTH:0.517445
G1 X111.557 Y111.986 E.01718
;WIDTH:0.515746
G1 X111.809 Y112.399 E.01711
G1 X111.956 Y112.86 E.01712
;WIDTH:0.524669
G1 X111.979 Y113.429 E.02054
G1 X111.901 Y113.833 E.01485
;WIDTH:0.522052
G1 X111.709 Y114.262 E.01683
;WIDTH:0.51873
G1 X111.412 Y114.644 E.01723
;WIDTH:0.516451
G1 X111.033 Y114.944 E.01714
;WIDTH:0.515376
G1 X110.593 Y115.145 E.0171
;WIDTH:0.516592
G1 X110.118 Y115.235 E.01715
;WIDTH:0.523505
G1 X109.585 Y115.198 E.01921
G1 X109.171 Y115.07 E.01559
;WIDTH:0.520308
G1 X108.756 Y114.82 E.01729
;WIDTH:0.517445
G1 X108.413 Y114.48 E.01718
;WIDTH:0.525542
G1 X108.27 Y114.261 E.00943
; stop printing object OrangePi-Spacer.stl id:0 copy 0
; printing object OrangePi-Spacer.stl id:8761013144 copy 0
G1 E-.84 F2400
;WIPE_START
G1 F3600
G1 X108.246 Y114.226 E-.01544
G1 X108.082 Y113.849 E-.14784
G1 X107.995 Y113.448 E-.14779
G1 X107.994 Y113.312 E-.04893
;WIPE_END
G17
G3 Z3.8 I.567 J-1.077 P1  F9000
G1 X103.549 Y110.972 Z3.8
G1 Z3.4
G1 E1.2 F1800
;WIDTH:0.520548
G1 F1200
G1 X103.996 Y111.237 E.01857
;WIDTH:0.523506
G1 X104.378 Y111.589 E.01869
;WIDTH:0.525541
G1 X104.678 Y112.013 E.01876
;WIDTH:0.526411
G1 X104.884 Y112.49 E.01878
G1 X104.987 Y112.999 E.01878
;WIDTH:0.526122
G1 X104.982 Y113.518 E.01877
;WIDTH:0.524669
G1 X104.871 Y114.025 E.01872
;WIDTH:0.522052
G1 X104.655 Y114.498 E.01863
;WIDTH:0.520623
G1 X104.334 Y114.925 E.0191
;WIDTH:0.524669
G1 X103.955 Y115.257 E.0182
;WIDTH:0.52612
G1 X103.502 Y115.511 E.01878
;WIDTH:0.52641
G1 X103.007 Y115.667 E.01878
G1 X102.49 Y115.716 E.01878
;WIDTH:0.525541
G1 X101.974 Y115.658 E.01875
;WIDTH:0.523505
G1 X101.481 Y115.494 E.01868
;WIDTH:0.520549
G1 X101.034 Y115.229 E.01857
;WIDTH:0.523508
G1 X100.652 Y114.877 E.01869
;WIDTH:0.525542
G1 X100.352 Y114.453 E.01876
;WIDTH:0.526412
G1 X100.146 Y113.976 E.01878
G1 X100.043 Y113.467 E.01878
;WIDTH:0.526123
G1 X100.048 Y112.948 E.01877
;WIDTH:0.52467
G1 X100.16 Y112.441 E.01872
;WIDTH:0.522054
G1 X100.375 Y111.968 E.01863
;WIDTH:0.520625
G1 X100.696 Y111.541 E.0191
;WIDTH:0.524671
G1 X101.076 Y111.209 E.0182
;WIDTH:0.526122
G1 X101.528 Y110.955 E.01878
;WIDTH:0.526412
G1 X102.024 Y110.799 E.01878
G1 X102.54 Y110.75 E.01878
;WIDTH:0.52554
G1 X103.056 Y110.808 E.01875
;WIDTH:0.523505
G1 X103.511 Y110.96 E.01724
G1 E-.84 F2400
;WIPE_START
G1 F3600
G1 X103.996 Y111.237 E-.20118
G1 X104.32 Y111.536 E-.15882
;WIPE_END
G17
G3 Z3.8 I-.736 J-.969 P1  F9000
G1 X100.778 Y114.228 Z3.8
G1 Z3.4
G1 E1.2 F1800
;WIDTH:0.525542
G1 F1200
G1 X100.776 Y114.226 E.0001
;WIDTH:0.526412
G1 X100.612 Y113.849 E.01486
G1 X100.526 Y113.448 E.01485
;WIDTH:0.526123
G1 X100.521 Y113.037 E.01486
;WIDTH:0.52467
G1 X100.599 Y112.633 E.01485
;WIDTH:0.522054
G1 X100.791 Y112.204 E.01683
;WIDTH:0.518732
G1 X101.088 Y111.822 E.01723
;WIDTH:0.516451
G1 X101.467 Y111.522 E.01714
;WIDTH:0.515378
G1 X101.907 Y111.321 E.0171
;WIDTH:0.516592
G1 X102.382 Y111.23 E.01715
;WIDTH:0.523505
G1 X102.915 Y111.268 E.01921
G1 X103.329 Y111.396 E.01559
;WIDTH:0.520307
G1 X103.744 Y111.646 E.01729
;WIDTH:0.517445
G1 X104.087 Y111.986 E.01718
;WIDTH:0.515746
G1 X104.34 Y112.399 E.01711
G1 X104.487 Y112.86 E.01712
;WIDTH:0.524669
G1 X104.509 Y113.429 E.02054
G1 X104.431 Y113.833 E.01485
;WIDTH:0.522052
G1 X104.24 Y114.262 E.01683
;WIDTH:0.51873
G1 X103.943 Y114.644 E.01723
;WIDTH:0.516451
G1 X103.563 Y114.944 E.01714
;WIDTH:0.515376
G1 X103.123 Y115.145 E.0171
;WIDTH:0.516592
G1 X102.648 Y115.235 E.01715
;WIDTH:0.523505
G1 X102.115 Y115.198 E.01921
G1 X101.701 Y115.07 E.01559
;WIDTH:0.520308
G1 X101.286 Y114.82 E.01729
;WIDTH:0.517445
G1 X100.943 Y114.48 E.01718
;WIDTH:0.525542
G1 X100.8 Y114.261 E.00943
; stop printing object OrangePi-Spacer.stl id:8761013144 copy 0
G1 E-.84 F2400
;WIPE_START
G1 F3600
G1 X100.776 Y114.226 E-.01544
G1 X100.612 Y113.849 E-.14784
G1 X100.526 Y113.448 E-.14779
G1 X100.524 Y113.312 E-.04893
;WIPE_END
;LAYER_CHANGE
;Z:3.6
;HEIGHT:0.2
;BEFORE_LAYER_CHANGE
;3.6
G92 E0

;_SET_FAN_SPEED_CHANGING_LAYER
; printing object OrangePi-Spacer.stl id:8761013144 copy 0
G1 Z4 F9000
G1 X118.734 Y111.108
G1 Z3.6
G1 E1.2 F1800
;WIDTH:0.520624
G1 F1200
G1 X119.162 Y111.429 E.0191
;WIDTH:0.52467
G1 X119.494 Y111.809 E.0182
;WIDTH:0.52612
G1 X119.748 Y112.261 E.01878
;WIDTH:0.526411
G1 X119.904 Y112.757 E.01878
G1 X119.953 Y113.273 E.01878
;WIDTH:0.52554
G1 X119.895 Y113.789 E.01875
;WIDTH:0.523506
G1 X119.73 Y114.282 E.01868
;WIDTH:0.520549
G1 X119.466 Y114.729 E.01857
;WIDTH:0.523506
G1 X119.113 Y115.111 E.01869
;WIDTH:0.525541
G1 X118.69 Y115.411 E.01876
;WIDTH:0.526411
G1 X118.213 Y115.617 E.01878
G1 X117.704 Y115.72 E.01878
;WIDTH:0.526121
G1 X117.185 Y115.715 E.01877
;WIDTH:0.524669
G1 X116.678 Y115.604 E.01872
;WIDTH:0.522052
G1 X116.205 Y115.388 E.01863
;WIDTH:0.520626
G1 X115.778 Y115.067 E.0191
;WIDTH:0.524671
G1 X115.446 Y114.687 E.0182
;WIDTH:0.526122
G1 X115.191 Y114.235 E.01878
;WIDTH:0.526412
G1 X115.036 Y113.739 E.01878
G1 X114.987 Y113.223 E.01878
;WIDTH:0.525542
G1 X115.045 Y112.707 E.01875
;WIDTH:0.523508
G1 X115.209 Y112.214 E.01868
;WIDTH:0.520549
G1 X115.474 Y111.767 E.01857
;WIDTH:0.523508
G1 X115.826 Y111.385 E.01869
;WIDTH:0.525542
G1 X116.25 Y111.085 E.01876
;WIDTH:0.526412
G1 X116.727 Y110.879 E.01878
G1 X117.235 Y110.776 E.01878
;WIDTH:0.526122
G1 X117.755 Y110.781 E.01877
;WIDTH:0.524668
G1 X118.262 Y110.892 E.01872
;WIDTH:0.522053
G1 X118.698 Y111.091 E.01719
G1 X117.099 Y111.276 F9000
;WIDTH:0.524668
G1 F1200
G1 X117.666 Y111.254 E.02047
G1 X118.07 Y111.332 E.01485
;WIDTH:0.522053
G1 X118.499 Y111.524 E.01683
;WIDTH:0.51873
G1 X118.881 Y111.821 E.01723
;WIDTH:0.51645
G1 X119.181 Y112.2 E.01714
;WIDTH:0.515376
G1 X119.382 Y112.64 E.0171
;WIDTH:0.516592
G1 X119.472 Y113.115 E.01715
;WIDTH:0.523506
G1 X119.435 Y113.648 E.01921
G1 X119.306 Y114.062 E.01559
;WIDTH:0.520307
G1 X119.057 Y114.477 E.01729
;WIDTH:0.517445
G1 X118.717 Y114.82 E.01718
;WIDTH:0.515746
G1 X118.304 Y115.073 E.01711
G1 X117.843 Y115.22 E.01712
;WIDTH:0.524669
G1 X117.274 Y115.242 E.02054
G1 X116.87 Y115.164 E.01485
;WIDTH:0.522052
G1 X116.441 Y114.972 E.01683
;WIDTH:0.518731
G1 X116.059 Y114.675 E.01723
;WIDTH:0.516451
G1 X115.759 Y114.296 E.01714
;WIDTH:0.515377
G1 X115.558 Y113.856 E.0171
;WIDTH:0.516593
G1 X115.467 Y113.381 E.01715
;WIDTH:0.523508
G1 X115.505 Y112.848 E.01921
G1 X115.633 Y112.434 E.01559
;WIDTH:0.520309
G1 X115.882 Y112.019 E.01729
;WIDTH:0.517447
G1 X116.223 Y111.676 E.01718
;WIDTH:0.515747
G1 X116.636 Y111.423 E.01711
G1 X117.06 Y111.288 E.01577
; stop printing object OrangePi-Spacer.stl id:8761013144 copy 0
; printing object OrangePi-Spacer.stl id:29074711 copy 0
G1 E-.84 F2400
;WIPE_START
G1 F3600
G1 X117.666 Y111.254 E-.21832
G1 X118.052 Y111.328 E-.14168
;WIPE_END
G17
G3 Z4 I1.096 J-.529 P1  F9000
G1 X114.759 Y104.506 Z4
G1 Z3.6
G1 E1.2 F1800
;WIDTH:0.520548
G1 F1200
G1 X115.207 Y104.771 E.01857
;WIDTH:0.523506
G1 X115.588 Y105.123 E.01869
;WIDTH:0.525541
G1 X115.888 Y105.547 E.01876
;WIDTH:0.526411
G1 X116.094 Y106.024 E.01878
G1 X116.197 Y106.533 E.01878
;WIDTH:0.526122
G1 X116.193 Y107.052 E.01877
;WIDTH:0.524669
G1 X116.081 Y107.559 E.01872
;WIDTH:0.522052
G1 X115.866 Y108.032 E.01863
;WIDTH:0.520624
G1 X115.545 Y108.459 E.0191
;WIDTH:0.524669
G1 X115.165 Y108.791 E.0182
;WIDTH:0.52612
G1 X114.712 Y109.045 E.01878
;WIDTH:0.52641
G1 X114.217 Y109.201 E.01878
G1 X113.7 Y109.25 E.01878
;WIDTH:0.525541
G1 X113.184 Y109.192 E.01875
;WIDTH:0.523506
G1 X112.692 Y109.028 E.01868
;WIDTH:0.520549
G1 X112.244 Y108.763 E.01857
;WIDTH:0.523508
G1 X111.862 Y108.411 E.01869
;WIDTH:0.525542
G1 X111.562 Y107.987 E.01876
;WIDTH:0.526412
G1 X111.356 Y107.51 E.01878
G1 X111.254 Y107.001 E.01878
;WIDTH:0.526123
G1 X111.258 Y106.482 E.01877
;WIDTH:0.52467
G1 X111.37 Y105.975 E.01872
;WIDTH:0.522054
G1 X111.585 Y105.502 E.01863
;WIDTH:0.520625
G1 X111.906 Y105.075 E.0191
;WIDTH:0.524671
G1 X112.286 Y104.743 E.0182
;WIDTH:0.526122
G1 X112.739 Y104.489 E.01878
;WIDTH:0.526412
G1 X113.234 Y104.333 E.01878
G1 X113.751 Y104.284 E.01878
;WIDTH:0.52554
G1 X114.266 Y104.342 E.01875
;WIDTH:0.523507
G1 X114.721 Y104.494 E.01724
G1 E-.84 F2400
;WIPE_START
G1 F3600
G1 X115.207 Y104.771 E-.20118
G1 X115.531 Y105.07 E-.15882
;WIPE_END
G17
G3 Z4 I-.736 J-.969 P1  F9000
G1 X111.988 Y107.762 Z4
G1 Z3.6
G1 E1.2 F1800
;WIDTH:0.525542
G1 F1200
G1 X111.987 Y107.76 E.00009
;WIDTH:0.526412
G1 X111.822 Y107.383 E.01486
G1 X111.736 Y106.982 E.01485
;WIDTH:0.526123
G1 X111.731 Y106.571 E.01486
;WIDTH:0.52467
G1 X111.809 Y106.167 E.01485
;WIDTH:0.522054
G1 X112.001 Y105.738 E.01683
;WIDTH:0.518732
G1 X112.298 Y105.356 E.01723
;WIDTH:0.516453
G1 X112.677 Y105.056 E.01714
;WIDTH:0.515378
G1 X113.117 Y104.855 E.0171
;WIDTH:0.516593
G1 X113.592 Y104.765 E.01715
;WIDTH:0.523507
G1 X114.125 Y104.802 E.01921
G1 X114.539 Y104.93 E.01559
;WIDTH:0.520307
G1 X114.954 Y105.18 E.01729
;WIDTH:0.517445
G1 X115.297 Y105.52 E.01718
;WIDTH:0.515746
G1 X115.55 Y105.933 E.01711
G1 X115.697 Y106.394 E.01712
;WIDTH:0.524669
G1 X115.719 Y106.963 E.02054
G1 X115.642 Y107.367 E.01485
;WIDTH:0.522052
G1 X115.45 Y107.796 E.01683
;WIDTH:0.51873
G1 X115.153 Y108.178 E.01723
;WIDTH:0.516451
G1 X114.774 Y108.478 E.01714
;WIDTH:0.515376
G1 X114.334 Y108.679 E.0171
;WIDTH:0.516592
G1 X113.858 Y108.77 E.01715
;WIDTH:0.523506
G1 X113.325 Y108.732 E.01921
G1 X112.912 Y108.604 E.01559
;WIDTH:0.520308
G1 X112.497 Y108.354 E.01729
;WIDTH:0.517445
G1 X112.153 Y108.014 E.01718
;WIDTH:0.525542
G1 X112.01 Y107.795 E.00944
; stop printing object OrangePi-Spacer.stl id:29074711 copy 0
; printing object OrangePi-Spacer.stl id:0 copy 0
G1 E-.84 F2400
;WIPE_START
G1 F3600
G1 X111.987 Y107.76 E-.01534
G1 X111.822 Y107.383 E-.14784
G1 X111.736 Y106.982 E-.14779
G1 X111.734 Y106.846 E-.04903
;WIPE_END
G17
G3 Z4 I-1.199 J-.208 P1  F9000
G1 X111.019 Y110.972 Z4
G1 Z3.6
G1 E1.2 F1800
;WIDTH:0.520548
G1 F1200
G1 X111.466 Y111.237 E.01857
;WIDTH:0.523506
G1 X111.848 Y111.589 E.01869
;WIDTH:0.525541
G1 X112.148 Y112.013 E.01876
;WIDTH:0.526411
G1 X112.354 Y112.49 E.01878
G1 X112.457 Y112.999 E.01878
;WIDTH:0.526122
G1 X112.452 Y113.518 E.01877
;WIDTH:0.524669
G1 X112.34 Y114.025 E.01872
;WIDTH:0.522052
G1 X112.125 Y114.498 E.01863
;WIDTH:0.520624
G1 X111.804 Y114.925 E.0191
;WIDTH:0.524669
G1 X111.424 Y115.257 E.0182
;WIDTH:0.52612
G1 X110.972 Y115.511 E.01878
;WIDTH:0.52641
G1 X110.476 Y115.667 E.01878
G1 X109.96 Y115.716 E.01878
;WIDTH:0.525541
G1 X109.444 Y115.658 E.01875
;WIDTH:0.523506
G1 X108.951 Y115.494 E.01868
;WIDTH:0.520549
G1 X108.504 Y115.229 E.01857
;WIDTH:0.523508
G1 X108.122 Y114.877 E.01869
;WIDTH:0.525542
G1 X107.822 Y114.453 E.01876
;WIDTH:0.526412
G1 X107.616 Y113.976 E.01878
G1 X107.513 Y113.467 E.01878
;WIDTH:0.526123
G1 X107.518 Y112.948 E.01877
;WIDTH:0.52467
G1 X107.629 Y112.441 E.01872
;WIDTH:0.522054
G1 X107.845 Y111.968 E.01863
;WIDTH:0.520625
G1 X108.166 Y111.541 E.0191
;WIDTH:0.524671
G1 X108.545 Y111.209 E.0182
;WIDTH:0.526122
G1 X108.998 Y110.955 E.01878
;WIDTH:0.526412
G1 X109.493 Y110.799 E.01878
G1 X110.01 Y110.75 E.01878
;WIDTH:0.52554
G1 X110.526 Y110.808 E.01875
;WIDTH:0.523507
G1 X110.981 Y110.96 E.01724
G1 E-.84 F2400
;WIPE_START
G1 F3600
G1 X111.466 Y111.237 E-.20118
G1 X111.79 Y111.536 E-.15882
;WIPE_END
G17
G3 Z4 I-.736 J-.969 P1  F9000
G1 X108.248 Y114.228 Z4
G1 Z3.6
G1 E1.2 F1800
;WIDTH:0.525542
G1 F1200
G1 X108.246 Y114.226 E.00009
;WIDTH:0.526412
G1 X108.082 Y113.849 E.01486
G1 X107.995 Y113.448 E.01485
;WIDTH:0.526123
G1 X107.991 Y113.037 E.01486
;WIDTH:0.52467
G1 X108.069 Y112.633 E.01485
;WIDTH:0.522054
G1 X108.26 Y112.204 E.01683
;WIDTH:0.518732
G1 X108.557 Y111.822 E.01723
;WIDTH:0.516453
G1 X108.937 Y111.522 E.01714
;WIDTH:0.515378
G1 X109.377 Y111.321 E.0171
;WIDTH:0.516593
G1 X109.852 Y111.23 E.01715
;WIDTH:0.523507
G1 X110.385 Y111.268 E.01921
G1 X110.799 Y111.396 E.01559
;WIDTH:0.520307
G1 X111.214 Y111.646 E.01729
;WIDTH:0.517445
G1 X111.557 Y111.986 E.01718
;WIDTH:0.515746
G1 X111.809 Y112.399 E.01711
G1 X111.956 Y112.86 E.01712
;WIDTH:0.524669
G1 X111.979 Y113.429 E.02054
G1 X111.901 Y113.833 E.01485
;WIDTH:0.522052
G1 X111.709 Y114.262 E.01683
;WIDTH:0.51873
G1 X111.412 Y114.644 E.01723
;WIDTH:0.516451
G1 X111.033 Y114.944 E.01714
;WIDTH:0.515376
G1 X110.593 Y115.145 E.0171
;WIDTH:0.516592
G1 X110.118 Y115.235 E.01715
;WIDTH:0.523506
G1 X109.585 Y115.198 E.01921
G1 X109.171 Y115.07 E.01559
;WIDTH:0.520308
G1 X108.756 Y114.82 E.01729
;WIDTH:0.517445
G1 X108.413 Y114.48 E.01718
;WIDTH:0.525542
G1 X108.27 Y114.261 E.00944
; stop printing object OrangePi-Spacer.stl id:0 copy 0
; printing object OrangePi-Spacer.stl id:8761013144 copy 0
G1 E-.84 F2400
;WIPE_START
G1 F3600
G1 X108.246 Y114.226 E-.01534
G1 X108.082 Y113.849 E-.14784
G1 X107.995 Y113.448 E-.14779
G1 X107.994 Y113.312 E-.04903
;WIPE_END
G17
G3 Z4 I.567 J-1.077 P1  F9000
G1 X103.549 Y110.972 Z4
G1 Z3.6
G1 E1.2 F1800
;WIDTH:0.520548
G1 F1200
G1 X103.996 Y111.237 E.01857
;WIDTH:0.523506
G1 X104.378 Y111.589 E.01869
;WIDTH:0.525541
G1 X104.678 Y112.013 E.01876
;WIDTH:0.526411
G1 X104.884 Y112.49 E.01878
G1 X104.987 Y112.999 E.01878
;WIDTH:0.526122
G1 X104.982 Y113.518 E.01877
;WIDTH:0.524669
G1 X104.871 Y114.025 E.01872
;WIDTH:0.522052
G1 X104.655 Y114.498 E.01863
;WIDTH:0.520624
G1 X104.334 Y114.925 E.0191
;WIDTH:0.524669
G1 X103.955 Y115.257 E.0182
;WIDTH:0.52612
G1 X103.502 Y115.511 E.01878
;WIDTH:0.52641
G1 X103.007 Y115.667 E.01878
G1 X102.49 Y115.716 E.01878
;WIDTH:0.525541
G1 X101.974 Y115.658 E.01875
;WIDTH:0.523506
G1 X101.481 Y115.494 E.01868
;WIDTH:0.520549
G1 X101.034 Y115.229 E.01857
;WIDTH:0.523508
G1 X100.652 Y114.877 E.01869
;WIDTH:0.525542
G1 X100.352 Y114.453 E.01876
;WIDTH:0.526412
G1 X100.146 Y113.976 E.01878
G1 X100.043 Y113.467 E.01878
;WIDTH:0.526123
G1 X100.048 Y112.948 E.01877
;WIDTH:0.52467
G1 X100.16 Y112.441 E.01872
;WIDTH:0.522054
G1 X100.375 Y111.968 E.01863
;WIDTH:0.520625
G1 X100.696 Y111.541 E.0191
;WIDTH:0.524671
G1 X101.076 Y111.209 E.0182
;WIDTH:0.526122
G1 X101.528 Y110.955 E.01878
;WIDTH:0.526412
G1 X102.024 Y110.799 E.01878
G1 X102.54 Y110.75 E.01878
;WIDTH:0.52554
G1 X103.056 Y110.808 E.01875
;WIDTH:0.523507
G1 X103.511 Y110.96 E.01724
G1 E-.84 F2400
;WIPE_START
G1 F3600
G1 X103.996 Y111.237 E-.20118
G1 X104.32 Y111.536 E-.15882
;WIPE_END
G17
G3 Z4 I-.736 J-.969 P1  F9000
G1 X100.778 Y114.228 Z4
G1 Z3.6
G1 E1.2 F1800
;WIDTH:0.525542
G1 F1200
G1 X100.776 Y114.226 E.00009
;WIDTH:0.526412
G1 X100.612 Y113.849 E.01486
G1 X100.526 Y113.448 E.01485
;WIDTH:0.526123
G1 X100.521 Y113.037 E.01486
;WIDTH:0.52467
G1 X100.599 Y112.633 E.01485
;WIDTH:0.522054
G1 X100.791 Y112.204 E.01683
;WIDTH:0.518732
G1 X101.088 Y111.822 E.01723
;WIDTH:0.516453
G1 X101.467 Y111.522 E.01714
;WIDTH:0.515378
G1 X101.907 Y111.321 E.0171
;WIDTH:0.516593
G1 X102.382 Y111.23 E.01715
;WIDTH:0.523507
G1 X102.915 Y111.268 E.01921
G1 X103.329 Y111.396 E.01559
;WIDTH:0.520307
G1 X103.744 Y111.646 E.01729
;WIDTH:0.517445
G1 X104.087 Y111.986 E.01718
;WIDTH:0.515746
G1 X104.34 Y112.399 E.01711
G1 X104.487 Y112.86 E.01712
;WIDTH:0.524669
G1 X104.509 Y113.429 E.02054
G1 X104.431 Y113.833 E.01485
;WIDTH:0.522052
G1 X104.24 Y114.262 E.01683
;WIDTH:0.51873
G1 X103.943 Y114.644 E.01723
;WIDTH:0.516451
G1 X103.563 Y114.944 E.01714
;WIDTH:0.515376
G1 X103.123 Y115.145 E.0171
;WIDTH:0.516592
G1 X102.648 Y115.235 E.01715
;WIDTH:0.523506
G1 X102.115 Y115.198 E.01921
G1 X101.701 Y115.07 E.01559
;WIDTH:0.520308
G1 X101.286 Y114.82 E.01729
;WIDTH:0.517445
G1 X100.943 Y114.48 E.01718
;WIDTH:0.525542
G1 X100.8 Y114.261 E.00944
; stop printing object OrangePi-Spacer.stl id:8761013144 copy 0
G1 E-.84 F2400
;WIPE_START
G1 F3600
G1 X100.776 Y114.226 E-.01534
G1 X100.612 Y113.849 E-.14784
G1 X100.526 Y113.448 E-.14779
G1 X100.524 Y113.312 E-.04903
;WIPE_END
;LAYER_CHANGE
;Z:3.8
;HEIGHT:0.2
;BEFORE_LAYER_CHANGE
;3.8
G92 E0

;_SET_FAN_SPEED_CHANGING_LAYER
; printing object OrangePi-Spacer.stl id:8761013144 copy 0
G1 Z4.2 F9000
G1 X118.734 Y111.108
G1 Z3.8
G1 E1.2 F1800
;WIDTH:0.520624
G1 F1200
G1 X119.162 Y111.429 E.0191
;WIDTH:0.524669
G1 X119.494 Y111.809 E.0182
;WIDTH:0.52612
G1 X119.748 Y112.261 E.01878
;WIDTH:0.526411
G1 X119.904 Y112.757 E.01878
G1 X119.953 Y113.273 E.01878
;WIDTH:0.52554
G1 X119.895 Y113.789 E.01875
;WIDTH:0.523506
G1 X119.73 Y114.282 E.01868
;WIDTH:0.520549
G1 X119.466 Y114.729 E.01857
;WIDTH:0.523506
G1 X119.113 Y115.111 E.01869
;WIDTH:0.525541
G1 X118.69 Y115.411 E.01876
;WIDTH:0.526411
G1 X118.213 Y115.617 E.01878
G1 X117.704 Y115.72 E.01878
;WIDTH:0.526121
G1 X117.185 Y115.715 E.01877
;WIDTH:0.524669
G1 X116.678 Y115.604 E.01872
;WIDTH:0.522052
G1 X116.205 Y115.388 E.01863
;WIDTH:0.520625
G1 X115.778 Y115.067 E.0191
;WIDTH:0.524671
G1 X115.446 Y114.687 E.0182
;WIDTH:0.526122
G1 X115.191 Y114.235 E.01878
;WIDTH:0.526412
G1 X115.036 Y113.739 E.01878
G1 X114.987 Y113.223 E.01878
;WIDTH:0.525542
G1 X115.045 Y112.707 E.01875
;WIDTH:0.523507
G1 X115.209 Y112.214 E.01868
;WIDTH:0.520549
G1 X115.474 Y111.767 E.01857
;WIDTH:0.523508
G1 X115.826 Y111.385 E.01869
;WIDTH:0.525541
G1 X116.25 Y111.085 E.01876
;WIDTH:0.526413
G1 X116.727 Y110.879 E.01878
G1 X117.235 Y110.776 E.01878
;WIDTH:0.526123
G1 X117.755 Y110.781 E.01877
;WIDTH:0.524668
G1 X118.262 Y110.892 E.01872
;WIDTH:0.522053
G1 X118.698 Y111.091 E.01719
G1 X117.099 Y111.276 F9000
;WIDTH:0.524668
G1 F1200
G1 X117.666 Y111.254 E.02045
G1 X118.07 Y111.332 E.01485
;WIDTH:0.522053
G1 X118.499 Y111.524 E.01683
;WIDTH:0.51873
G1 X118.881 Y111.821 E.01723
;WIDTH:0.51645
G1 X119.181 Y112.2 E.01714
;WIDTH:0.515376
G1 X119.382 Y112.64 E.0171
;WIDTH:0.516592
G1 X119.472 Y113.115 E.01715
;WIDTH:0.523506
G1 X119.435 Y113.648 E.01921
G1 X119.306 Y114.062 E.01559
;WIDTH:0.520307
G1 X119.057 Y114.477 E.01729
;WIDTH:0.517445
G1 X118.717 Y114.82 E.01718
;WIDTH:0.515746
G1 X118.304 Y115.073 E.01711
G1 X117.843 Y115.22 E.01712
;WIDTH:0.524669
G1 X117.274 Y115.242 E.02054
G1 X116.87 Y115.164 E.01485
;WIDTH:0.522052
G1 X116.441 Y114.972 E.01683
;WIDTH:0.518731
G1 X116.059 Y114.675 E.01723
;WIDTH:0.516451
G1 X115.759 Y114.296 E.01714
;WIDTH:0.515377
G1 X115.558 Y113.856 E.0171
;WIDTH:0.516593
G1 X115.467 Y113.381 E.01715
;WIDTH:0.523507
G1 X115.505 Y112.848 E.01921
G1 X115.633 Y112.434 E.01559
;WIDTH:0.520309
G1 X115.882 Y112.019 E.01729
;WIDTH:0.517446
G1 X116.223 Y111.676 E.01718
;WIDTH:0.515747
G1 X116.636 Y111.423 E.01711
G1 X117.061 Y111.288 E.01579
; stop printing object OrangePi-Spacer.stl id:8761013144 copy 0
; printing object OrangePi-Spacer.stl id:29074711 copy 0
G1 E-.84 F2400
;WIPE_START
G1 F3600
G1 X117.666 Y111.254 E-.21818
G1 X118.053 Y111.328 E-.14182
;WIPE_END
G17
G3 Z4.2 I1.096 J-.529 P1  F9000
G1 X114.759 Y104.506 Z4.2
G1 Z3.8
G1 E1.2 F1800
;WIDTH:0.520548
G1 F1200
G1 X115.207 Y104.771 E.01857
;WIDTH:0.523506
G1 X115.588 Y105.123 E.01869
;WIDTH:0.525541
G1 X115.888 Y105.547 E.01876
;WIDTH:0.526411
G1 X116.094 Y106.024 E.01878
G1 X116.197 Y106.533 E.01878
;WIDTH:0.526122
G1 X116.193 Y107.052 E.01877
;WIDTH:0.524669
G1 X116.081 Y107.559 E.01872
;WIDTH:0.522052
G1 X115.866 Y108.032 E.01863
;WIDTH:0.520624
G1 X115.545 Y108.459 E.0191
;WIDTH:0.524669
G1 X115.165 Y108.791 E.0182
;WIDTH:0.52612
G1 X114.712 Y109.045 E.01878
;WIDTH:0.52641
G1 X114.217 Y109.201 E.01878
G1 X113.7 Y109.25 E.01878
;WIDTH:0.525541
G1 X113.184 Y109.192 E.01875
;WIDTH:0.523506
G1 X112.692 Y109.028 E.01868
;WIDTH:0.520549
G1 X112.244 Y108.763 E.01857
;WIDTH:0.523508
G1 X111.862 Y108.411 E.01869
;WIDTH:0.525542
G1 X111.562 Y107.987 E.01876
;WIDTH:0.526412
G1 X111.356 Y107.51 E.01878
G1 X111.254 Y107.001 E.01878
;WIDTH:0.526123
G1 X111.258 Y106.482 E.01877
;WIDTH:0.52467
G1 X111.37 Y105.975 E.01872
;WIDTH:0.522054
G1 X111.585 Y105.502 E.01863
;WIDTH:0.520625
G1 X111.906 Y105.075 E.0191
;WIDTH:0.524671
G1 X112.286 Y104.743 E.0182
;WIDTH:0.526122
G1 X112.739 Y104.489 E.01878
;WIDTH:0.526412
G1 X113.234 Y104.333 E.01878
G1 X113.751 Y104.284 E.01878
;WIDTH:0.52554
G1 X114.266 Y104.342 E.01875
;WIDTH:0.523507
G1 X114.721 Y104.494 E.01724
G1 E-.84 F2400
;WIPE_START
G1 F3600
G1 X115.207 Y104.771 E-.20118
G1 X115.531 Y105.07 E-.15882
;WIPE_END
G17
G3 Z4.2 I-.736 J-.969 P1  F9000
G1 X111.988 Y107.762 Z4.2
G1 Z3.8
G1 E1.2 F1800
;WIDTH:0.525542
G1 F1200
G1 X111.987 Y107.76 E.00009
;WIDTH:0.526412
G1 X111.822 Y107.383 E.01486
G1 X111.736 Y106.982 E.01485
;WIDTH:0.526123
G1 X111.731 Y106.571 E.01486
;WIDTH:0.52467
G1 X111.809 Y106.167 E.01485
;WIDTH:0.522054
G1 X112.001 Y105.738 E.01683
;WIDTH:0.518732
G1 X112.298 Y105.356 E.01723
;WIDTH:0.516451
G1 X112.677 Y105.056 E.01714
;WIDTH:0.515378
G1 X113.117 Y104.855 E.0171
;WIDTH:0.516593
G1 X113.592 Y104.765 E.01715
;WIDTH:0.523507
G1 X114.125 Y104.802 E.01921
G1 X114.539 Y104.93 E.01559
;WIDTH:0.520307
G1 X114.954 Y105.18 E.01729
;WIDTH:0.517445
G1 X115.297 Y105.52 E.01718
;WIDTH:0.515745
G1 X115.55 Y105.933 E.01711
G1 X115.697 Y106.394 E.01712
;WIDTH:0.524669
G1 X115.719 Y106.963 E.02054
G1 X115.642 Y107.367 E.01485
;WIDTH:0.522052
G1 X115.45 Y107.796 E.01683
;WIDTH:0.51873
G1 X115.153 Y108.178 E.01723
;WIDTH:0.51645
G1 X114.774 Y108.478 E.01714
;WIDTH:0.515376
G1 X114.334 Y108.679 E.0171
;WIDTH:0.516592
G1 X113.858 Y108.77 E.01715
;WIDTH:0.523506
G1 X113.325 Y108.732 E.01921
G1 X112.912 Y108.604 E.01559
;WIDTH:0.520308
G1 X112.497 Y108.354 E.01729
;WIDTH:0.517445
G1 X112.153 Y108.014 E.01718
;WIDTH:0.525542
G1 X112.01 Y107.795 E.00945
; stop printing object OrangePi-Spacer.stl id:29074711 copy 0
; printing object OrangePi-Spacer.stl id:0 copy 0
G1 E-.84 F2400
;WIPE_START
G1 F3600
G1 X111.987 Y107.76 E-.01525
G1 X111.822 Y107.383 E-.14784
G1 X111.736 Y106.982 E-.14779
G1 X111.734 Y106.846 E-.04912
;WIPE_END
G17
G3 Z4.2 I-1.199 J-.208 P1  F9000
G1 X111.019 Y110.972 Z4.2
G1 Z3.8
G1 E1.2 F1800
;WIDTH:0.520548
G1 F1200
G1 X111.466 Y111.237 E.01857
;WIDTH:0.523506
G1 X111.848 Y111.589 E.01869
;WIDTH:0.525541
G1 X112.148 Y112.013 E.01876
;WIDTH:0.526411
G1 X112.354 Y112.49 E.01878
G1 X112.457 Y112.999 E.01878
;WIDTH:0.526122
G1 X112.452 Y113.518 E.01877
;WIDTH:0.524669
G1 X112.34 Y114.025 E.01872
;WIDTH:0.522052
G1 X112.125 Y114.498 E.01863
;WIDTH:0.520624
G1 X111.804 Y114.925 E.0191
;WIDTH:0.524669
G1 X111.424 Y115.257 E.0182
;WIDTH:0.52612
G1 X110.972 Y115.511 E.01878
;WIDTH:0.52641
G1 X110.476 Y115.667 E.01878
G1 X109.96 Y115.716 E.01878
;WIDTH:0.525541
G1 X109.444 Y115.658 E.01875
;WIDTH:0.523506
G1 X108.951 Y115.494 E.01868
;WIDTH:0.520549
G1 X108.504 Y115.229 E.01857
;WIDTH:0.523508
G1 X108.122 Y114.877 E.01869
;WIDTH:0.525542
G1 X107.822 Y114.453 E.01876
;WIDTH:0.526412
G1 X107.616 Y113.976 E.01878
G1 X107.513 Y113.467 E.01878
;WIDTH:0.526123
G1 X107.518 Y112.948 E.01877
;WIDTH:0.52467
G1 X107.629 Y112.441 E.01872
;WIDTH:0.522054
G1 X107.845 Y111.968 E.01863
;WIDTH:0.520625
G1 X108.166 Y111.541 E.0191
;WIDTH:0.524671
G1 X108.545 Y111.209 E.0182
;WIDTH:0.526122
G1 X108.998 Y110.955 E.01878
;WIDTH:0.526412
G1 X109.493 Y110.799 E.01878
G1 X110.01 Y110.75 E.01878
;WIDTH:0.52554
G1 X110.526 Y110.808 E.01875
;WIDTH:0.523507
G1 X110.981 Y110.96 E.01724
G1 E-.84 F2400
;WIPE_START
G1 F3600
G1 X111.466 Y111.237 E-.20118
G1 X111.79 Y111.536 E-.15882
;WIPE_END
G17
G3 Z4.2 I-.736 J-.969 P1  F9000
G1 X108.248 Y114.228 Z4.2
G1 Z3.8
G1 E1.2 F1800
;WIDTH:0.525542
G1 F1200
G1 X108.246 Y114.226 E.00009
;WIDTH:0.526412
G1 X108.082 Y113.849 E.01486
G1 X107.995 Y113.448 E.01485
;WIDTH:0.526123
G1 X107.991 Y113.037 E.01486
;WIDTH:0.52467
G1 X108.069 Y112.633 E.01485
;WIDTH:0.522054
G1 X108.26 Y112.204 E.01683
;WIDTH:0.518732
G1 X108.557 Y111.822 E.01723
;WIDTH:0.516451
G1 X108.937 Y111.522 E.01714
;WIDTH:0.515378
G1 X109.377 Y111.321 E.0171
;WIDTH:0.516593
G1 X109.852 Y111.23 E.01715
;WIDTH:0.523507
G1 X110.385 Y111.268 E.01921
G1 X110.799 Y111.396 E.01559
;WIDTH:0.520307
G1 X111.214 Y111.646 E.01729
;WIDTH:0.517445
G1 X111.557 Y111.986 E.01718
;WIDTH:0.515745
G1 X111.809 Y112.399 E.01711
G1 X111.956 Y112.86 E.01712
;WIDTH:0.524669
G1 X111.979 Y113.429 E.02054
G1 X111.901 Y113.833 E.01485
;WIDTH:0.522052
G1 X111.709 Y114.262 E.01683
;WIDTH:0.51873
G1 X111.412 Y114.644 E.01723
;WIDTH:0.51645
G1 X111.033 Y114.944 E.01714
;WIDTH:0.515376
G1 X110.593 Y115.145 E.0171
;WIDTH:0.516592
G1 X110.118 Y115.235 E.01715
;WIDTH:0.523506
G1 X109.585 Y115.198 E.01921
G1 X109.171 Y115.07 E.01559
;WIDTH:0.520308
G1 X108.756 Y114.82 E.01729
;WIDTH:0.517445
G1 X108.413 Y114.48 E.01718
;WIDTH:0.525542
G1 X108.269 Y114.261 E.00945
; stop printing object OrangePi-Spacer.stl id:0 copy 0
; printing object OrangePi-Spacer.stl id:8761013144 copy 0
G1 E-.84 F2400
;WIPE_START
G1 F3600
G1 X108.246 Y114.226 E-.01525
G1 X108.082 Y113.849 E-.14784
G1 X107.995 Y113.448 E-.14779
G1 X107.994 Y113.311 E-.04912
;WIPE_END
G17
G3 Z4.2 I.567 J-1.077 P1  F9000
G1 X103.549 Y110.972 Z4.2
G1 Z3.8
G1 E1.2 F1800
;WIDTH:0.520548
G1 F1200
G1 X103.996 Y111.237 E.01857
;WIDTH:0.523506
G1 X104.378 Y111.589 E.01869
;WIDTH:0.525541
G1 X104.678 Y112.013 E.01876
;WIDTH:0.526411
G1 X104.884 Y112.49 E.01878
G1 X104.987 Y112.999 E.01878
;WIDTH:0.526122
G1 X104.982 Y113.518 E.01877
;WIDTH:0.524669
G1 X104.871 Y114.025 E.01872
;WIDTH:0.522052
G1 X104.655 Y114.498 E.01863
;WIDTH:0.520624
G1 X104.334 Y114.925 E.0191
;WIDTH:0.524669
G1 X103.955 Y115.257 E.0182
;WIDTH:0.52612
G1 X103.502 Y115.511 E.01878
;WIDTH:0.52641
G1 X103.007 Y115.667 E.01878
G1 X102.49 Y115.716 E.01878
;WIDTH:0.525541
G1 X101.974 Y115.658 E.01875
;WIDTH:0.523506
G1 X101.481 Y115.494 E.01868
;WIDTH:0.520549
G1 X101.034 Y115.229 E.01857
;WIDTH:0.523508
G1 X100.652 Y114.877 E.01869
;WIDTH:0.525542
G1 X100.352 Y114.453 E.01876
;WIDTH:0.526412
G1 X100.146 Y113.976 E.01878
G1 X100.043 Y113.467 E.01878
;WIDTH:0.526123
G1 X100.048 Y112.948 E.01877
;WIDTH:0.52467
G1 X100.16 Y112.441 E.01872
;WIDTH:0.522054
G1 X100.375 Y111.968 E.01863
;WIDTH:0.520625
G1 X100.696 Y111.541 E.0191
;WIDTH:0.524671
G1 X101.076 Y111.209 E.0182
;WIDTH:0.526122
G1 X101.528 Y110.955 E.01878
;WIDTH:0.526412
G1 X102.024 Y110.799 E.01878
G1 X102.54 Y110.75 E.01878
;WIDTH:0.52554
G1 X103.056 Y110.808 E.01875
;WIDTH:0.523507
G1 X103.511 Y110.96 E.01724
G1 E-.84 F2400
;WIPE_START
G1 F3600
G1 X103.996 Y111.237 E-.20118
G1 X104.32 Y111.536 E-.15882
;WIPE_END
G17
G3 Z4.2 I-.736 J-.969 P1  F9000
G1 X100.778 Y114.228 Z4.2
G1 Z3.8
G1 E1.2 F1800
;WIDTH:0.525542
G1 F1200
G1 X100.776 Y114.226 E.00009
;WIDTH:0.526412
G1 X100.612 Y113.849 E.01486
G1 X100.526 Y113.448 E.01485
;WIDTH:0.526123
G1 X100.521 Y113.037 E.01486
;WIDTH:0.52467
G1 X100.599 Y112.633 E.01485
;WIDTH:0.522054
G1 X100.791 Y112.204 E.01683
;WIDTH:0.518732
G1 X101.088 Y111.822 E.01723
;WIDTH:0.516451
G1 X101.467 Y111.522 E.01714
;WIDTH:0.515378
G1 X101.907 Y111.321 E.0171
;WIDTH:0.516593
G1 X102.382 Y111.23 E.01715
;WIDTH:0.523507
G1 X102.915 Y111.268 E.01921
G1 X103.329 Y111.396 E.01559
;WIDTH:0.520307
G1 X103.744 Y111.646 E.01729
;WIDTH:0.517445
G1 X104.087 Y111.986 E.01718
;WIDTH:0.515745
G1 X104.34 Y112.399 E.01711
G1 X104.487 Y112.86 E.01712
;WIDTH:0.524669
G1 X104.509 Y113.429 E.02054
G1 X104.431 Y113.833 E.01485
;WIDTH:0.522052
G1 X104.24 Y114.262 E.01683
;WIDTH:0.51873
G1 X103.943 Y114.644 E.01723
;WIDTH:0.51645
G1 X103.563 Y114.944 E.01714
;WIDTH:0.515376
G1 X103.123 Y115.145 E.0171
;WIDTH:0.516592
G1 X102.648 Y115.235 E.01715
;WIDTH:0.523506
G1 X102.115 Y115.198 E.01921
G1 X101.701 Y115.07 E.01559
;WIDTH:0.520308
G1 X101.286 Y114.82 E.01729
;WIDTH:0.517445
G1 X100.943 Y114.48 E.01718
;WIDTH:0.525542
G1 X100.8 Y114.261 E.00945
; stop printing object OrangePi-Spacer.stl id:8761013144 copy 0
G1 E-.84 F2400
;WIPE_START
G1 F3600
G1 X100.776 Y114.226 E-.01525
G1 X100.612 Y113.849 E-.14784
G1 X100.526 Y113.448 E-.14779
G1 X100.524 Y113.311 E-.04912
;WIPE_END
;LAYER_CHANGE
;Z:4
;HEIGHT:0.2
;BEFORE_LAYER_CHANGE
;4
G92 E0

;_SET_FAN_SPEED_CHANGING_LAYER
; printing object OrangePi-Spacer.stl id:8761013144 copy 0
G1 Z4.4 F9000
G1 X118.734 Y111.108
G1 Z4
G1 E1.2 F1800
;WIDTH:0.520624
G1 F1200
G1 X119.162 Y111.429 E.0191
;WIDTH:0.52467
G1 X119.494 Y111.809 E.0182
;WIDTH:0.52612
G1 X119.748 Y112.261 E.01878
;WIDTH:0.526411
G1 X119.904 Y112.757 E.01878
G1 X119.953 Y113.273 E.01878
;WIDTH:0.52554
G1 X119.895 Y113.789 E.01875
;WIDTH:0.523506
G1 X119.73 Y114.282 E.01868
;WIDTH:0.520549
G1 X119.466 Y114.729 E.01857
;WIDTH:0.523506
G1 X119.113 Y115.111 E.01869
;WIDTH:0.52554
G1 X118.69 Y115.411 E.01876
;WIDTH:0.526411
G1 X118.213 Y115.617 E.01878
G1 X117.704 Y115.72 E.01878
;WIDTH:0.526121
G1 X117.185 Y115.715 E.01877
;WIDTH:0.524669
G1 X116.678 Y115.604 E.01872
;WIDTH:0.522052
G1 X116.205 Y115.388 E.01863
;WIDTH:0.520625
G1 X115.778 Y115.067 E.0191
;WIDTH:0.52467
G1 X115.446 Y114.687 E.0182
;WIDTH:0.526121
G1 X115.191 Y114.235 E.01878
;WIDTH:0.526412
G1 X115.036 Y113.739 E.01878
G1 X114.987 Y113.223 E.01878
;WIDTH:0.525542
G1 X115.045 Y112.707 E.01875
;WIDTH:0.523508
G1 X115.209 Y112.214 E.01868
;WIDTH:0.520549
G1 X115.474 Y111.767 E.01857
;WIDTH:0.523508
G1 X115.826 Y111.385 E.01869
;WIDTH:0.525542
G1 X116.25 Y111.085 E.01876
;WIDTH:0.526413
G1 X116.727 Y110.879 E.01878
G1 X117.235 Y110.776 E.01878
;WIDTH:0.526123
G1 X117.755 Y110.781 E.01877
;WIDTH:0.524668
G1 X118.262 Y110.892 E.01872
;WIDTH:0.522053
G1 X118.698 Y111.091 E.01719
G1 X117.099 Y111.276 F9000
;WIDTH:0.524668
G1 F1200
G1 X117.666 Y111.254 E.02044
G1 X118.07 Y111.332 E.01485
;WIDTH:0.522053
G1 X118.499 Y111.524 E.01683
;WIDTH:0.51873
G1 X118.881 Y111.821 E.01723
;WIDTH:0.51645
G1 X119.181 Y112.2 E.01714
;WIDTH:0.515376
G1 X119.382 Y112.64 E.0171
;WIDTH:0.516592
G1 X119.472 Y113.115 E.01715
;WIDTH:0.523506
G1 X119.435 Y113.648 E.01921
G1 X119.306 Y114.062 E.01559
;WIDTH:0.520307
G1 X119.057 Y114.477 E.01729
;WIDTH:0.517445
G1 X118.717 Y114.82 E.01718
;WIDTH:0.515745
G1 X118.304 Y115.073 E.01711
G1 X117.843 Y115.22 E.01712
;WIDTH:0.524669
G1 X117.274 Y115.242 E.02054
G1 X116.87 Y115.164 E.01485
;WIDTH:0.522052
G1 X116.441 Y114.972 E.01683
;WIDTH:0.518731
G1 X116.059 Y114.675 E.01723
;WIDTH:0.516451
G1 X115.759 Y114.296 E.01714
;WIDTH:0.515377
G1 X115.558 Y113.856 E.0171
;WIDTH:0.516592
G1 X115.467 Y113.381 E.01715
;WIDTH:0.523508
G1 X115.505 Y112.848 E.01921
G1 X115.633 Y112.434 E.01559
;WIDTH:0.520309
G1 X115.882 Y112.019 E.01729
;WIDTH:0.517447
G1 X116.223 Y111.676 E.01718
;WIDTH:0.515747
G1 X116.636 Y111.423 E.01711
G1 X117.061 Y111.288 E.0158
; stop printing object OrangePi-Spacer.stl id:8761013144 copy 0
; printing object OrangePi-Spacer.stl id:29074711 copy 0
G1 E-.84 F2400
;WIPE_START
G1 F3600
G1 X117.666 Y111.254 E-.21804
G1 X118.053 Y111.328 E-.14196
;WIPE_END
G17
G3 Z4.4 I1.096 J-.529 P1  F9000
G1 X114.759 Y104.506 Z4.4
G1 Z4
G1 E1.2 F1800
;WIDTH:0.520548
G1 F1200
G1 X115.207 Y104.771 E.01857
;WIDTH:0.523506
G1 X115.588 Y105.123 E.01869
;WIDTH:0.525541
G1 X115.888 Y105.547 E.01876
;WIDTH:0.526411
G1 X116.094 Y106.024 E.01878
G1 X116.197 Y106.533 E.01878
;WIDTH:0.526122
G1 X116.193 Y107.052 E.01877
;WIDTH:0.524669
G1 X116.081 Y107.559 E.01872
;WIDTH:0.522052
G1 X115.866 Y108.032 E.01863
;WIDTH:0.520624
G1 X115.545 Y108.459 E.0191
;WIDTH:0.524669
G1 X115.165 Y108.791 E.0182
;WIDTH:0.52612
G1 X114.712 Y109.045 E.01878
;WIDTH:0.52641
G1 X114.217 Y109.201 E.01878
G1 X113.7 Y109.25 E.01878
;WIDTH:0.525541
G1 X113.184 Y109.192 E.01875
;WIDTH:0.523505
G1 X112.692 Y109.028 E.01868
;WIDTH:0.520549
G1 X112.244 Y108.763 E.01857
;WIDTH:0.523508
G1 X111.862 Y108.411 E.01869
;WIDTH:0.525541
G1 X111.562 Y107.987 E.01876
;WIDTH:0.526412
G1 X111.356 Y107.51 E.01878
G1 X111.254 Y107.001 E.01878
;WIDTH:0.526123
G1 X111.258 Y106.482 E.01877
;WIDTH:0.52467
G1 X111.37 Y105.975 E.01872
;WIDTH:0.522054
G1 X111.585 Y105.502 E.01863
;WIDTH:0.520625
G1 X111.906 Y105.075 E.0191
;WIDTH:0.524671
G1 X112.286 Y104.743 E.0182
;WIDTH:0.526122
G1 X112.739 Y104.489 E.01878
;WIDTH:0.526412
G1 X113.234 Y104.333 E.01878
G1 X113.751 Y104.284 E.01878
;WIDTH:0.52554
G1 X114.266 Y104.342 E.01875
;WIDTH:0.523505
G1 X114.721 Y104.494 E.01724
G1 E-.84 F2400
;WIPE_START
G1 F3600
G1 X115.207 Y104.771 E-.20118
G1 X115.531 Y105.07 E-.15882
;WIPE_END
G17
G3 Z4.4 I-.736 J-.969 P1  F9000
G1 X111.988 Y107.761 Z4.4
G1 Z4
G1 E1.2 F1800
;WIDTH:0.525541
G1 F1200
G1 X111.987 Y107.76 E.00008
;WIDTH:0.526412
G1 X111.822 Y107.383 E.01486
G1 X111.736 Y106.982 E.01485
;WIDTH:0.526123
G1 X111.731 Y106.571 E.01486
;WIDTH:0.52467
G1 X111.809 Y106.167 E.01485
;WIDTH:0.522054
G1 X112.001 Y105.738 E.01683
;WIDTH:0.518732
G1 X112.298 Y105.356 E.01723
;WIDTH:0.516451
G1 X112.677 Y105.056 E.01714
;WIDTH:0.515378
G1 X113.117 Y104.855 E.0171
;WIDTH:0.516592
G1 X113.592 Y104.765 E.01715
;WIDTH:0.523505
G1 X114.125 Y104.802 E.01921
G1 X114.539 Y104.93 E.01559
;WIDTH:0.520307
G1 X114.954 Y105.18 E.01729
;WIDTH:0.517445
G1 X115.297 Y105.52 E.01718
;WIDTH:0.515746
G1 X115.55 Y105.933 E.01711
G1 X115.697 Y106.394 E.01712
;WIDTH:0.524669
G1 X115.719 Y106.963 E.02054
G1 X115.642 Y107.367 E.01485
;WIDTH:0.522052
G1 X115.45 Y107.796 E.01683
;WIDTH:0.51873
G1 X115.153 Y108.178 E.01723
;WIDTH:0.516451
G1 X114.774 Y108.478 E.01714
;WIDTH:0.515376
G1 X114.334 Y108.679 E.0171
;WIDTH:0.516592
G1 X113.858 Y108.77 E.01715
;WIDTH:0.523505
G1 X113.325 Y108.732 E.01921
G1 X112.912 Y108.604 E.01559
;WIDTH:0.520308
G1 X112.497 Y108.354 E.01729
;WIDTH:0.517446
G1 X112.153 Y108.014 E.01718
;WIDTH:0.525541
G1 X112.01 Y107.795 E.00946
; stop printing object OrangePi-Spacer.stl id:29074711 copy 0
; printing object OrangePi-Spacer.stl id:0 copy 0
G1 E-.84 F2400
;WIPE_START
G1 F3600
G1 X111.987 Y107.76 E-.01515
G1 X111.822 Y107.383 E-.14784
G1 X111.736 Y106.982 E-.14779
G1 X111.734 Y106.845 E-.04922
;WIPE_END
G17
G3 Z4.4 I-1.199 J-.208 P1  F9000
G1 X111.019 Y110.972 Z4.4
G1 Z4
G1 E1.2 F1800
;WIDTH:0.520548
G1 F1200
G1 X111.466 Y111.237 E.01857
;WIDTH:0.523506
G1 X111.848 Y111.589 E.01869
;WIDTH:0.525541
G1 X112.148 Y112.013 E.01876
;WIDTH:0.526411
G1 X112.354 Y112.49 E.01878
G1 X112.457 Y112.999 E.01878
;WIDTH:0.526122
G1 X112.452 Y113.518 E.01877
;WIDTH:0.524669
G1 X112.34 Y114.025 E.01872
;WIDTH:0.522052
G1 X112.125 Y114.498 E.01863
;WIDTH:0.520624
G1 X111.804 Y114.925 E.0191
;WIDTH:0.524669
G1 X111.424 Y115.257 E.0182
;WIDTH:0.52612
G1 X110.972 Y115.511 E.01878
;WIDTH:0.52641
G1 X110.476 Y115.667 E.01878
G1 X109.96 Y115.716 E.01878
;WIDTH:0.525541
G1 X109.444 Y115.658 E.01875
;WIDTH:0.523505
G1 X108.951 Y115.494 E.01868
;WIDTH:0.520549
G1 X108.504 Y115.229 E.01857
;WIDTH:0.523508
G1 X108.122 Y114.877 E.01869
;WIDTH:0.525541
G1 X107.822 Y114.453 E.01876
;WIDTH:0.526412
G1 X107.616 Y113.976 E.01878
G1 X107.513 Y113.467 E.01878
;WIDTH:0.526123
G1 X107.518 Y112.948 E.01877
;WIDTH:0.52467
G1 X107.629 Y112.441 E.01872
;WIDTH:0.522054
G1 X107.845 Y111.968 E.01863
;WIDTH:0.520625
G1 X108.166 Y111.541 E.0191
;WIDTH:0.524671
G1 X108.545 Y111.209 E.0182
;WIDTH:0.526122
G1 X108.998 Y110.955 E.01878
;WIDTH:0.526412
G1 X109.493 Y110.799 E.01878
G1 X110.01 Y110.75 E.01878
;WIDTH:0.52554
G1 X110.526 Y110.808 E.01875
;WIDTH:0.523505
G1 X110.981 Y110.96 E.01724
G1 E-.84 F2400
;WIPE_START
G1 F3600
G1 X111.466 Y111.237 E-.20118
G1 X111.79 Y111.536 E-.15882
;WIPE_END
G17
G3 Z4.4 I-.736 J-.969 P1  F9000
G1 X108.247 Y114.227 Z4.4
G1 Z4
G1 E1.2 F1800
;WIDTH:0.525541
G1 F1200
G1 X108.246 Y114.226 E.00008
;WIDTH:0.526412
G1 X108.082 Y113.849 E.01486
G1 X107.995 Y113.448 E.01485
;WIDTH:0.526123
G1 X107.991 Y113.037 E.01486
;WIDTH:0.52467
G1 X108.069 Y112.633 E.01485
;WIDTH:0.522054
G1 X108.26 Y112.204 E.01683
;WIDTH:0.518732
G1 X108.557 Y111.822 E.01723
;WIDTH:0.516451
G1 X108.937 Y111.522 E.01714
;WIDTH:0.515378
G1 X109.377 Y111.321 E.0171
;WIDTH:0.516592
G1 X109.852 Y111.23 E.01715
;WIDTH:0.523505
G1 X110.385 Y111.268 E.01921
G1 X110.799 Y111.396 E.01559
;WIDTH:0.520307
G1 X111.214 Y111.646 E.01729
;WIDTH:0.517445
G1 X111.557 Y111.986 E.01718
;WIDTH:0.515746
G1 X111.809 Y112.399 E.01711
G1 X111.956 Y112.86 E.01712
;WIDTH:0.524669
G1 X111.979 Y113.429 E.02054
G1 X111.901 Y113.833 E.01485
;WIDTH:0.522052
G1 X111.709 Y114.262 E.01683
;WIDTH:0.51873
G1 X111.412 Y114.644 E.01723
;WIDTH:0.516451
G1 X111.033 Y114.944 E.01714
;WIDTH:0.515376
G1 X110.593 Y115.145 E.0171
;WIDTH:0.516592
G1 X110.118 Y115.235 E.01715
;WIDTH:0.523505
G1 X109.585 Y115.198 E.01921
G1 X109.171 Y115.07 E.01559
;WIDTH:0.520308
G1 X108.756 Y114.82 E.01729
;WIDTH:0.517446
G1 X108.413 Y114.48 E.01718
;WIDTH:0.525541
G1 X108.269 Y114.261 E.00946
; stop printing object OrangePi-Spacer.stl id:0 copy 0
; printing object OrangePi-Spacer.stl id:8761013144 copy 0
G1 E-.84 F2400
;WIPE_START
G1 F3600
G1 X108.246 Y114.226 E-.01515
G1 X108.082 Y113.849 E-.14784
G1 X107.995 Y113.448 E-.14779
G1 X107.994 Y113.311 E-.04922
;WIPE_END
G17
G3 Z4.4 I.567 J-1.077 P1  F9000
G1 X103.549 Y110.972 Z4.4
G1 Z4
G1 E1.2 F1800
;WIDTH:0.520548
G1 F1200
G1 X103.996 Y111.237 E.01857
;WIDTH:0.523506
G1 X104.378 Y111.589 E.01869
;WIDTH:0.525541
G1 X104.678 Y112.013 E.01876
;WIDTH:0.526411
G1 X104.884 Y112.49 E.01878
G1 X104.987 Y112.999 E.01878
;WIDTH:0.526122
G1 X104.982 Y113.518 E.01877
;WIDTH:0.524669
G1 X104.871 Y114.025 E.01872
;WIDTH:0.522052
G1 X104.655 Y114.498 E.01863
;WIDTH:0.520624
G1 X104.334 Y114.925 E.0191
;WIDTH:0.524669
G1 X103.955 Y115.257 E.0182
;WIDTH:0.52612
G1 X103.502 Y115.511 E.01878
;WIDTH:0.52641
G1 X103.007 Y115.667 E.01878
G1 X102.49 Y115.716 E.01878
;WIDTH:0.525541
G1 X101.974 Y115.658 E.01875
;WIDTH:0.523505
G1 X101.481 Y115.494 E.01868
;WIDTH:0.520549
G1 X101.034 Y115.229 E.01857
;WIDTH:0.523508
G1 X100.652 Y114.877 E.01869
;WIDTH:0.525541
G1 X100.352 Y114.453 E.01876
;WIDTH:0.526412
G1 X100.146 Y113.976 E.01878
G1 X100.043 Y113.467 E.01878
;WIDTH:0.526123
G1 X100.048 Y112.948 E.01877
;WIDTH:0.52467
G1 X100.16 Y112.441 E.01872
;WIDTH:0.522054
G1 X100.375 Y111.968 E.01863
;WIDTH:0.520625
G1 X100.696 Y111.541 E.0191
;WIDTH:0.524671
G1 X101.076 Y111.209 E.0182
;WIDTH:0.526122
G1 X101.528 Y110.955 E.01878
;WIDTH:0.526412
G1 X102.024 Y110.799 E.01878
G1 X102.54 Y110.75 E.01878
;WIDTH:0.52554
G1 X103.056 Y110.808 E.01875
;WIDTH:0.523505
G1 X103.511 Y110.96 E.01724
G1 E-.84 F2400
;WIPE_START
G1 F3600
G1 X103.996 Y111.237 E-.20118
G1 X104.32 Y111.536 E-.15882
;WIPE_END
G17
G3 Z4.4 I-.736 J-.969 P1  F9000
G1 X100.778 Y114.227 Z4.4
G1 Z4
G1 E1.2 F1800
;WIDTH:0.525541
G1 F1200
G1 X100.776 Y114.226 E.00008
;WIDTH:0.526412
G1 X100.612 Y113.849 E.01486
G1 X100.526 Y113.448 E.01485
;WIDTH:0.526123
G1 X100.521 Y113.037 E.01486
;WIDTH:0.52467
G1 X100.599 Y112.633 E.01485
;WIDTH:0.522054
G1 X100.791 Y112.204 E.01683
;WIDTH:0.518732
G1 X101.088 Y111.822 E.01723
;WIDTH:0.516451
G1 X101.467 Y111.522 E.01714
;WIDTH:0.515378
G1 X101.907 Y111.321 E.0171
;WIDTH:0.516592
G1 X102.382 Y111.23 E.01715
;WIDTH:0.523505
G1 X102.915 Y111.268 E.01921
G1 X103.329 Y111.396 E.01559
;WIDTH:0.520307
G1 X103.744 Y111.646 E.01729
;WIDTH:0.517445
G1 X104.087 Y111.986 E.01718
;WIDTH:0.515746
G1 X104.34 Y112.399 E.01711
G1 X104.487 Y112.86 E.01712
;WIDTH:0.524669
G1 X104.509 Y113.429 E.02054
G1 X104.431 Y113.833 E.01485
;WIDTH:0.522052
G1 X104.24 Y114.262 E.01683
;WIDTH:0.51873
G1 X103.943 Y114.644 E.01723
;WIDTH:0.516451
G1 X103.563 Y114.944 E.01714
;WIDTH:0.515376
G1 X103.123 Y115.145 E.0171
;WIDTH:0.516592
G1 X102.648 Y115.235 E.01715
;WIDTH:0.523505
G1 X102.115 Y115.198 E.01921
G1 X101.701 Y115.07 E.01559
;WIDTH:0.520308
G1 X101.286 Y114.82 E.01729
;WIDTH:0.517446
G1 X100.943 Y114.48 E.01718
;WIDTH:0.525541
G1 X100.799 Y114.261 E.00946
; stop printing object OrangePi-Spacer.stl id:8761013144 copy 0
G1 E-.84 F2400
;WIPE_START
G1 F3600
G1 X100.776 Y114.226 E-.01515
G1 X100.612 Y113.849 E-.14784
G1 X100.526 Y113.448 E-.14779
G1 X100.524 Y113.311 E-.04922
;WIPE_END
;LAYER_CHANGE
;Z:4.2
;HEIGHT:0.2
;BEFORE_LAYER_CHANGE
;4.2
G92 E0

;_SET_FAN_SPEED_CHANGING_LAYER
; printing object OrangePi-Spacer.stl id:8761013144 copy 0
G1 Z4.6 F9000
G1 X118.734 Y111.108
G1 Z4.2
G1 E1.2 F1800
;WIDTH:0.520624
G1 F1200
G1 X119.162 Y111.429 E.0191
;WIDTH:0.52467
G1 X119.494 Y111.809 E.0182
;WIDTH:0.52612
G1 X119.748 Y112.261 E.01878
;WIDTH:0.526411
G1 X119.904 Y112.757 E.01878
G1 X119.953 Y113.273 E.01878
;WIDTH:0.52554
G1 X119.895 Y113.789 E.01875
;WIDTH:0.523506
G1 X119.73 Y114.282 E.01868
;WIDTH:0.520549
G1 X119.466 Y114.729 E.01857
;WIDTH:0.523506
G1 X119.113 Y115.111 E.01869
;WIDTH:0.525541
G1 X118.69 Y115.411 E.01876
;WIDTH:0.526411
G1 X118.213 Y115.617 E.01878
G1 X117.704 Y115.72 E.01878
;WIDTH:0.526121
G1 X117.185 Y115.715 E.01877
;WIDTH:0.524669
G1 X116.678 Y115.604 E.01872
;WIDTH:0.522052
G1 X116.205 Y115.388 E.01863
;WIDTH:0.520625
G1 X115.778 Y115.067 E.0191
;WIDTH:0.52467
G1 X115.446 Y114.687 E.0182
;WIDTH:0.526121
G1 X115.191 Y114.235 E.01878
;WIDTH:0.526412
G1 X115.036 Y113.739 E.01878
G1 X114.987 Y113.223 E.01878
;WIDTH:0.525542
G1 X115.045 Y112.707 E.01875
;WIDTH:0.523507
G1 X115.209 Y112.214 E.01868
;WIDTH:0.520548
G1 X115.474 Y111.767 E.01857
;WIDTH:0.523509
G1 X115.826 Y111.385 E.01869
;WIDTH:0.525542
G1 X116.25 Y111.085 E.01876
;WIDTH:0.526412
G1 X116.727 Y110.879 E.01878
G1 X117.235 Y110.776 E.01878
;WIDTH:0.526122
G1 X117.755 Y110.781 E.01877
;WIDTH:0.524667
G1 X118.262 Y110.892 E.01872
;WIDTH:0.522053
G1 X118.698 Y111.091 E.01719
G1 X117.1 Y111.276 F9000
;WIDTH:0.524667
G1 F1200
G1 X117.666 Y111.254 E.02042
G1 X118.07 Y111.332 E.01485
;WIDTH:0.522053
G1 X118.499 Y111.524 E.01683
;WIDTH:0.51873
G1 X118.881 Y111.821 E.01723
;WIDTH:0.51645
G1 X119.181 Y112.2 E.01714
;WIDTH:0.515376
G1 X119.382 Y112.64 E.0171
;WIDTH:0.516592
G1 X119.472 Y113.115 E.01715
;WIDTH:0.523506
G1 X119.435 Y113.648 E.01921
G1 X119.306 Y114.062 E.01559
;WIDTH:0.520307
G1 X119.057 Y114.477 E.01729
;WIDTH:0.517445
G1 X118.717 Y114.82 E.01718
;WIDTH:0.515746
G1 X118.304 Y115.073 E.01711
G1 X117.843 Y115.22 E.01712
;WIDTH:0.524669
G1 X117.274 Y115.242 E.02054
G1 X116.87 Y115.164 E.01485
;WIDTH:0.522052
G1 X116.441 Y114.972 E.01683
;WIDTH:0.518731
G1 X116.059 Y114.675 E.01723
;WIDTH:0.516451
G1 X115.759 Y114.296 E.01714
;WIDTH:0.515377
G1 X115.558 Y113.856 E.0171
;WIDTH:0.516592
G1 X115.467 Y113.381 E.01715
;WIDTH:0.523507
G1 X115.505 Y112.848 E.01921
G1 X115.633 Y112.434 E.01559
;WIDTH:0.520309
G1 X115.882 Y112.019 E.01729
;WIDTH:0.517447
G1 X116.223 Y111.676 E.01718
;WIDTH:0.515747
G1 X116.636 Y111.423 E.01711
G1 X117.061 Y111.288 E.01582
; stop printing object OrangePi-Spacer.stl id:8761013144 copy 0
; printing object OrangePi-Spacer.stl id:29074711 copy 0
G1 E-.84 F2400
;WIPE_START
G1 F3600
G1 X117.666 Y111.254 E-.2179
G1 X118.053 Y111.328 E-.1421
;WIPE_END
G17
G3 Z4.6 I1.096 J-.529 P1  F9000
G1 X114.759 Y104.506 Z4.6
G1 Z4.2
G1 E1.2 F1800
;WIDTH:0.520548
G1 F1200
G1 X115.207 Y104.771 E.01857
;WIDTH:0.523506
G1 X115.588 Y105.123 E.01869
;WIDTH:0.525541
G1 X115.888 Y105.547 E.01876
;WIDTH:0.526411
G1 X116.094 Y106.024 E.01878
G1 X116.197 Y106.533 E.01878
;WIDTH:0.526122
G1 X116.193 Y107.052 E.01877
;WIDTH:0.524669
G1 X116.081 Y107.559 E.01872
;WIDTH:0.522052
G1 X115.866 Y108.032 E.01863
;WIDTH:0.520624
G1 X115.545 Y108.459 E.0191
;WIDTH:0.524669
G1 X115.165 Y108.791 E.0182
;WIDTH:0.52612
G1 X114.712 Y109.045 E.01878
;WIDTH:0.52641
G1 X114.217 Y109.201 E.01878
G1 X113.7 Y109.25 E.01878
;WIDTH:0.525541
G1 X113.184 Y109.192 E.01875
;WIDTH:0.523506
G1 X112.692 Y109.028 E.01868
;WIDTH:0.520548
G1 X112.244 Y108.763 E.01857
;WIDTH:0.523508
G1 X111.862 Y108.411 E.01869
;WIDTH:0.525542
G1 X111.562 Y107.987 E.01876
;WIDTH:0.526412
G1 X111.356 Y107.51 E.01878
G1 X111.254 Y107.001 E.01878
;WIDTH:0.526123
G1 X111.258 Y106.482 E.01877
;WIDTH:0.52467
G1 X111.37 Y105.975 E.01872
;WIDTH:0.522054
G1 X111.585 Y105.502 E.01863
;WIDTH:0.520625
G1 X111.906 Y105.075 E.0191
;WIDTH:0.524671
G1 X112.286 Y104.743 E.0182
;WIDTH:0.526122
G1 X112.739 Y104.489 E.01878
;WIDTH:0.526412
G1 X113.234 Y104.333 E.01878
G1 X113.751 Y104.284 E.01878
;WIDTH:0.52554
G1 X114.266 Y104.342 E.01875
;WIDTH:0.523507
G1 X114.721 Y104.494 E.01724
G1 E-.84 F2400
;WIPE_START
G1 F3600
G1 X115.207 Y104.771 E-.20118
G1 X115.531 Y105.07 E-.15882
;WIPE_END
G17
G3 Z4.6 I-.736 J-.969 P1  F9000
G1 X111.988 Y107.761 Z4.6
G1 Z4.2
G1 E1.2 F1800
;WIDTH:0.525542
G1 F1200
G1 X111.987 Y107.76 E.00007
;WIDTH:0.526412
G1 X111.822 Y107.383 E.01486
G1 X111.736 Y106.982 E.01485
;WIDTH:0.526123
G1 X111.731 Y106.571 E.01486
;WIDTH:0.52467
G1 X111.809 Y106.167 E.01485
;WIDTH:0.522054
G1 X112.001 Y105.738 E.01683
;WIDTH:0.518732
G1 X112.298 Y105.356 E.01723
;WIDTH:0.516451
G1 X112.677 Y105.056 E.01714
;WIDTH:0.515378
G1 X113.117 Y104.855 E.0171
;WIDTH:0.516592
G1 X113.592 Y104.765 E.01715
;WIDTH:0.523507
G1 X114.125 Y104.802 E.01921
G1 X114.539 Y104.93 E.01559
;WIDTH:0.520307
G1 X114.954 Y105.18 E.01729
;WIDTH:0.517445
G1 X115.297 Y105.52 E.01718
;WIDTH:0.515746
G1 X115.55 Y105.933 E.01711
G1 X115.697 Y106.394 E.01712
;WIDTH:0.524669
G1 X115.719 Y106.963 E.02054
G1 X115.642 Y107.367 E.01485
;WIDTH:0.522052
G1 X115.45 Y107.796 E.01683
;WIDTH:0.51873
G1 X115.153 Y108.178 E.01723
;WIDTH:0.516451
G1 X114.774 Y108.478 E.01714
;WIDTH:0.515376
G1 X114.334 Y108.679 E.0171
;WIDTH:0.516592
G1 X113.858 Y108.77 E.01715
;WIDTH:0.523506
G1 X113.325 Y108.732 E.01921
G1 X112.912 Y108.604 E.01559
;WIDTH:0.520308
G1 X112.497 Y108.354 E.01729
;WIDTH:0.517445
G1 X112.153 Y108.014 E.01718
;WIDTH:0.525542
G1 X112.01 Y107.795 E.00947
; stop printing object OrangePi-Spacer.stl id:29074711 copy 0
; printing object OrangePi-Spacer.stl id:0 copy 0
G1 E-.84 F2400
;WIPE_START
G1 F3600
G1 X111.987 Y107.76 E-.01506
G1 X111.822 Y107.383 E-.14784
G1 X111.736 Y106.982 E-.14779
G1 X111.734 Y106.845 E-.04931
;WIPE_END
G17
G3 Z4.6 I-1.199 J-.208 P1  F9000
G1 X111.019 Y110.972 Z4.6
G1 Z4.2
G1 E1.2 F1800
;WIDTH:0.520548
G1 F1200
G1 X111.466 Y111.237 E.01857
;WIDTH:0.523506
G1 X111.848 Y111.589 E.01869
;WIDTH:0.525541
G1 X112.148 Y112.013 E.01876
;WIDTH:0.526411
G1 X112.354 Y112.49 E.01878
G1 X112.457 Y112.999 E.01878
;WIDTH:0.526122
G1 X112.452 Y113.518 E.01877
;WIDTH:0.524669
G1 X112.34 Y114.025 E.01872
;WIDTH:0.522052
G1 X112.125 Y114.498 E.01863
;WIDTH:0.520624
G1 X111.804 Y114.925 E.0191
;WIDTH:0.524669
G1 X111.424 Y115.257 E.0182
;WIDTH:0.52612
G1 X110.972 Y115.511 E.01878
;WIDTH:0.52641
G1 X110.476 Y115.667 E.01878
G1 X109.96 Y115.716 E.01878
;WIDTH:0.525541
G1 X109.444 Y115.658 E.01875
;WIDTH:0.523506
G1 X108.951 Y115.494 E.01868
;WIDTH:0.520548
G1 X108.504 Y115.229 E.01857
;WIDTH:0.523508
G1 X108.122 Y114.877 E.01869
;WIDTH:0.525542
G1 X107.822 Y114.453 E.01876
;WIDTH:0.526412
G1 X107.616 Y113.976 E.01878
G1 X107.513 Y113.467 E.01878
;WIDTH:0.526123
G1 X107.518 Y112.948 E.01877
;WIDTH:0.52467
G1 X107.629 Y112.441 E.01872
;WIDTH:0.522054
G1 X107.845 Y111.968 E.01863
;WIDTH:0.520625
G1 X108.166 Y111.541 E.0191
;WIDTH:0.524671
G1 X108.545 Y111.209 E.0182
;WIDTH:0.526122
G1 X108.998 Y110.955 E.01878
;WIDTH:0.526412
G1 X109.493 Y110.799 E.01878
G1 X110.01 Y110.75 E.01878
;WIDTH:0.52554
G1 X110.526 Y110.808 E.01875
;WIDTH:0.523507
G1 X110.981 Y110.96 E.01724
G1 E-.84 F2400
;WIPE_START
G1 F3600
G1 X111.466 Y111.237 E-.20118
G1 X111.79 Y111.536 E-.15882
;WIPE_END
G17
G3 Z4.6 I-.736 J-.969 P1  F9000
G1 X108.247 Y114.227 Z4.6
G1 Z4.2
G1 E1.2 F1800
;WIDTH:0.525542
G1 F1200
G1 X108.246 Y114.226 E.00007
;WIDTH:0.526412
G1 X108.082 Y113.849 E.01486
G1 X107.995 Y113.448 E.01485
;WIDTH:0.526123
G1 X107.991 Y113.037 E.01486
;WIDTH:0.52467
G1 X108.069 Y112.633 E.01485
;WIDTH:0.522054
G1 X108.26 Y112.204 E.01683
;WIDTH:0.518732
G1 X108.557 Y111.822 E.01723
;WIDTH:0.516451
G1 X108.937 Y111.522 E.01714
;WIDTH:0.515378
G1 X109.377 Y111.321 E.0171
;WIDTH:0.516592
G1 X109.852 Y111.23 E.01715
;WIDTH:0.523507
G1 X110.385 Y111.268 E.01921
G1 X110.799 Y111.396 E.01559
;WIDTH:0.520307
G1 X111.214 Y111.646 E.01729
;WIDTH:0.517445
G1 X111.557 Y111.986 E.01718
;WIDTH:0.515746
G1 X111.809 Y112.399 E.01711
G1 X111.956 Y112.86 E.01712
;WIDTH:0.524669
G1 X111.979 Y113.429 E.02054
G1 X111.901 Y113.833 E.01485
;WIDTH:0.522052
G1 X111.709 Y114.262 E.01683
;WIDTH:0.51873
G1 X111.412 Y114.644 E.01723
;WIDTH:0.516451
G1 X111.033 Y114.944 E.01714
;WIDTH:0.515376
G1 X110.593 Y115.145 E.0171
;WIDTH:0.516592
G1 X110.118 Y115.235 E.01715
;WIDTH:0.523506
G1 X109.585 Y115.198 E.01921
G1 X109.171 Y115.07 E.01559
;WIDTH:0.520308
G1 X108.756 Y114.82 E.01729
;WIDTH:0.517445
G1 X108.413 Y114.48 E.01718
;WIDTH:0.525542
G1 X108.269 Y114.261 E.00947
; stop printing object OrangePi-Spacer.stl id:0 copy 0
; printing object OrangePi-Spacer.stl id:8761013144 copy 0
G1 E-.84 F2400
;WIPE_START
G1 F3600
G1 X108.246 Y114.226 E-.01506
G1 X108.082 Y113.849 E-.14784
G1 X107.995 Y113.448 E-.14779
G1 X107.994 Y113.311 E-.04931
;WIPE_END
G17
G3 Z4.6 I.567 J-1.077 P1  F9000
G1 X103.549 Y110.972 Z4.6
G1 Z4.2
G1 E1.2 F1800
;WIDTH:0.520548
G1 F1200
G1 X103.996 Y111.237 E.01857
;WIDTH:0.523506
G1 X104.378 Y111.589 E.01869
;WIDTH:0.525541
G1 X104.678 Y112.013 E.01876
;WIDTH:0.526411
G1 X104.884 Y112.49 E.01878
G1 X104.987 Y112.999 E.01878
;WIDTH:0.526122
G1 X104.982 Y113.518 E.01877
;WIDTH:0.524669
G1 X104.871 Y114.025 E.01872
;WIDTH:0.522052
G1 X104.655 Y114.498 E.01863
;WIDTH:0.520624
G1 X104.334 Y114.925 E.0191
;WIDTH:0.524669
G1 X103.955 Y115.257 E.0182
;WIDTH:0.52612
G1 X103.502 Y115.511 E.01878
;WIDTH:0.52641
G1 X103.007 Y115.667 E.01878
G1 X102.49 Y115.716 E.01878
;WIDTH:0.525541
G1 X101.974 Y115.658 E.01875
;WIDTH:0.523506
G1 X101.481 Y115.494 E.01868
;WIDTH:0.520548
G1 X101.034 Y115.229 E.01857
;WIDTH:0.523508
G1 X100.652 Y114.877 E.01869
;WIDTH:0.525542
G1 X100.352 Y114.453 E.01876
;WIDTH:0.526412
G1 X100.146 Y113.976 E.01878
G1 X100.043 Y113.467 E.01878
;WIDTH:0.526123
G1 X100.048 Y112.948 E.01877
;WIDTH:0.52467
G1 X100.16 Y112.441 E.01872
;WIDTH:0.522054
G1 X100.375 Y111.968 E.01863
;WIDTH:0.520625
G1 X100.696 Y111.541 E.0191
;WIDTH:0.524671
G1 X101.076 Y111.209 E.0182
;WIDTH:0.526122
G1 X101.528 Y110.955 E.01878
;WIDTH:0.526412
G1 X102.024 Y110.799 E.01878
G1 X102.54 Y110.75 E.01878
;WIDTH:0.52554
G1 X103.056 Y110.808 E.01875
;WIDTH:0.523507
G1 X103.511 Y110.96 E.01724
G1 E-.84 F2400
;WIPE_START
G1 F3600
G1 X103.996 Y111.237 E-.20118
G1 X104.32 Y111.536 E-.15882
;WIPE_END
G17
G3 Z4.6 I-.736 J-.969 P1  F9000
G1 X100.777 Y114.227 Z4.6
G1 Z4.2
G1 E1.2 F1800
;WIDTH:0.525542
G1 F1200
G1 X100.776 Y114.226 E.00007
;WIDTH:0.526412
G1 X100.612 Y113.849 E.01486
G1 X100.526 Y113.448 E.01485
;WIDTH:0.526123
G1 X100.521 Y113.037 E.01486
;WIDTH:0.52467
G1 X100.599 Y112.633 E.01485
;WIDTH:0.522054
G1 X100.791 Y112.204 E.01683
;WIDTH:0.518732
G1 X101.088 Y111.822 E.01723
;WIDTH:0.516451
G1 X101.467 Y111.522 E.01714
;WIDTH:0.515378
G1 X101.907 Y111.321 E.0171
;WIDTH:0.516592
G1 X102.382 Y111.23 E.01715
;WIDTH:0.523507
G1 X102.915 Y111.268 E.01921
G1 X103.329 Y111.396 E.01559
;WIDTH:0.520307
G1 X103.744 Y111.646 E.01729
;WIDTH:0.517445
G1 X104.087 Y111.986 E.01718
;WIDTH:0.515746
G1 X104.34 Y112.399 E.01711
G1 X104.487 Y112.86 E.01712
;WIDTH:0.524669
G1 X104.509 Y113.429 E.02054
G1 X104.431 Y113.833 E.01485
;WIDTH:0.522052
G1 X104.24 Y114.262 E.01683
;WIDTH:0.51873
G1 X103.943 Y114.644 E.01723
;WIDTH:0.516451
G1 X103.563 Y114.944 E.01714
;WIDTH:0.515376
G1 X103.123 Y115.145 E.0171
;WIDTH:0.516592
G1 X102.648 Y115.235 E.01715
;WIDTH:0.523506
G1 X102.115 Y115.198 E.01921
G1 X101.701 Y115.07 E.01559
;WIDTH:0.520308
G1 X101.286 Y114.82 E.01729
;WIDTH:0.517445
G1 X100.943 Y114.48 E.01718
;WIDTH:0.525542
G1 X100.799 Y114.261 E.00947
; stop printing object OrangePi-Spacer.stl id:8761013144 copy 0
G1 E-.84 F2400
;WIPE_START
G1 F3600
G1 X100.776 Y114.226 E-.01506
G1 X100.612 Y113.849 E-.14784
G1 X100.526 Y113.448 E-.14779
G1 X100.524 Y113.311 E-.04931
;WIPE_END
;LAYER_CHANGE
;Z:4.4
;HEIGHT:0.2
;BEFORE_LAYER_CHANGE
;4.4
G92 E0

;_SET_FAN_SPEED_CHANGING_LAYER
; printing object OrangePi-Spacer.stl id:8761013144 copy 0
G1 Z4.8 F9000
G1 X118.734 Y111.108
G1 Z4.4
G1 E1.2 F1800
;WIDTH:0.520623
G1 F1200
G1 X119.162 Y111.429 E.0191
;WIDTH:0.52467
G1 X119.494 Y111.809 E.0182
;WIDTH:0.52612
G1 X119.748 Y112.261 E.01878
;WIDTH:0.526411
G1 X119.904 Y112.757 E.01878
G1 X119.953 Y113.273 E.01878
;WIDTH:0.52554
G1 X119.895 Y113.789 E.01875
;WIDTH:0.523506
G1 X119.73 Y114.282 E.01868
;WIDTH:0.520549
G1 X119.466 Y114.729 E.01857
;WIDTH:0.523506
G1 X119.113 Y115.111 E.01869
;WIDTH:0.52554
G1 X118.69 Y115.411 E.01876
;WIDTH:0.526411
G1 X118.213 Y115.617 E.01878
G1 X117.704 Y115.72 E.01878
;WIDTH:0.526121
G1 X117.185 Y115.715 E.01877
;WIDTH:0.524669
G1 X116.678 Y115.604 E.01872
;WIDTH:0.522052
G1 X116.205 Y115.388 E.01863
;WIDTH:0.520626
G1 X115.778 Y115.067 E.0191
;WIDTH:0.524671
G1 X115.446 Y114.687 E.0182
;WIDTH:0.526122
G1 X115.191 Y114.235 E.01878
;WIDTH:0.526412
G1 X115.036 Y113.739 E.01878
G1 X114.987 Y113.223 E.01878
;WIDTH:0.525542
G1 X115.045 Y112.707 E.01875
;WIDTH:0.523507
G1 X115.209 Y112.214 E.01868
;WIDTH:0.520549
G1 X115.474 Y111.767 E.01857
;WIDTH:0.523508
G1 X115.826 Y111.385 E.01869
;WIDTH:0.525542
G1 X116.25 Y111.085 E.01876
;WIDTH:0.526413
G1 X116.727 Y110.879 E.01878
G1 X117.235 Y110.776 E.01878
;WIDTH:0.526123
G1 X117.755 Y110.781 E.01877
;WIDTH:0.524667
G1 X118.262 Y110.892 E.01872
;WIDTH:0.522053
G1 X118.698 Y111.091 E.01719
G1 X117.1 Y111.276 F9000
;WIDTH:0.524667
G1 F1200
G1 X117.666 Y111.254 E.02041
G1 X118.07 Y111.332 E.01485
;WIDTH:0.522053
G1 X118.499 Y111.524 E.01683
;WIDTH:0.51873
G1 X118.881 Y111.821 E.01723
;WIDTH:0.51645
G1 X119.181 Y112.2 E.01714
;WIDTH:0.515376
G1 X119.382 Y112.64 E.0171
;WIDTH:0.516592
G1 X119.472 Y113.115 E.01715
;WIDTH:0.523506
G1 X119.435 Y113.648 E.01921
G1 X119.306 Y114.062 E.01559
;WIDTH:0.520307
G1 X119.057 Y114.477 E.01729
;WIDTH:0.517445
G1 X118.717 Y114.82 E.01718
;WIDTH:0.515745
G1 X118.304 Y115.073 E.01711
G1 X117.843 Y115.22 E.01712
;WIDTH:0.524669
G1 X117.274 Y115.242 E.02054
G1 X116.87 Y115.164 E.01485
;WIDTH:0.522052
G1 X116.441 Y114.972 E.01683
;WIDTH:0.518731
G1 X116.059 Y114.675 E.01723
;WIDTH:0.516451
G1 X115.759 Y114.296 E.01714
;WIDTH:0.515377
G1 X115.558 Y113.856 E.0171
;WIDTH:0.516593
G1 X115.467 Y113.381 E.01715
;WIDTH:0.523507
G1 X115.505 Y112.848 E.01921
G1 X115.633 Y112.434 E.01559
;WIDTH:0.520309
G1 X115.882 Y112.019 E.01729
;WIDTH:0.517447
G1 X116.223 Y111.676 E.01718
;WIDTH:0.515747
G1 X116.636 Y111.423 E.01711
G1 X117.062 Y111.288 E.01583
; stop printing object OrangePi-Spacer.stl id:8761013144 copy 0
; printing object OrangePi-Spacer.stl id:29074711 copy 0
G1 E-.84 F2400
;WIPE_START
G1 F3600
G1 X117.666 Y111.254 E-.21775
G1 X118.054 Y111.329 E-.14225
;WIPE_END
G17
G3 Z4.8 I1.096 J-.529 P1  F9000
G1 X114.759 Y104.506 Z4.8
G1 Z4.4
G1 E1.2 F1800
;WIDTH:0.520548
G1 F1200
G1 X115.207 Y104.771 E.01857
;WIDTH:0.523506
G1 X115.588 Y105.123 E.01869
;WIDTH:0.525541
G1 X115.888 Y105.547 E.01876
;WIDTH:0.526411
G1 X116.094 Y106.024 E.01878
G1 X116.197 Y106.533 E.01878
;WIDTH:0.526122
G1 X116.193 Y107.052 E.01877
;WIDTH:0.524669
G1 X116.081 Y107.559 E.01872
;WIDTH:0.522052
G1 X115.866 Y108.032 E.01863
;WIDTH:0.520623
G1 X115.545 Y108.459 E.0191
;WIDTH:0.524669
G1 X115.165 Y108.791 E.0182
;WIDTH:0.52612
G1 X114.712 Y109.045 E.01878
;WIDTH:0.52641
G1 X114.217 Y109.201 E.01878
G1 X113.7 Y109.25 E.01878
;WIDTH:0.525541
G1 X113.184 Y109.192 E.01875
;WIDTH:0.523506
G1 X112.692 Y109.028 E.01868
;WIDTH:0.520549
G1 X112.244 Y108.763 E.01857
;WIDTH:0.523508
G1 X111.862 Y108.411 E.01869
;WIDTH:0.525541
G1 X111.562 Y107.987 E.01876
;WIDTH:0.526412
G1 X111.356 Y107.51 E.01878
G1 X111.254 Y107.001 E.01878
;WIDTH:0.526123
G1 X111.258 Y106.482 E.01877
;WIDTH:0.52467
G1 X111.37 Y105.975 E.01872
;WIDTH:0.522054
G1 X111.585 Y105.502 E.01863
;WIDTH:0.520625
G1 X111.906 Y105.075 E.0191
;WIDTH:0.524671
G1 X112.286 Y104.743 E.0182
;WIDTH:0.526122
G1 X112.739 Y104.489 E.01878
;WIDTH:0.526412
G1 X113.234 Y104.333 E.01878
G1 X113.751 Y104.284 E.01878
;WIDTH:0.52554
G1 X114.266 Y104.342 E.01875
;WIDTH:0.523507
G1 X114.721 Y104.494 E.01724
G1 E-.84 F2400
;WIPE_START
G1 F3600
G1 X115.207 Y104.771 E-.20118
G1 X115.531 Y105.07 E-.15882
;WIPE_END
G17
G3 Z4.8 I-.736 J-.969 P1  F9000
G1 X111.988 Y107.761 Z4.8
G1 Z4.4
G1 E1.2 F1800
;WIDTH:0.525541
G1 F1200
G1 X111.987 Y107.76 E.00006
;WIDTH:0.526412
G1 X111.822 Y107.383 E.01486
G1 X111.736 Y106.982 E.01485
;WIDTH:0.526123
G1 X111.731 Y106.571 E.01486
;WIDTH:0.52467
G1 X111.809 Y106.167 E.01485
;WIDTH:0.522054
G1 X112.001 Y105.738 E.01683
;WIDTH:0.518732
G1 X112.298 Y105.356 E.01723
;WIDTH:0.516453
G1 X112.677 Y105.056 E.01714
;WIDTH:0.515378
G1 X113.117 Y104.855 E.0171
;WIDTH:0.516593
G1 X113.592 Y104.765 E.01715
;WIDTH:0.523507
G1 X114.125 Y104.802 E.01921
G1 X114.539 Y104.93 E.01559
;WIDTH:0.520307
G1 X114.954 Y105.18 E.01729
;WIDTH:0.517445
G1 X115.297 Y105.52 E.01718
;WIDTH:0.515746
G1 X115.55 Y105.933 E.01711
G1 X115.697 Y106.394 E.01712
;WIDTH:0.524669
G1 X115.719 Y106.963 E.02054
G1 X115.642 Y107.367 E.01485
;WIDTH:0.522052
G1 X115.45 Y107.796 E.01683
;WIDTH:0.51873
G1 X115.153 Y108.178 E.01723
;WIDTH:0.516451
G1 X114.774 Y108.478 E.01714
;WIDTH:0.515376
G1 X114.334 Y108.679 E.0171
;WIDTH:0.516592
G1 X113.858 Y108.77 E.01715
;WIDTH:0.523506
G1 X113.325 Y108.732 E.01921
G1 X112.912 Y108.604 E.01559
;WIDTH:0.520308
G1 X112.497 Y108.354 E.01729
;WIDTH:0.517446
G1 X112.153 Y108.014 E.01718
;WIDTH:0.525541
G1 X112.009 Y107.794 E.00948
; stop printing object OrangePi-Spacer.stl id:29074711 copy 0
; printing object OrangePi-Spacer.stl id:0 copy 0
G1 E-.84 F2400
;WIPE_START
G1 F3600
G1 X111.987 Y107.76 E-.01496
G1 X111.822 Y107.383 E-.14784
G1 X111.736 Y106.982 E-.14779
G1 X111.734 Y106.845 E-.04941
;WIPE_END
G17
G3 Z4.8 I-1.199 J-.208 P1  F9000
G1 X111.019 Y110.972 Z4.8
G1 Z4.4
G1 E1.2 F1800
;WIDTH:0.520548
G1 F1200
G1 X111.466 Y111.237 E.01857
;WIDTH:0.523506
G1 X111.848 Y111.589 E.01869
;WIDTH:0.525541
G1 X112.148 Y112.013 E.01876
;WIDTH:0.526411
G1 X112.354 Y112.49 E.01878
G1 X112.457 Y112.999 E.01878
;WIDTH:0.526122
G1 X112.452 Y113.518 E.01877
;WIDTH:0.524669
G1 X112.34 Y114.025 E.01872
;WIDTH:0.522052
G1 X112.125 Y114.498 E.01863
;WIDTH:0.520623
G1 X111.804 Y114.925 E.0191
;WIDTH:0.524669
G1 X111.424 Y115.257 E.0182
;WIDTH:0.52612
G1 X110.972 Y115.511 E.01878
;WIDTH:0.52641
G1 X110.476 Y115.667 E.01878
G1 X109.96 Y115.716 E.01878
;WIDTH:0.525541
G1 X109.444 Y115.658 E.01875
;WIDTH:0.523506
G1 X108.951 Y115.494 E.01868
;WIDTH:0.520549
G1 X108.504 Y115.229 E.01857
;WIDTH:0.523508
G1 X108.122 Y114.877 E.01869
;WIDTH:0.525541
G1 X107.822 Y114.453 E.01876
;WIDTH:0.526412
G1 X107.616 Y113.976 E.01878
G1 X107.513 Y113.467 E.01878
;WIDTH:0.526123
G1 X107.518 Y112.948 E.01877
;WIDTH:0.52467
G1 X107.629 Y112.441 E.01872
;WIDTH:0.522054
G1 X107.845 Y111.968 E.01863
;WIDTH:0.520625
G1 X108.166 Y111.541 E.0191
;WIDTH:0.524671
G1 X108.545 Y111.209 E.0182
;WIDTH:0.526122
G1 X108.998 Y110.955 E.01878
;WIDTH:0.526412
G1 X109.493 Y110.799 E.01878
G1 X110.01 Y110.75 E.01878
;WIDTH:0.52554
G1 X110.526 Y110.808 E.01875
;WIDTH:0.523507
G1 X110.981 Y110.96 E.01724
G1 E-.84 F2400
;WIPE_START
G1 F3600
G1 X111.466 Y111.237 E-.20118
G1 X111.79 Y111.536 E-.15882
;WIPE_END
G17
G3 Z4.8 I-.736 J-.969 P1  F9000
G1 X108.247 Y114.227 Z4.8
G1 Z4.4
G1 E1.2 F1800
;WIDTH:0.525541
G1 F1200
G1 X108.246 Y114.226 E.00006
;WIDTH:0.526412
G1 X108.082 Y113.849 E.01486
G1 X107.995 Y113.448 E.01485
;WIDTH:0.526123
G1 X107.991 Y113.037 E.01486
;WIDTH:0.52467
G1 X108.069 Y112.633 E.01485
;WIDTH:0.522054
G1 X108.26 Y112.204 E.01683
;WIDTH:0.518732
G1 X108.557 Y111.822 E.01723
;WIDTH:0.516453
G1 X108.937 Y111.522 E.01714
;WIDTH:0.515378
G1 X109.377 Y111.321 E.0171
;WIDTH:0.516593
G1 X109.852 Y111.23 E.01715
;WIDTH:0.523507
G1 X110.385 Y111.268 E.01921
G1 X110.799 Y111.396 E.01559
;WIDTH:0.520307
G1 X111.214 Y111.646 E.01729
;WIDTH:0.517445
G1 X111.557 Y111.986 E.01718
;WIDTH:0.515746
G1 X111.809 Y112.399 E.01711
G1 X111.956 Y112.86 E.01712
;WIDTH:0.524669
G1 X111.979 Y113.429 E.02054
G1 X111.901 Y113.833 E.01485
;WIDTH:0.522052
G1 X111.709 Y114.262 E.01683
;WIDTH:0.51873
G1 X111.412 Y114.644 E.01723
;WIDTH:0.516451
G1 X111.033 Y114.944 E.01714
;WIDTH:0.515376
G1 X110.593 Y115.145 E.0171
;WIDTH:0.516592
G1 X110.118 Y115.235 E.01715
;WIDTH:0.523506
G1 X109.585 Y115.198 E.01921
G1 X109.171 Y115.07 E.01559
;WIDTH:0.520308
G1 X108.756 Y114.82 E.01729
;WIDTH:0.517446
G1 X108.413 Y114.48 E.01718
;WIDTH:0.525541
G1 X108.269 Y114.26 E.00948
; stop printing object OrangePi-Spacer.stl id:0 copy 0
; printing object OrangePi-Spacer.stl id:8761013144 copy 0
G1 E-.84 F2400
;WIPE_START
G1 F3600
G1 X108.246 Y114.226 E-.01496
G1 X108.082 Y113.849 E-.14784
G1 X107.995 Y113.448 E-.14779
G1 X107.994 Y113.311 E-.04941
;WIPE_END
G17
G3 Z4.8 I.567 J-1.077 P1  F9000
G1 X103.549 Y110.972 Z4.8
G1 Z4.4
G1 E1.2 F1800
;WIDTH:0.520548
G1 F1200
G1 X103.996 Y111.237 E.01857
;WIDTH:0.523506
G1 X104.378 Y111.589 E.01869
;WIDTH:0.525541
G1 X104.678 Y112.013 E.01876
;WIDTH:0.526411
G1 X104.884 Y112.49 E.01878
G1 X104.987 Y112.999 E.01878
;WIDTH:0.526122
G1 X104.982 Y113.518 E.01877
;WIDTH:0.524669
G1 X104.871 Y114.025 E.01872
;WIDTH:0.522052
G1 X104.655 Y114.498 E.01863
;WIDTH:0.520623
G1 X104.334 Y114.925 E.0191
;WIDTH:0.524669
G1 X103.955 Y115.257 E.0182
;WIDTH:0.52612
G1 X103.502 Y115.511 E.01878
;WIDTH:0.52641
G1 X103.007 Y115.667 E.01878
G1 X102.49 Y115.716 E.01878
;WIDTH:0.525541
G1 X101.974 Y115.658 E.01875
;WIDTH:0.523506
G1 X101.481 Y115.494 E.01868
;WIDTH:0.520549
G1 X101.034 Y115.229 E.01857
;WIDTH:0.523508
G1 X100.652 Y114.877 E.01869
;WIDTH:0.525541
G1 X100.352 Y114.453 E.01876
;WIDTH:0.526412
G1 X100.146 Y113.976 E.01878
G1 X100.043 Y113.467 E.01878
;WIDTH:0.526123
G1 X100.048 Y112.948 E.01877
;WIDTH:0.52467
G1 X100.16 Y112.441 E.01872
;WIDTH:0.522054
G1 X100.375 Y111.968 E.01863
;WIDTH:0.520625
G1 X100.696 Y111.541 E.0191
;WIDTH:0.524671
G1 X101.076 Y111.209 E.0182
;WIDTH:0.526122
G1 X101.528 Y110.955 E.01878
;WIDTH:0.526412
G1 X102.024 Y110.799 E.01878
G1 X102.54 Y110.75 E.01878
;WIDTH:0.52554
G1 X103.056 Y110.808 E.01875
;WIDTH:0.523507
G1 X103.511 Y110.96 E.01724
G1 E-.84 F2400
;WIPE_START
G1 F3600
G1 X103.996 Y111.237 E-.20118
G1 X104.32 Y111.536 E-.15882
;WIPE_END
G17
G3 Z4.8 I-.736 J-.969 P1  F9000
G1 X100.777 Y114.227 Z4.8
G1 Z4.4
G1 E1.2 F1800
;WIDTH:0.525541
G1 F1200
G1 X100.776 Y114.226 E.00006
;WIDTH:0.526412
G1 X100.612 Y113.849 E.01486
G1 X100.526 Y113.448 E.01485
;WIDTH:0.526123
G1 X100.521 Y113.037 E.01486
;WIDTH:0.52467
G1 X100.599 Y112.633 E.01485
;WIDTH:0.522054
G1 X100.791 Y112.204 E.01683
;WIDTH:0.518732
G1 X101.088 Y111.822 E.01723
;WIDTH:0.516453
G1 X101.467 Y111.522 E.01714
;WIDTH:0.515378
G1 X101.907 Y111.321 E.0171
;WIDTH:0.516593
G1 X102.382 Y111.23 E.01715
;WIDTH:0.523507
G1 X102.915 Y111.268 E.01921
G1 X103.329 Y111.396 E.01559
;WIDTH:0.520307
G1 X103.744 Y111.646 E.01729
;WIDTH:0.517445
G1 X104.087 Y111.986 E.01718
;WIDTH:0.515746
G1 X104.34 Y112.399 E.01711
G1 X104.487 Y112.86 E.01712
;WIDTH:0.524669
G1 X104.509 Y113.429 E.02054
G1 X104.431 Y113.833 E.01485
;WIDTH:0.522052
G1 X104.24 Y114.262 E.01683
;WIDTH:0.51873
G1 X103.943 Y114.644 E.01723
;WIDTH:0.516451
G1 X103.563 Y114.944 E.01714
;WIDTH:0.515376
G1 X103.123 Y115.145 E.0171
;WIDTH:0.516592
G1 X102.648 Y115.235 E.01715
;WIDTH:0.523506
G1 X102.115 Y115.198 E.01921
G1 X101.701 Y115.07 E.01559
;WIDTH:0.520308
G1 X101.286 Y114.82 E.01729
;WIDTH:0.517446
G1 X100.943 Y114.48 E.01718
;WIDTH:0.525541
G1 X100.799 Y114.26 E.00948
; stop printing object OrangePi-Spacer.stl id:8761013144 copy 0
G1 E-.84 F2400
;WIPE_START
G1 F3600
G1 X100.776 Y114.226 E-.01496
G1 X100.612 Y113.849 E-.14784
G1 X100.526 Y113.448 E-.14779
G1 X100.524 Y113.311 E-.04941
;WIPE_END
;LAYER_CHANGE
;Z:4.6
;HEIGHT:0.2
;BEFORE_LAYER_CHANGE
;4.6
G92 E0

;_SET_FAN_SPEED_CHANGING_LAYER
; printing object OrangePi-Spacer.stl id:8761013144 copy 0
G1 Z5 F9000
G1 X118.734 Y111.108
G1 Z4.6
G1 E1.2 F1800
;WIDTH:0.520624
G1 F1200
G1 X119.162 Y111.429 E.0191
;WIDTH:0.524669
G1 X119.494 Y111.809 E.0182
;WIDTH:0.52612
G1 X119.748 Y112.261 E.01878
;WIDTH:0.526411
G1 X119.904 Y112.757 E.01878
G1 X119.953 Y113.273 E.01878
;WIDTH:0.52554
G1 X119.895 Y113.789 E.01875
;WIDTH:0.523506
G1 X119.73 Y114.282 E.01868
;WIDTH:0.520549
G1 X119.466 Y114.729 E.01857
;WIDTH:0.523506
G1 X119.113 Y115.111 E.01869
;WIDTH:0.52554
G1 X118.69 Y115.411 E.01876
;WIDTH:0.526411
G1 X118.213 Y115.617 E.01878
G1 X117.704 Y115.72 E.01878
;WIDTH:0.526121
G1 X117.185 Y115.715 E.01877
;WIDTH:0.524669
G1 X116.678 Y115.604 E.01872
;WIDTH:0.522052
G1 X116.205 Y115.388 E.01863
;WIDTH:0.520625
G1 X115.778 Y115.067 E.0191
;WIDTH:0.524671
G1 X115.446 Y114.687 E.0182
;WIDTH:0.526122
G1 X115.191 Y114.235 E.01878
;WIDTH:0.526412
G1 X115.036 Y113.739 E.01878
G1 X114.987 Y113.223 E.01878
;WIDTH:0.525542
G1 X115.045 Y112.707 E.01875
;WIDTH:0.523508
G1 X115.209 Y112.214 E.01868
;WIDTH:0.520549
G1 X115.474 Y111.767 E.01857
;WIDTH:0.523509
G1 X115.826 Y111.385 E.01869
;WIDTH:0.525542
G1 X116.25 Y111.085 E.01876
;WIDTH:0.526413
G1 X116.727 Y110.879 E.01878
G1 X117.235 Y110.776 E.01878
;WIDTH:0.526123
G1 X117.755 Y110.781 E.01877
;WIDTH:0.524668
G1 X118.262 Y110.892 E.01872
;WIDTH:0.522053
G1 X118.698 Y111.091 E.01719
G1 X117.101 Y111.276 F9000
;WIDTH:0.524668
G1 F1200
G1 X117.666 Y111.254 E.02039
G1 X118.07 Y111.332 E.01485
;WIDTH:0.522053
G1 X118.499 Y111.524 E.01683
;WIDTH:0.51873
G1 X118.881 Y111.821 E.01723
;WIDTH:0.51645
G1 X119.181 Y112.2 E.01714
;WIDTH:0.515376
G1 X119.382 Y112.64 E.0171
;WIDTH:0.516592
G1 X119.472 Y113.115 E.01715
;WIDTH:0.523506
G1 X119.435 Y113.648 E.01921
G1 X119.306 Y114.062 E.01559
;WIDTH:0.520307
G1 X119.057 Y114.477 E.01729
;WIDTH:0.517445
G1 X118.717 Y114.82 E.01718
;WIDTH:0.515745
G1 X118.304 Y115.073 E.01711
G1 X117.843 Y115.22 E.01712
;WIDTH:0.524669
G1 X117.274 Y115.242 E.02054
G1 X116.87 Y115.164 E.01485
;WIDTH:0.522052
G1 X116.441 Y114.972 E.01683
;WIDTH:0.518731
G1 X116.059 Y114.675 E.01723
;WIDTH:0.516451
G1 X115.759 Y114.296 E.01714
;WIDTH:0.515377
G1 X115.558 Y113.856 E.0171
;WIDTH:0.516592
G1 X115.467 Y113.381 E.01715
;WIDTH:0.523508
G1 X115.505 Y112.848 E.01921
G1 X115.633 Y112.434 E.01559
;WIDTH:0.520309
G1 X115.882 Y112.019 E.01729
;WIDTH:0.517447
G1 X116.223 Y111.676 E.01718
;WIDTH:0.515747
G1 X116.636 Y111.423 E.01711
G1 X117.062 Y111.287 E.01584
; stop printing object OrangePi-Spacer.stl id:8761013144 copy 0
; printing object OrangePi-Spacer.stl id:29074711 copy 0
G1 E-.84 F2400
;WIPE_START
G1 F3600
G1 X117.666 Y111.254 E-.21762
G1 X118.054 Y111.329 E-.14238
;WIPE_END
G17
G3 Z5 I1.096 J-.529 P1  F9000
G1 X114.759 Y104.506 Z5
G1 Z4.6
G1 E1.2 F1800
;WIDTH:0.520548
G1 F1200
G1 X115.207 Y104.771 E.01857
;WIDTH:0.523506
G1 X115.588 Y105.123 E.01869
;WIDTH:0.525541
G1 X115.888 Y105.547 E.01876
;WIDTH:0.526411
G1 X116.094 Y106.024 E.01878
G1 X116.197 Y106.533 E.01878
;WIDTH:0.526122
G1 X116.193 Y107.052 E.01877
;WIDTH:0.524669
G1 X116.081 Y107.559 E.01872
;WIDTH:0.522052
G1 X115.866 Y108.032 E.01863
;WIDTH:0.520624
G1 X115.545 Y108.459 E.0191
;WIDTH:0.524669
G1 X115.165 Y108.791 E.0182
;WIDTH:0.52612
G1 X114.712 Y109.045 E.01878
;WIDTH:0.52641
G1 X114.217 Y109.201 E.01878
G1 X113.7 Y109.25 E.01878
;WIDTH:0.525541
G1 X113.184 Y109.192 E.01875
;WIDTH:0.523505
G1 X112.692 Y109.028 E.01868
;WIDTH:0.520549
G1 X112.244 Y108.763 E.01857
;WIDTH:0.523508
G1 X111.862 Y108.411 E.01869
;WIDTH:0.525541
G1 X111.562 Y107.987 E.01876
;WIDTH:0.526412
G1 X111.356 Y107.51 E.01878
G1 X111.254 Y107.001 E.01878
;WIDTH:0.526123
G1 X111.258 Y106.482 E.01877
;WIDTH:0.52467
G1 X111.37 Y105.975 E.01872
;WIDTH:0.522054
G1 X111.585 Y105.502 E.01863
;WIDTH:0.520625
G1 X111.906 Y105.075 E.0191
;WIDTH:0.524671
G1 X112.286 Y104.743 E.0182
;WIDTH:0.526122
G1 X112.739 Y104.489 E.01878
;WIDTH:0.526412
G1 X113.234 Y104.333 E.01878
G1 X113.751 Y104.284 E.01878
;WIDTH:0.52554
G1 X114.266 Y104.342 E.01875
;WIDTH:0.523505
G1 X114.721 Y104.494 E.01724
G1 E-.84 F2400
;WIPE_START
G1 F3600
G1 X115.207 Y104.771 E-.20118
G1 X115.531 Y105.07 E-.15882
;WIPE_END
G17
G3 Z5 I-.736 J-.969 P1  F9000
G1 X111.987 Y107.76 Z5
G1 Z4.6
G1 E1.2 F1800
;WIDTH:0.526412
G1 F1200
G1 X111.822 Y107.383 E.01486
G1 X111.736 Y106.982 E.01485
;WIDTH:0.526123
G1 X111.731 Y106.571 E.01486
;WIDTH:0.52467
G1 X111.809 Y106.167 E.01485
;WIDTH:0.522054
G1 X112.001 Y105.738 E.01683
;WIDTH:0.518732
G1 X112.298 Y105.356 E.01723
;WIDTH:0.516451
G1 X112.677 Y105.056 E.01714
;WIDTH:0.515378
G1 X113.117 Y104.855 E.0171
;WIDTH:0.516592
G1 X113.592 Y104.765 E.01715
;WIDTH:0.523505
G1 X114.125 Y104.802 E.01921
G1 X114.539 Y104.93 E.01559
;WIDTH:0.520307
G1 X114.954 Y105.18 E.01729
;WIDTH:0.517445
G1 X115.297 Y105.52 E.01718
;WIDTH:0.515746
G1 X115.55 Y105.933 E.01711
G1 X115.697 Y106.394 E.01712
;WIDTH:0.524669
G1 X115.719 Y106.963 E.02054
G1 X115.642 Y107.367 E.01485
;WIDTH:0.522052
G1 X115.45 Y107.796 E.01683
;WIDTH:0.518731
G1 X115.153 Y108.178 E.01723
;WIDTH:0.51645
G1 X114.774 Y108.478 E.01714
;WIDTH:0.515376
G1 X114.334 Y108.679 E.0171
;WIDTH:0.516592
G1 X113.858 Y108.77 E.01715
;WIDTH:0.523505
G1 X113.325 Y108.732 E.01921
G1 X112.912 Y108.604 E.01559
;WIDTH:0.520308
G1 X112.497 Y108.354 E.01729
;WIDTH:0.517446
G1 X112.153 Y108.014 E.01718
;WIDTH:0.525541
G1 X112.009 Y107.793 E.00953
; stop printing object OrangePi-Spacer.stl id:29074711 copy 0
; printing object OrangePi-Spacer.stl id:0 copy 0
G1 E-.84 F2400
;WIPE_START
G1 F3600
G1 X111.822 Y107.383 E-.16205
G1 X111.736 Y106.982 E-.14779
G1 X111.734 Y106.843 E-.05015
;WIPE_END
G17
G3 Z5 I-1.199 J-.208 P1  F9000
G1 X111.019 Y110.972 Z5
G1 Z4.6
G1 E1.2 F1800
;WIDTH:0.520548
G1 F1200
G1 X111.466 Y111.237 E.01857
;WIDTH:0.523506
G1 X111.848 Y111.589 E.01869
;WIDTH:0.525541
G1 X112.148 Y112.013 E.01876
;WIDTH:0.526411
G1 X112.354 Y112.49 E.01878
G1 X112.457 Y112.999 E.01878
;WIDTH:0.526122
G1 X112.452 Y113.518 E.01877
;WIDTH:0.524669
G1 X112.34 Y114.025 E.01872
;WIDTH:0.522052
G1 X112.125 Y114.498 E.01863
;WIDTH:0.520624
G1 X111.804 Y114.925 E.0191
;WIDTH:0.524669
G1 X111.424 Y115.257 E.0182
;WIDTH:0.52612
G1 X110.972 Y115.511 E.01878
;WIDTH:0.52641
G1 X110.476 Y115.667 E.01878
G1 X109.96 Y115.716 E.01878
;WIDTH:0.525541
G1 X109.444 Y115.658 E.01875
;WIDTH:0.523505
G1 X108.951 Y115.494 E.01868
;WIDTH:0.520549
G1 X108.504 Y115.229 E.01857
;WIDTH:0.523508
G1 X108.122 Y114.877 E.01869
;WIDTH:0.525541
G1 X107.822 Y114.453 E.01876
;WIDTH:0.526412
G1 X107.616 Y113.976 E.01878
G1 X107.513 Y113.467 E.01878
;WIDTH:0.526123
G1 X107.518 Y112.948 E.01877
;WIDTH:0.52467
G1 X107.629 Y112.441 E.01872
;WIDTH:0.522054
G1 X107.845 Y111.968 E.01863
;WIDTH:0.520625
G1 X108.166 Y111.541 E.0191
;WIDTH:0.524671
G1 X108.545 Y111.209 E.0182
;WIDTH:0.526122
G1 X108.998 Y110.955 E.01878
;WIDTH:0.526412
G1 X109.493 Y110.799 E.01878
G1 X110.01 Y110.75 E.01878
;WIDTH:0.52554
G1 X110.526 Y110.808 E.01875
;WIDTH:0.523505
G1 X110.981 Y110.96 E.01724
G1 E-.84 F2400
;WIPE_START
G1 F3600
G1 X111.466 Y111.237 E-.20118
G1 X111.79 Y111.536 E-.15882
;WIPE_END
G17
G3 Z5 I-.736 J-.969 P1  F9000
G1 X108.246 Y114.226 Z5
G1 Z4.6
G1 E1.2 F1800
;WIDTH:0.526412
G1 F1200
G1 X108.082 Y113.849 E.01486
G1 X107.995 Y113.448 E.01485
;WIDTH:0.526123
G1 X107.991 Y113.037 E.01486
;WIDTH:0.52467
G1 X108.069 Y112.633 E.01485
;WIDTH:0.522054
G1 X108.26 Y112.204 E.01683
;WIDTH:0.518732
G1 X108.557 Y111.822 E.01723
;WIDTH:0.516451
G1 X108.937 Y111.522 E.01714
;WIDTH:0.515378
G1 X109.377 Y111.321 E.0171
;WIDTH:0.516592
G1 X109.852 Y111.23 E.01715
;WIDTH:0.523505
G1 X110.385 Y111.268 E.01921
G1 X110.799 Y111.396 E.01559
;WIDTH:0.520307
G1 X111.214 Y111.646 E.01729
;WIDTH:0.517445
G1 X111.557 Y111.986 E.01718
;WIDTH:0.515746
G1 X111.809 Y112.399 E.01711
G1 X111.956 Y112.86 E.01712
;WIDTH:0.524669
G1 X111.979 Y113.429 E.02054
G1 X111.901 Y113.833 E.01485
;WIDTH:0.522052
G1 X111.709 Y114.262 E.01683
;WIDTH:0.518731
G1 X111.412 Y114.644 E.01723
;WIDTH:0.51645
G1 X111.033 Y114.944 E.01714
;WIDTH:0.515376
G1 X110.593 Y115.145 E.0171
;WIDTH:0.516592
G1 X110.118 Y115.235 E.01715
;WIDTH:0.523505
G1 X109.585 Y115.198 E.01921
G1 X109.171 Y115.07 E.01559
;WIDTH:0.520308
G1 X108.756 Y114.82 E.01729
;WIDTH:0.517446
G1 X108.413 Y114.48 E.01718
;WIDTH:0.525541
G1 X108.268 Y114.259 E.00953
; stop printing object OrangePi-Spacer.stl id:0 copy 0
; printing object OrangePi-Spacer.stl id:8761013144 copy 0
G1 E-.84 F2400
;WIPE_START
G1 F3600
G1 X108.082 Y113.849 E-.16205
G1 X107.995 Y113.448 E-.14779
G1 X107.994 Y113.309 E-.05015
;WIPE_END
G17
G3 Z5 I.566 J-1.077 P1  F9000
G1 X103.549 Y110.972 Z5
G1 Z4.6
G1 E1.2 F1800
;WIDTH:0.520548
G1 F1200
G1 X103.996 Y111.237 E.01857
;WIDTH:0.523506
G1 X104.378 Y111.589 E.01869
;WIDTH:0.525541
G1 X104.678 Y112.013 E.01876
;WIDTH:0.526411
G1 X104.884 Y112.49 E.01878
G1 X104.987 Y112.999 E.01878
;WIDTH:0.526122
G1 X104.982 Y113.518 E.01877
;WIDTH:0.524669
G1 X104.871 Y114.025 E.01872
;WIDTH:0.522052
G1 X104.655 Y114.498 E.01863
;WIDTH:0.520624
G1 X104.334 Y114.925 E.0191
;WIDTH:0.524669
G1 X103.954 Y115.257 E.0182
;WIDTH:0.52612
G1 X103.502 Y115.511 E.01878
;WIDTH:0.52641
G1 X103.007 Y115.667 E.01878
G1 X102.49 Y115.716 E.01878
;WIDTH:0.525541
G1 X101.974 Y115.658 E.01875
;WIDTH:0.523505
G1 X101.481 Y115.494 E.01868
;WIDTH:0.520549
G1 X101.034 Y115.229 E.01857
;WIDTH:0.523508
G1 X100.652 Y114.877 E.01869
;WIDTH:0.525541
G1 X100.352 Y114.453 E.01876
;WIDTH:0.526412
G1 X100.146 Y113.976 E.01878
G1 X100.043 Y113.467 E.01878
;WIDTH:0.526123
G1 X100.048 Y112.948 E.01877
;WIDTH:0.52467
G1 X100.16 Y112.441 E.01872
;WIDTH:0.522054
G1 X100.375 Y111.968 E.01863
;WIDTH:0.520625
G1 X100.696 Y111.541 E.0191
;WIDTH:0.524671
G1 X101.076 Y111.209 E.0182
;WIDTH:0.526122
G1 X101.528 Y110.955 E.01878
;WIDTH:0.526412
G1 X102.024 Y110.799 E.01878
G1 X102.54 Y110.75 E.01878
;WIDTH:0.52554
G1 X103.056 Y110.808 E.01875
;WIDTH:0.523505
G1 X103.511 Y110.96 E.01724
G1 E-.84 F2400
;WIPE_START
G1 F3600
G1 X103.996 Y111.237 E-.20118
G1 X104.32 Y111.536 E-.15882
;WIPE_END
G17
G3 Z5 I-.736 J-.969 P1  F9000
G1 X100.776 Y114.226 Z5
G1 Z4.6
G1 E1.2 F1800
;WIDTH:0.526412
G1 F1200
G1 X100.612 Y113.849 E.01486
G1 X100.526 Y113.448 E.01485
;WIDTH:0.526123
G1 X100.521 Y113.037 E.01486
;WIDTH:0.52467
G1 X100.599 Y112.633 E.01485
;WIDTH:0.522054
G1 X100.791 Y112.204 E.01683
;WIDTH:0.518732
G1 X101.088 Y111.822 E.01723
;WIDTH:0.516451
G1 X101.467 Y111.522 E.01714
;WIDTH:0.515378
G1 X101.907 Y111.321 E.0171
;WIDTH:0.516592
G1 X102.382 Y111.23 E.01715
;WIDTH:0.523505
G1 X102.915 Y111.268 E.01921
G1 X103.329 Y111.396 E.01559
;WIDTH:0.520307
G1 X103.744 Y111.646 E.01729
;WIDTH:0.517445
G1 X104.087 Y111.986 E.01718
;WIDTH:0.515746
G1 X104.34 Y112.399 E.01711
G1 X104.487 Y112.86 E.01712
;WIDTH:0.524669
G1 X104.509 Y113.429 E.02054
G1 X104.431 Y113.833 E.01485
;WIDTH:0.522052
G1 X104.24 Y114.262 E.01683
;WIDTH:0.518731
G1 X103.943 Y114.644 E.01723
;WIDTH:0.51645
G1 X103.563 Y114.944 E.01714
;WIDTH:0.515376
G1 X103.123 Y115.145 E.0171
;WIDTH:0.516592
G1 X102.648 Y115.235 E.01715
;WIDTH:0.523505
G1 X102.115 Y115.198 E.01921
G1 X101.701 Y115.07 E.01559
;WIDTH:0.520308
G1 X101.286 Y114.82 E.01729
;WIDTH:0.517446
G1 X100.943 Y114.48 E.01718
;WIDTH:0.525541
G1 X100.798 Y114.259 E.00953
; stop printing object OrangePi-Spacer.stl id:8761013144 copy 0
G1 E-.84 F2400
;WIPE_START
G1 F3600
G1 X100.612 Y113.849 E-.16205
G1 X100.526 Y113.448 E-.14779
G1 X100.524 Y113.309 E-.05015
;WIPE_END
;LAYER_CHANGE
;Z:4.8
;HEIGHT:0.2
;BEFORE_LAYER_CHANGE
;4.8
G92 E0

;_SET_FAN_SPEED_CHANGING_LAYER
; printing object OrangePi-Spacer.stl id:8761013144 copy 0
G1 Z5.2 F9000
G1 X118.734 Y111.108
G1 Z4.8
G1 E1.2 F1800
;WIDTH:0.520624
G1 F1200
G1 X119.162 Y111.429 E.0191
;WIDTH:0.52467
G1 X119.494 Y111.809 E.0182
;WIDTH:0.52612
G1 X119.748 Y112.261 E.01878
;WIDTH:0.526411
G1 X119.904 Y112.757 E.01878
G1 X119.953 Y113.273 E.01878
;WIDTH:0.52554
G1 X119.895 Y113.789 E.01875
;WIDTH:0.523506
G1 X119.73 Y114.282 E.01868
;WIDTH:0.520549
G1 X119.466 Y114.729 E.01857
;WIDTH:0.523506
G1 X119.113 Y115.111 E.01869
;WIDTH:0.52554
G1 X118.69 Y115.411 E.01876
;WIDTH:0.526411
G1 X118.213 Y115.617 E.01878
G1 X117.704 Y115.72 E.01878
;WIDTH:0.526121
G1 X117.185 Y115.715 E.01877
;WIDTH:0.524669
G1 X116.678 Y115.604 E.01872
;WIDTH:0.522052
G1 X116.205 Y115.388 E.01863
;WIDTH:0.520625
G1 X115.778 Y115.067 E.0191
;WIDTH:0.52467
G1 X115.446 Y114.687 E.0182
;WIDTH:0.526121
G1 X115.191 Y114.235 E.01878
;WIDTH:0.526412
G1 X115.036 Y113.739 E.01878
G1 X114.987 Y113.223 E.01878
;WIDTH:0.525542
G1 X115.045 Y112.707 E.01875
;WIDTH:0.523507
G1 X115.209 Y112.214 E.01868
;WIDTH:0.520549
G1 X115.474 Y111.767 E.01857
;WIDTH:0.523508
G1 X115.826 Y111.385 E.01869
;WIDTH:0.525542
G1 X116.25 Y111.085 E.01876
;WIDTH:0.526412
G1 X116.727 Y110.879 E.01878
G1 X117.235 Y110.776 E.01878
;WIDTH:0.526122
G1 X117.755 Y110.781 E.01877
;WIDTH:0.524668
G1 X118.262 Y110.892 E.01872
;WIDTH:0.522053
G1 X118.698 Y111.091 E.01719
G1 X117.101 Y111.276 F9000
;WIDTH:0.524668
G1 F1200
G1 X117.666 Y111.254 E.02038
G1 X118.07 Y111.332 E.01485
;WIDTH:0.522053
G1 X118.499 Y111.524 E.01683
;WIDTH:0.51873
G1 X118.881 Y111.821 E.01723
;WIDTH:0.51645
G1 X119.181 Y112.2 E.01714
;WIDTH:0.515376
G1 X119.382 Y112.64 E.0171
;WIDTH:0.516592
G1 X119.472 Y113.115 E.01715
;WIDTH:0.523506
G1 X119.435 Y113.648 E.01921
G1 X119.306 Y114.062 E.01559
;WIDTH:0.520307
G1 X119.057 Y114.477 E.01729
;WIDTH:0.517445
G1 X118.717 Y114.82 E.01718
;WIDTH:0.515745
G1 X118.304 Y115.073 E.01711
G1 X117.843 Y115.22 E.01712
;WIDTH:0.524669
G1 X117.274 Y115.242 E.02054
G1 X116.87 Y115.164 E.01485
;WIDTH:0.522052
G1 X116.441 Y114.972 E.01683
;WIDTH:0.518731
G1 X116.059 Y114.675 E.01723
;WIDTH:0.516451
G1 X115.759 Y114.296 E.01714
;WIDTH:0.515377
G1 X115.558 Y113.856 E.0171
;WIDTH:0.516592
G1 X115.467 Y113.381 E.01715
;WIDTH:0.523507
G1 X115.505 Y112.848 E.01921
G1 X115.633 Y112.434 E.01559
;WIDTH:0.520309
G1 X115.882 Y112.019 E.01729
;WIDTH:0.517447
G1 X116.223 Y111.676 E.01718
;WIDTH:0.515747
G1 X116.636 Y111.423 E.01711
G1 X117.063 Y111.287 E.01586
; stop printing object OrangePi-Spacer.stl id:8761013144 copy 0
; printing object OrangePi-Spacer.stl id:29074711 copy 0
G1 E-.84 F2400
;WIPE_START
G1 F3600
G1 X117.666 Y111.254 E-.21748
G1 X118.055 Y111.329 E-.14252
;WIPE_END
G17
G3 Z5.2 I1.096 J-.529 P1  F9000
G1 X114.759 Y104.506 Z5.2
G1 Z4.8
G1 E1.2 F1800
;WIDTH:0.520548
G1 F1200
G1 X115.207 Y104.771 E.01857
;WIDTH:0.523506
G1 X115.588 Y105.123 E.01869
;WIDTH:0.525541
G1 X115.888 Y105.547 E.01876
;WIDTH:0.526411
G1 X116.094 Y106.024 E.01878
G1 X116.197 Y106.533 E.01878
;WIDTH:0.526122
G1 X116.193 Y107.052 E.01877
;WIDTH:0.524669
G1 X116.081 Y107.559 E.01872
;WIDTH:0.522052
G1 X115.866 Y108.032 E.01863
;WIDTH:0.520624
G1 X115.545 Y108.459 E.0191
;WIDTH:0.524669
G1 X115.165 Y108.791 E.0182
;WIDTH:0.52612
G1 X114.712 Y109.045 E.01878
;WIDTH:0.52641
G1 X114.217 Y109.201 E.01878
G1 X113.7 Y109.25 E.01878
;WIDTH:0.525541
G1 X113.184 Y109.192 E.01875
;WIDTH:0.523506
G1 X112.692 Y109.028 E.01868
;WIDTH:0.520549
G1 X112.244 Y108.763 E.01857
;WIDTH:0.523508
G1 X111.862 Y108.411 E.01869
;WIDTH:0.525541
G1 X111.562 Y107.987 E.01876
;WIDTH:0.526412
G1 X111.356 Y107.51 E.01878
G1 X111.254 Y107.001 E.01878
;WIDTH:0.526123
G1 X111.258 Y106.482 E.01877
;WIDTH:0.52467
G1 X111.37 Y105.975 E.01872
;WIDTH:0.522054
G1 X111.585 Y105.502 E.01863
;WIDTH:0.520625
G1 X111.906 Y105.075 E.0191
;WIDTH:0.524671
G1 X112.286 Y104.743 E.0182
;WIDTH:0.526122
G1 X112.739 Y104.489 E.01878
;WIDTH:0.526412
G1 X113.234 Y104.333 E.01878
G1 X113.751 Y104.284 E.01878
;WIDTH:0.52554
G1 X114.266 Y104.342 E.01875
;WIDTH:0.523507
G1 X114.721 Y104.494 E.01724
G1 E-.84 F2400
;WIPE_START
G1 F3600
G1 X115.207 Y104.771 E-.20118
G1 X115.531 Y105.07 E-.15882
;WIPE_END
G17
G3 Z5.2 I-.736 J-.969 P1  F9000
G1 X111.987 Y107.76 Z5.2
G1 Z4.8
G1 E1.2 F1800
;WIDTH:0.526412
G1 F1200
G1 X111.822 Y107.383 E.01486
G1 X111.736 Y106.982 E.01485
;WIDTH:0.526123
G1 X111.731 Y106.571 E.01486
;WIDTH:0.52467
G1 X111.809 Y106.167 E.01485
;WIDTH:0.522054
G1 X112.001 Y105.738 E.01683
;WIDTH:0.518732
G1 X112.298 Y105.356 E.01723
;WIDTH:0.516451
G1 X112.677 Y105.056 E.01714
;WIDTH:0.515378
G1 X113.117 Y104.855 E.0171
;WIDTH:0.516592
G1 X113.592 Y104.765 E.01715
;WIDTH:0.523507
G1 X114.125 Y104.802 E.01921
G1 X114.539 Y104.93 E.01559
;WIDTH:0.520307
G1 X114.954 Y105.18 E.01729
;WIDTH:0.517445
G1 X115.297 Y105.52 E.01718
;WIDTH:0.515746
G1 X115.55 Y105.933 E.01711
G1 X115.697 Y106.394 E.01712
;WIDTH:0.524669
G1 X115.719 Y106.963 E.02054
G1 X115.642 Y107.367 E.01485
;WIDTH:0.522052
G1 X115.45 Y107.796 E.01683
;WIDTH:0.51873
G1 X115.153 Y108.178 E.01723
;WIDTH:0.516451
G1 X114.774 Y108.478 E.01714
;WIDTH:0.515376
G1 X114.334 Y108.679 E.0171
;WIDTH:0.516592
G1 X113.858 Y108.77 E.01715
;WIDTH:0.523506
G1 X113.325 Y108.732 E.01921
G1 X112.912 Y108.604 E.01559
;WIDTH:0.520308
G1 X112.497 Y108.354 E.01729
;WIDTH:0.517446
G1 X112.153 Y108.014 E.01718
;WIDTH:0.525541
G1 X112.009 Y107.793 E.00953
; stop printing object OrangePi-Spacer.stl id:29074711 copy 0
; printing object OrangePi-Spacer.stl id:0 copy 0
G1 E-.84 F2400
;WIPE_START
G1 F3600
G1 X111.822 Y107.383 E-.16205
G1 X111.736 Y106.982 E-.14779
G1 X111.734 Y106.843 E-.05015
;WIPE_END
G17
G3 Z5.2 I-1.199 J-.208 P1  F9000
G1 X111.019 Y110.972 Z5.2
G1 Z4.8
G1 E1.2 F1800
;WIDTH:0.520548
G1 F1200
G1 X111.466 Y111.237 E.01857
;WIDTH:0.523506
G1 X111.848 Y111.589 E.01869
;WIDTH:0.525541
G1 X112.148 Y112.013 E.01876
;WIDTH:0.526411
G1 X112.354 Y112.49 E.01878
G1 X112.457 Y112.999 E.01878
;WIDTH:0.526122
G1 X112.452 Y113.518 E.01877
;WIDTH:0.524669
G1 X112.34 Y114.025 E.01872
;WIDTH:0.522052
G1 X112.125 Y114.498 E.01863
;WIDTH:0.520624
G1 X111.804 Y114.925 E.0191
;WIDTH:0.524669
G1 X111.424 Y115.257 E.0182
;WIDTH:0.52612
G1 X110.972 Y115.511 E.01878
;WIDTH:0.52641
G1 X110.476 Y115.667 E.01878
G1 X109.96 Y115.716 E.01878
;WIDTH:0.525541
G1 X109.444 Y115.658 E.01875
;WIDTH:0.523506
G1 X108.951 Y115.494 E.01868
;WIDTH:0.520549
G1 X108.504 Y115.229 E.01857
;WIDTH:0.523508
G1 X108.122 Y114.877 E.01869
;WIDTH:0.525541
G1 X107.822 Y114.453 E.01876
;WIDTH:0.526412
G1 X107.616 Y113.976 E.01878
G1 X107.513 Y113.467 E.01878
;WIDTH:0.526123
G1 X107.518 Y112.948 E.01877
;WIDTH:0.52467
G1 X107.629 Y112.441 E.01872
;WIDTH:0.522054
G1 X107.845 Y111.968 E.01863
;WIDTH:0.520625
G1 X108.166 Y111.541 E.0191
;WIDTH:0.524671
G1 X108.545 Y111.209 E.0182
;WIDTH:0.526122
G1 X108.998 Y110.955 E.01878
;WIDTH:0.526412
G1 X109.493 Y110.799 E.01878
G1 X110.01 Y110.75 E.01878
;WIDTH:0.52554
G1 X110.526 Y110.808 E.01875
;WIDTH:0.523507
G1 X110.981 Y110.96 E.01724
G1 E-.84 F2400
;WIPE_START
G1 F3600
G1 X111.466 Y111.237 E-.20118
G1 X111.79 Y111.536 E-.15882
;WIPE_END
G17
G3 Z5.2 I-.736 J-.969 P1  F9000
G1 X108.246 Y114.226 Z5.2
G1 Z4.8
G1 E1.2 F1800
;WIDTH:0.526412
G1 F1200
G1 X108.082 Y113.849 E.01486
G1 X107.995 Y113.448 E.01485
;WIDTH:0.526123
G1 X107.991 Y113.037 E.01486
;WIDTH:0.52467
G1 X108.069 Y112.633 E.01485
;WIDTH:0.522054
G1 X108.26 Y112.204 E.01683
;WIDTH:0.518732
G1 X108.557 Y111.822 E.01723
;WIDTH:0.516451
G1 X108.937 Y111.522 E.01714
;WIDTH:0.515378
G1 X109.377 Y111.321 E.0171
;WIDTH:0.516592
G1 X109.852 Y111.23 E.01715
;WIDTH:0.523507
G1 X110.385 Y111.268 E.01921
G1 X110.799 Y111.396 E.01559
;WIDTH:0.520307
G1 X111.214 Y111.646 E.01729
;WIDTH:0.517445
G1 X111.557 Y111.986 E.01718
;WIDTH:0.515746
G1 X111.809 Y112.399 E.01711
G1 X111.956 Y112.86 E.01712
;WIDTH:0.524669
G1 X111.979 Y113.429 E.02054
G1 X111.901 Y113.833 E.01485
;WIDTH:0.522052
G1 X111.709 Y114.262 E.01683
;WIDTH:0.51873
G1 X111.412 Y114.644 E.01723
;WIDTH:0.516451
G1 X111.033 Y114.944 E.01714
;WIDTH:0.515376
G1 X110.593 Y115.145 E.0171
;WIDTH:0.516592
G1 X110.118 Y115.235 E.01715
;WIDTH:0.523506
G1 X109.585 Y115.198 E.01921
G1 X109.171 Y115.07 E.01559
;WIDTH:0.520308
G1 X108.756 Y114.82 E.01729
;WIDTH:0.517446
G1 X108.413 Y114.48 E.01718
;WIDTH:0.525541
G1 X108.268 Y114.259 E.00953
; stop printing object OrangePi-Spacer.stl id:0 copy 0
; printing object OrangePi-Spacer.stl id:8761013144 copy 0
G1 E-.84 F2400
;WIPE_START
G1 F3600
G1 X108.082 Y113.849 E-.16205
G1 X107.995 Y113.448 E-.14779
G1 X107.994 Y113.309 E-.05015
;WIPE_END
G17
G3 Z5.2 I.566 J-1.077 P1  F9000
G1 X103.549 Y110.972 Z5.2
G1 Z4.8
G1 E1.2 F1800
;WIDTH:0.520548
G1 F1200
G1 X103.996 Y111.237 E.01857
;WIDTH:0.523506
G1 X104.378 Y111.589 E.01869
;WIDTH:0.525541
G1 X104.678 Y112.013 E.01876
;WIDTH:0.526411
G1 X104.884 Y112.49 E.01878
G1 X104.987 Y112.999 E.01878
;WIDTH:0.526122
G1 X104.982 Y113.518 E.01877
;WIDTH:0.524669
G1 X104.871 Y114.025 E.01872
;WIDTH:0.522052
G1 X104.655 Y114.498 E.01863
;WIDTH:0.520624
G1 X104.334 Y114.925 E.0191
;WIDTH:0.524669
G1 X103.955 Y115.257 E.0182
;WIDTH:0.52612
G1 X103.502 Y115.511 E.01878
;WIDTH:0.52641
G1 X103.007 Y115.667 E.01878
G1 X102.49 Y115.716 E.01878
;WIDTH:0.525541
G1 X101.974 Y115.658 E.01875
;WIDTH:0.523506
G1 X101.481 Y115.494 E.01868
;WIDTH:0.520549
G1 X101.034 Y115.229 E.01857
;WIDTH:0.523508
G1 X100.652 Y114.877 E.01869
;WIDTH:0.525541
G1 X100.352 Y114.453 E.01876
;WIDTH:0.526412
G1 X100.146 Y113.976 E.01878
G1 X100.043 Y113.467 E.01878
;WIDTH:0.526123
G1 X100.048 Y112.948 E.01877
;WIDTH:0.52467
G1 X100.16 Y112.441 E.01872
;WIDTH:0.522054
G1 X100.375 Y111.968 E.01863
;WIDTH:0.520625
G1 X100.696 Y111.541 E.0191
;WIDTH:0.524671
G1 X101.076 Y111.209 E.0182
;WIDTH:0.526122
G1 X101.528 Y110.955 E.01878
;WIDTH:0.526412
G1 X102.024 Y110.799 E.01878
G1 X102.54 Y110.75 E.01878
;WIDTH:0.52554
G1 X103.056 Y110.808 E.01875
;WIDTH:0.523507
G1 X103.511 Y110.96 E.01724
G1 E-.84 F2400
;WIPE_START
G1 F3600
G1 X103.996 Y111.237 E-.20118
G1 X104.32 Y111.536 E-.15882
;WIPE_END
G17
G3 Z5.2 I-.736 J-.969 P1  F9000
G1 X100.776 Y114.226 Z5.2
G1 Z4.8
G1 E1.2 F1800
;WIDTH:0.526412
G1 F1200
G1 X100.612 Y113.849 E.01486
G1 X100.526 Y113.448 E.01485
;WIDTH:0.526123
G1 X100.521 Y113.037 E.01486
;WIDTH:0.52467
G1 X100.599 Y112.633 E.01485
;WIDTH:0.522054
G1 X100.791 Y112.204 E.01683
;WIDTH:0.518732
G1 X101.088 Y111.822 E.01723
;WIDTH:0.516451
G1 X101.467 Y111.522 E.01714
;WIDTH:0.515378
G1 X101.907 Y111.321 E.0171
;WIDTH:0.516592
G1 X102.382 Y111.23 E.01715
;WIDTH:0.523507
G1 X102.915 Y111.268 E.01921
G1 X103.329 Y111.396 E.01559
;WIDTH:0.520307
G1 X103.744 Y111.646 E.01729
;WIDTH:0.517445
G1 X104.087 Y111.986 E.01718
;WIDTH:0.515746
G1 X104.34 Y112.399 E.01711
G1 X104.487 Y112.86 E.01712
;WIDTH:0.524669
G1 X104.509 Y113.429 E.02054
G1 X104.431 Y113.833 E.01485
;WIDTH:0.522052
G1 X104.24 Y114.262 E.01683
;WIDTH:0.51873
G1 X103.943 Y114.644 E.01723
;WIDTH:0.516451
G1 X103.563 Y114.944 E.01714
;WIDTH:0.515376
G1 X103.123 Y115.145 E.0171
;WIDTH:0.516592
G1 X102.648 Y115.235 E.01715
;WIDTH:0.523506
G1 X102.115 Y115.198 E.01921
G1 X101.701 Y115.07 E.01559
;WIDTH:0.520308
G1 X101.286 Y114.82 E.01729
;WIDTH:0.517446
G1 X100.943 Y114.48 E.01718
;WIDTH:0.525541
G1 X100.798 Y114.259 E.00953
; stop printing object OrangePi-Spacer.stl id:8761013144 copy 0
G1 E-.84 F2400
;WIPE_START
G1 F3600
G1 X100.612 Y113.849 E-.16205
G1 X100.526 Y113.448 E-.14779
G1 X100.524 Y113.309 E-.05015
;WIPE_END
;LAYER_CHANGE
;Z:5
;HEIGHT:0.2
;BEFORE_LAYER_CHANGE
;5
G92 E0

;_SET_FAN_SPEED_CHANGING_LAYER
; printing object OrangePi-Spacer.stl id:8761013144 copy 0
G1 Z5.4 F9000
G1 X118.734 Y111.108
G1 Z5
G1 E1.2 F1800
;WIDTH:0.520624
G1 F1200
G1 X119.162 Y111.429 E.0191
;WIDTH:0.52467
G1 X119.494 Y111.809 E.0182
;WIDTH:0.52612
G1 X119.748 Y112.261 E.01878
;WIDTH:0.526411
G1 X119.904 Y112.757 E.01878
G1 X119.953 Y113.273 E.01878
;WIDTH:0.52554
G1 X119.895 Y113.789 E.01875
;WIDTH:0.523506
G1 X119.73 Y114.282 E.01868
;WIDTH:0.520549
G1 X119.466 Y114.729 E.01857
;WIDTH:0.523506
G1 X119.113 Y115.111 E.01869
;WIDTH:0.52554
G1 X118.69 Y115.411 E.01876
;WIDTH:0.526411
G1 X118.213 Y115.617 E.01878
G1 X117.704 Y115.72 E.01878
;WIDTH:0.526121
G1 X117.185 Y115.715 E.01877
;WIDTH:0.524669
G1 X116.678 Y115.604 E.01872
;WIDTH:0.522052
G1 X116.205 Y115.388 E.01863
;WIDTH:0.520625
G1 X115.778 Y115.067 E.0191
;WIDTH:0.52467
G1 X115.446 Y114.687 E.0182
;WIDTH:0.526121
G1 X115.191 Y114.235 E.01878
;WIDTH:0.526412
G1 X115.036 Y113.739 E.01878
G1 X114.987 Y113.223 E.01878
;WIDTH:0.525542
G1 X115.045 Y112.707 E.01875
;WIDTH:0.523508
G1 X115.209 Y112.214 E.01868
;WIDTH:0.520549
G1 X115.474 Y111.767 E.01857
;WIDTH:0.523508
G1 X115.826 Y111.385 E.01869
;WIDTH:0.525541
G1 X116.25 Y111.085 E.01876
;WIDTH:0.526413
G1 X116.727 Y110.879 E.01878
G1 X117.235 Y110.776 E.01878
;WIDTH:0.526123
G1 X117.755 Y110.781 E.01877
;WIDTH:0.524668
G1 X118.262 Y110.892 E.01872
;WIDTH:0.522053
G1 X118.698 Y111.091 E.01719
G1 X117.101 Y111.276 F9000
;WIDTH:0.524668
G1 F1200
G1 X117.666 Y111.254 E.02037
G1 X118.07 Y111.332 E.01485
;WIDTH:0.522053
G1 X118.499 Y111.524 E.01683
;WIDTH:0.51873
G1 X118.881 Y111.821 E.01723
;WIDTH:0.51645
G1 X119.181 Y112.2 E.01714
;WIDTH:0.515376
G1 X119.382 Y112.64 E.0171
;WIDTH:0.516592
G1 X119.472 Y113.115 E.01715
;WIDTH:0.523506
G1 X119.435 Y113.648 E.01921
G1 X119.306 Y114.062 E.01559
;WIDTH:0.520307
G1 X119.057 Y114.477 E.01729
;WIDTH:0.517447
G1 X118.717 Y114.82 E.01718
;WIDTH:0.515745
G1 X118.304 Y115.073 E.01711
G1 X117.843 Y115.22 E.01712
;WIDTH:0.524669
G1 X117.274 Y115.242 E.02054
G1 X116.87 Y115.164 E.01485
;WIDTH:0.522052
G1 X116.441 Y114.972 E.01683
;WIDTH:0.518731
G1 X116.059 Y114.675 E.01723
;WIDTH:0.516451
G1 X115.759 Y114.296 E.01714
;WIDTH:0.515377
G1 X115.558 Y113.856 E.0171
;WIDTH:0.516593
G1 X115.467 Y113.381 E.01715
;WIDTH:0.523508
G1 X115.505 Y112.848 E.01921
G1 X115.633 Y112.434 E.01559
;WIDTH:0.520309
G1 X115.882 Y112.019 E.01729
;WIDTH:0.517446
G1 X116.223 Y111.676 E.01718
;WIDTH:0.515747
G1 X116.636 Y111.423 E.01711
G1 X117.063 Y111.287 E.01587
; stop printing object OrangePi-Spacer.stl id:8761013144 copy 0
; printing object OrangePi-Spacer.stl id:29074711 copy 0
G1 E-.84 F2400
;WIPE_START
G1 F3600
G1 X117.666 Y111.254 E-.21734
G1 X118.055 Y111.329 E-.14266
;WIPE_END
G17
G3 Z5.4 I1.096 J-.529 P1  F9000
G1 X114.759 Y104.506 Z5.4
G1 Z5
G1 E1.2 F1800
;WIDTH:0.520548
G1 F1200
G1 X115.207 Y104.771 E.01857
;WIDTH:0.523506
G1 X115.588 Y105.123 E.01869
;WIDTH:0.525541
G1 X115.888 Y105.547 E.01876
;WIDTH:0.526411
G1 X116.094 Y106.024 E.01878
G1 X116.197 Y106.533 E.01878
;WIDTH:0.526122
G1 X116.193 Y107.052 E.01877
;WIDTH:0.524669
G1 X116.081 Y107.559 E.01872
;WIDTH:0.522053
G1 X115.866 Y108.032 E.01863
;WIDTH:0.520624
G1 X115.545 Y108.459 E.0191
;WIDTH:0.524669
G1 X115.165 Y108.791 E.0182
;WIDTH:0.52612
G1 X114.712 Y109.045 E.01878
;WIDTH:0.52641
G1 X114.217 Y109.201 E.01878
G1 X113.7 Y109.25 E.01878
;WIDTH:0.525541
G1 X113.184 Y109.192 E.01875
;WIDTH:0.523506
G1 X112.692 Y109.028 E.01868
;WIDTH:0.520549
G1 X112.244 Y108.763 E.01857
;WIDTH:0.523507
G1 X111.862 Y108.411 E.01869
;WIDTH:0.525541
G1 X111.562 Y107.987 E.01876
;WIDTH:0.526412
G1 X111.356 Y107.51 E.01878
G1 X111.254 Y107.001 E.01878
;WIDTH:0.526123
G1 X111.258 Y106.482 E.01877
;WIDTH:0.52467
G1 X111.37 Y105.975 E.01872
;WIDTH:0.522054
G1 X111.585 Y105.502 E.01863
;WIDTH:0.520625
G1 X111.906 Y105.075 E.0191
;WIDTH:0.524671
G1 X112.286 Y104.743 E.0182
;WIDTH:0.526122
G1 X112.739 Y104.489 E.01878
;WIDTH:0.526412
G1 X113.234 Y104.333 E.01878
G1 X113.751 Y104.284 E.01878
;WIDTH:0.52554
G1 X114.266 Y104.342 E.01875
;WIDTH:0.523507
G1 X114.721 Y104.494 E.01724
G1 E-.84 F2400
;WIPE_START
G1 F3600
G1 X115.207 Y104.771 E-.20118
G1 X115.531 Y105.07 E-.15882
;WIPE_END
G17
G3 Z5.4 I-.736 J-.969 P1  F9000
G1 X111.987 Y107.76 Z5.4
G1 Z5
G1 E1.2 F1800
;WIDTH:0.526412
G1 F1200
G1 X111.822 Y107.383 E.01486
G1 X111.736 Y106.982 E.01485
;WIDTH:0.526123
G1 X111.731 Y106.571 E.01486
;WIDTH:0.52467
G1 X111.809 Y106.167 E.01485
;WIDTH:0.522054
G1 X112.001 Y105.738 E.01683
;WIDTH:0.518732
G1 X112.298 Y105.356 E.01723
;WIDTH:0.516451
G1 X112.677 Y105.056 E.01714
;WIDTH:0.515378
G1 X113.117 Y104.855 E.0171
;WIDTH:0.516593
G1 X113.592 Y104.765 E.01715
;WIDTH:0.523507
G1 X114.125 Y104.802 E.01921
G1 X114.539 Y104.93 E.01559
;WIDTH:0.520307
G1 X114.954 Y105.18 E.01729
;WIDTH:0.517445
G1 X115.297 Y105.52 E.01718
;WIDTH:0.515745
G1 X115.55 Y105.933 E.01711
G1 X115.697 Y106.394 E.01712
;WIDTH:0.524669
G1 X115.719 Y106.963 E.02054
G1 X115.642 Y107.367 E.01485
;WIDTH:0.522053
G1 X115.45 Y107.796 E.01683
;WIDTH:0.518731
G1 X115.153 Y108.178 E.01723
;WIDTH:0.516451
G1 X114.774 Y108.478 E.01714
;WIDTH:0.515376
G1 X114.334 Y108.679 E.0171
;WIDTH:0.516592
G1 X113.858 Y108.77 E.01715
;WIDTH:0.523506
G1 X113.325 Y108.732 E.01921
G1 X112.912 Y108.604 E.01559
;WIDTH:0.520308
G1 X112.497 Y108.354 E.01729
;WIDTH:0.517445
G1 X112.153 Y108.014 E.01718
;WIDTH:0.525541
G1 X112.009 Y107.793 E.00953
; stop printing object OrangePi-Spacer.stl id:29074711 copy 0
; printing object OrangePi-Spacer.stl id:0 copy 0
G1 E-.84 F2400
;WIPE_START
G1 F3600
G1 X111.822 Y107.383 E-.16205
G1 X111.736 Y106.982 E-.14779
G1 X111.734 Y106.843 E-.05015
;WIPE_END
G17
G3 Z5.4 I-1.199 J-.208 P1  F9000
G1 X111.019 Y110.972 Z5.4
G1 Z5
G1 E1.2 F1800
;WIDTH:0.520548
G1 F1200
G1 X111.466 Y111.237 E.01857
;WIDTH:0.523506
G1 X111.848 Y111.589 E.01869
;WIDTH:0.525541
G1 X112.148 Y112.013 E.01876
;WIDTH:0.526411
G1 X112.354 Y112.49 E.01878
G1 X112.457 Y112.999 E.01878
;WIDTH:0.526122
G1 X112.452 Y113.518 E.01877
;WIDTH:0.524669
G1 X112.34 Y114.025 E.01872
;WIDTH:0.522053
G1 X112.125 Y114.498 E.01863
;WIDTH:0.520624
G1 X111.804 Y114.925 E.0191
;WIDTH:0.524669
G1 X111.424 Y115.257 E.0182
;WIDTH:0.52612
G1 X110.972 Y115.511 E.01878
;WIDTH:0.52641
G1 X110.476 Y115.667 E.01878
G1 X109.96 Y115.716 E.01878
;WIDTH:0.525541
G1 X109.444 Y115.658 E.01875
;WIDTH:0.523506
G1 X108.951 Y115.494 E.01868
;WIDTH:0.520549
G1 X108.504 Y115.229 E.01857
;WIDTH:0.523507
G1 X108.122 Y114.877 E.01869
;WIDTH:0.525541
G1 X107.822 Y114.453 E.01876
;WIDTH:0.526412
G1 X107.616 Y113.976 E.01878
G1 X107.513 Y113.467 E.01878
;WIDTH:0.526123
G1 X107.518 Y112.948 E.01877
;WIDTH:0.52467
G1 X107.629 Y112.441 E.01872
;WIDTH:0.522054
G1 X107.845 Y111.968 E.01863
;WIDTH:0.520625
G1 X108.166 Y111.541 E.0191
;WIDTH:0.524671
G1 X108.545 Y111.209 E.0182
;WIDTH:0.526122
G1 X108.998 Y110.955 E.01878
;WIDTH:0.526412
G1 X109.493 Y110.799 E.01878
G1 X110.01 Y110.75 E.01878
;WIDTH:0.52554
G1 X110.526 Y110.808 E.01875
;WIDTH:0.523507
G1 X110.981 Y110.96 E.01724
G1 E-.84 F2400
;WIPE_START
G1 F3600
G1 X111.466 Y111.237 E-.20118
G1 X111.79 Y111.536 E-.15882
;WIPE_END
G17
G3 Z5.4 I-.736 J-.969 P1  F9000
G1 X108.246 Y114.226 Z5.4
G1 Z5
G1 E1.2 F1800
;WIDTH:0.526412
G1 F1200
G1 X108.082 Y113.849 E.01486
G1 X107.995 Y113.448 E.01485
;WIDTH:0.526123
G1 X107.991 Y113.037 E.01486
;WIDTH:0.52467
G1 X108.069 Y112.633 E.01485
;WIDTH:0.522054
G1 X108.26 Y112.204 E.01683
;WIDTH:0.518732
G1 X108.557 Y111.822 E.01723
;WIDTH:0.516451
G1 X108.937 Y111.522 E.01714
;WIDTH:0.515378
G1 X109.377 Y111.321 E.0171
;WIDTH:0.516593
G1 X109.852 Y111.23 E.01715
;WIDTH:0.523507
G1 X110.385 Y111.268 E.01921
G1 X110.799 Y111.396 E.01559
;WIDTH:0.520307
G1 X111.214 Y111.646 E.01729
;WIDTH:0.517445
G1 X111.557 Y111.986 E.01718
;WIDTH:0.515745
G1 X111.809 Y112.399 E.01711
G1 X111.956 Y112.86 E.01712
;WIDTH:0.524669
G1 X111.979 Y113.429 E.02054
G1 X111.901 Y113.833 E.01485
;WIDTH:0.522053
G1 X111.709 Y114.262 E.01683
;WIDTH:0.518731
G1 X111.412 Y114.644 E.01723
;WIDTH:0.516451
G1 X111.033 Y114.944 E.01714
;WIDTH:0.515376
G1 X110.593 Y115.145 E.0171
;WIDTH:0.516592
G1 X110.118 Y115.235 E.01715
;WIDTH:0.523506
G1 X109.585 Y115.198 E.01921
G1 X109.171 Y115.07 E.01559
;WIDTH:0.520308
G1 X108.756 Y114.82 E.01729
;WIDTH:0.517445
G1 X108.413 Y114.48 E.01718
;WIDTH:0.525541
G1 X108.268 Y114.259 E.00953
; stop printing object OrangePi-Spacer.stl id:0 copy 0
; printing object OrangePi-Spacer.stl id:8761013144 copy 0
G1 E-.84 F2400
;WIPE_START
G1 F3600
G1 X108.082 Y113.849 E-.16205
G1 X107.995 Y113.448 E-.14779
G1 X107.994 Y113.309 E-.05015
;WIPE_END
G17
G3 Z5.4 I.566 J-1.077 P1  F9000
G1 X103.549 Y110.972 Z5.4
G1 Z5
G1 E1.2 F1800
;WIDTH:0.520548
G1 F1200
G1 X103.996 Y111.237 E.01857
;WIDTH:0.523506
G1 X104.378 Y111.589 E.01869
;WIDTH:0.525541
G1 X104.678 Y112.013 E.01876
;WIDTH:0.526411
G1 X104.884 Y112.49 E.01878
G1 X104.987 Y112.999 E.01878
;WIDTH:0.526122
G1 X104.982 Y113.518 E.01877
;WIDTH:0.524669
G1 X104.871 Y114.025 E.01872
;WIDTH:0.522053
G1 X104.655 Y114.498 E.01863
;WIDTH:0.520624
G1 X104.334 Y114.925 E.0191
;WIDTH:0.524669
G1 X103.955 Y115.257 E.0182
;WIDTH:0.52612
G1 X103.502 Y115.511 E.01878
;WIDTH:0.52641
G1 X103.007 Y115.667 E.01878
G1 X102.49 Y115.716 E.01878
;WIDTH:0.525541
G1 X101.974 Y115.658 E.01875
;WIDTH:0.523506
G1 X101.481 Y115.494 E.01868
;WIDTH:0.520549
G1 X101.034 Y115.229 E.01857
;WIDTH:0.523507
G1 X100.652 Y114.877 E.01869
;WIDTH:0.525541
G1 X100.352 Y114.453 E.01876
;WIDTH:0.526412
G1 X100.146 Y113.976 E.01878
G1 X100.043 Y113.467 E.01878
;WIDTH:0.526123
G1 X100.048 Y112.948 E.01877
;WIDTH:0.52467
G1 X100.16 Y112.441 E.01872
;WIDTH:0.522054
G1 X100.375 Y111.968 E.01863
;WIDTH:0.520625
G1 X100.696 Y111.541 E.0191
;WIDTH:0.524671
G1 X101.076 Y111.209 E.0182
;WIDTH:0.526122
G1 X101.528 Y110.955 E.01878
;WIDTH:0.526412
G1 X102.024 Y110.799 E.01878
G1 X102.54 Y110.75 E.01878
;WIDTH:0.52554
G1 X103.056 Y110.808 E.01875
;WIDTH:0.523507
G1 X103.511 Y110.96 E.01724
G1 E-.84 F2400
;WIPE_START
G1 F3600
G1 X103.996 Y111.237 E-.20118
G1 X104.32 Y111.536 E-.15882
;WIPE_END
G17
G3 Z5.4 I-.736 J-.969 P1  F9000
G1 X100.776 Y114.226 Z5.4
G1 Z5
G1 E1.2 F1800
;WIDTH:0.526412
G1 F1200
G1 X100.612 Y113.849 E.01486
G1 X100.526 Y113.448 E.01485
;WIDTH:0.526123
G1 X100.521 Y113.037 E.01486
;WIDTH:0.52467
G1 X100.599 Y112.633 E.01485
;WIDTH:0.522054
G1 X100.791 Y112.204 E.01683
;WIDTH:0.518732
G1 X101.088 Y111.822 E.01723
;WIDTH:0.516451
G1 X101.467 Y111.522 E.01714
;WIDTH:0.515378
G1 X101.907 Y111.321 E.0171
;WIDTH:0.516593
G1 X102.382 Y111.23 E.01715
;WIDTH:0.523507
G1 X102.915 Y111.268 E.01921
G1 X103.329 Y111.396 E.01559
;WIDTH:0.520307
G1 X103.744 Y111.646 E.01729
;WIDTH:0.517445
G1 X104.087 Y111.986 E.01718
;WIDTH:0.515745
G1 X104.34 Y112.399 E.01711
G1 X104.487 Y112.86 E.01712
;WIDTH:0.524669
G1 X104.509 Y113.429 E.02054
G1 X104.431 Y113.833 E.01485
;WIDTH:0.522053
G1 X104.24 Y114.262 E.01683
;WIDTH:0.518731
G1 X103.943 Y114.644 E.01723
;WIDTH:0.516451
G1 X103.563 Y114.944 E.01714
;WIDTH:0.515376
G1 X103.123 Y115.145 E.0171
;WIDTH:0.516592
G1 X102.648 Y115.235 E.01715
;WIDTH:0.523506
G1 X102.115 Y115.198 E.01921
G1 X101.701 Y115.07 E.01559
;WIDTH:0.520308
G1 X101.286 Y114.82 E.01729
;WIDTH:0.517445
G1 X100.943 Y114.48 E.01718
;WIDTH:0.525541
G1 X100.798 Y114.259 E.00953
; stop printing object OrangePi-Spacer.stl id:8761013144 copy 0
G1 E-.84 F2400
;WIPE_START
G1 F3600
G1 X100.612 Y113.849 E-.16205
G1 X100.526 Y113.448 E-.14779
G1 X100.524 Y113.309 E-.05015
;WIPE_END
;LAYER_CHANGE
;Z:5.2
;HEIGHT:0.2
;BEFORE_LAYER_CHANGE
;5.2
G92 E0

;_SET_FAN_SPEED_CHANGING_LAYER
; printing object OrangePi-Spacer.stl id:8761013144 copy 0
G1 Z5.6 F9000
G1 X118.734 Y111.108
G1 Z5.2
G1 E1.2 F1800
;WIDTH:0.520623
G1 F1200
G1 X119.162 Y111.429 E.0191
;WIDTH:0.52467
G1 X119.494 Y111.809 E.0182
;WIDTH:0.52612
G1 X119.748 Y112.261 E.01878
;WIDTH:0.526411
G1 X119.904 Y112.757 E.01878
G1 X119.953 Y113.273 E.01878
;WIDTH:0.52554
G1 X119.895 Y113.789 E.01875
;WIDTH:0.523506
G1 X119.73 Y114.282 E.01868
;WIDTH:0.520549
G1 X119.466 Y114.729 E.01857
;WIDTH:0.523506
G1 X119.113 Y115.111 E.01869
;WIDTH:0.52554
G1 X118.69 Y115.411 E.01876
;WIDTH:0.526411
G1 X118.213 Y115.617 E.01878
G1 X117.704 Y115.72 E.01878
;WIDTH:0.526121
G1 X117.185 Y115.715 E.01877
;WIDTH:0.524669
G1 X116.678 Y115.604 E.01872
;WIDTH:0.522052
G1 X116.205 Y115.388 E.01863
;WIDTH:0.520626
G1 X115.778 Y115.067 E.0191
;WIDTH:0.524671
G1 X115.446 Y114.687 E.0182
;WIDTH:0.526122
G1 X115.191 Y114.235 E.01878
;WIDTH:0.526412
G1 X115.036 Y113.739 E.01878
G1 X114.987 Y113.223 E.01878
;WIDTH:0.525542
G1 X115.045 Y112.707 E.01875
;WIDTH:0.523508
G1 X115.209 Y112.214 E.01868
;WIDTH:0.520549
G1 X115.474 Y111.767 E.01857
;WIDTH:0.523508
G1 X115.826 Y111.385 E.01869
;WIDTH:0.525542
G1 X116.25 Y111.085 E.01876
;WIDTH:0.526413
G1 X116.727 Y110.879 E.01878
G1 X117.235 Y110.776 E.01878
;WIDTH:0.526123
G1 X117.755 Y110.781 E.01877
;WIDTH:0.524667
G1 X118.262 Y110.892 E.01872
;WIDTH:0.522053
G1 X118.698 Y111.091 E.01719
G1 X117.102 Y111.276 F9000
;WIDTH:0.524667
G1 F1200
G1 X117.666 Y111.254 E.02035
G1 X118.07 Y111.332 E.01485
;WIDTH:0.522053
G1 X118.499 Y111.524 E.01683
;WIDTH:0.51873
G1 X118.881 Y111.821 E.01723
;WIDTH:0.51645
G1 X119.181 Y112.2 E.01714
;WIDTH:0.515376
G1 X119.382 Y112.64 E.0171
;WIDTH:0.516592
G1 X119.472 Y113.115 E.01715
;WIDTH:0.523506
G1 X119.435 Y113.648 E.01921
G1 X119.306 Y114.062 E.01559
;WIDTH:0.520307
G1 X119.057 Y114.477 E.01729
;WIDTH:0.517445
G1 X118.717 Y114.82 E.01718
;WIDTH:0.515745
G1 X118.304 Y115.073 E.01711
G1 X117.843 Y115.22 E.01712
;WIDTH:0.524669
G1 X117.274 Y115.242 E.02054
G1 X116.87 Y115.164 E.01485
;WIDTH:0.522052
G1 X116.441 Y114.972 E.01683
;WIDTH:0.518731
G1 X116.059 Y114.675 E.01723
;WIDTH:0.516451
G1 X115.759 Y114.296 E.01714
;WIDTH:0.515377
G1 X115.558 Y113.856 E.0171
;WIDTH:0.516592
G1 X115.467 Y113.381 E.01715
;WIDTH:0.523508
G1 X115.505 Y112.848 E.01921
G1 X115.633 Y112.434 E.01559
;WIDTH:0.520309
G1 X115.882 Y112.019 E.01729
;WIDTH:0.517446
G1 X116.223 Y111.676 E.01718
;WIDTH:0.515747
G1 X116.636 Y111.423 E.01711
G1 X117.063 Y111.287 E.01589
; stop printing object OrangePi-Spacer.stl id:8761013144 copy 0
; printing object OrangePi-Spacer.stl id:29074711 copy 0
G1 E-.84 F2400
;WIPE_START
G1 F3600
G1 X117.666 Y111.254 E-.2172
G1 X118.055 Y111.329 E-.1428
;WIPE_END
G17
G3 Z5.6 I1.096 J-.529 P1  F9000
G1 X114.759 Y104.506 Z5.6
G1 Z5.2
G1 E1.2 F1800
;WIDTH:0.520548
G1 F1200
G1 X115.207 Y104.771 E.01857
;WIDTH:0.523506
G1 X115.588 Y105.123 E.01869
;WIDTH:0.525541
G1 X115.888 Y105.547 E.01876
;WIDTH:0.526411
G1 X116.094 Y106.024 E.01878
G1 X116.197 Y106.533 E.01878
;WIDTH:0.526122
G1 X116.193 Y107.052 E.01877
;WIDTH:0.524669
G1 X116.081 Y107.559 E.01872
;WIDTH:0.522053
G1 X115.866 Y108.032 E.01863
;WIDTH:0.520623
G1 X115.545 Y108.459 E.0191
;WIDTH:0.524669
G1 X115.165 Y108.791 E.0182
;WIDTH:0.52612
G1 X114.712 Y109.045 E.01878
;WIDTH:0.52641
G1 X114.217 Y109.201 E.01878
G1 X113.7 Y109.25 E.01878
;WIDTH:0.525541
G1 X113.184 Y109.192 E.01875
;WIDTH:0.523505
G1 X112.692 Y109.028 E.01868
;WIDTH:0.520549
G1 X112.244 Y108.763 E.01857
;WIDTH:0.523508
G1 X111.862 Y108.411 E.01869
;WIDTH:0.525541
G1 X111.562 Y107.987 E.01876
;WIDTH:0.526412
G1 X111.356 Y107.51 E.01878
G1 X111.254 Y107.001 E.01878
;WIDTH:0.526123
G1 X111.258 Y106.482 E.01877
;WIDTH:0.52467
G1 X111.37 Y105.975 E.01872
;WIDTH:0.522054
G1 X111.585 Y105.502 E.01863
;WIDTH:0.520625
G1 X111.906 Y105.075 E.0191
;WIDTH:0.524671
G1 X112.286 Y104.743 E.0182
;WIDTH:0.526122
G1 X112.739 Y104.489 E.01878
;WIDTH:0.526412
G1 X113.234 Y104.333 E.01878
G1 X113.751 Y104.284 E.01878
;WIDTH:0.52554
G1 X114.266 Y104.342 E.01875
;WIDTH:0.523505
G1 X114.721 Y104.494 E.01724
G1 E-.84 F2400
;WIPE_START
G1 F3600
G1 X115.207 Y104.771 E-.20118
G1 X115.531 Y105.07 E-.15882
;WIPE_END
G17
G3 Z5.6 I-.736 J-.969 P1  F9000
G1 X111.987 Y107.76 Z5.6
G1 Z5.2
G1 E1.2 F1800
;WIDTH:0.526412
G1 F1200
G1 X111.822 Y107.383 E.01486
G1 X111.736 Y106.982 E.01485
;WIDTH:0.526123
G1 X111.731 Y106.571 E.01486
;WIDTH:0.52467
G1 X111.809 Y106.167 E.01485
;WIDTH:0.522054
G1 X112.001 Y105.738 E.01683
;WIDTH:0.518732
G1 X112.298 Y105.356 E.01723
;WIDTH:0.516453
G1 X112.677 Y105.056 E.01714
;WIDTH:0.515378
G1 X113.117 Y104.855 E.0171
;WIDTH:0.516592
G1 X113.592 Y104.765 E.01715
;WIDTH:0.523505
G1 X114.125 Y104.802 E.01921
G1 X114.539 Y104.93 E.01559
;WIDTH:0.520307
G1 X114.954 Y105.18 E.01729
;WIDTH:0.517445
G1 X115.297 Y105.52 E.01718
;WIDTH:0.515746
G1 X115.55 Y105.933 E.01711
G1 X115.697 Y106.394 E.01712
;WIDTH:0.524669
G1 X115.719 Y106.963 E.02054
G1 X115.642 Y107.367 E.01485
;WIDTH:0.522053
G1 X115.45 Y107.796 E.01683
;WIDTH:0.51873
G1 X115.153 Y108.178 E.01723
;WIDTH:0.516451
G1 X114.774 Y108.478 E.01714
;WIDTH:0.515376
G1 X114.334 Y108.679 E.0171
;WIDTH:0.516592
G1 X113.858 Y108.77 E.01715
;WIDTH:0.523505
G1 X113.325 Y108.732 E.01921
G1 X112.912 Y108.604 E.01559
;WIDTH:0.520308
G1 X112.497 Y108.354 E.01729
;WIDTH:0.517447
G1 X112.153 Y108.014 E.01718
;WIDTH:0.525541
G1 X112.009 Y107.793 E.00953
; stop printing object OrangePi-Spacer.stl id:29074711 copy 0
; printing object OrangePi-Spacer.stl id:0 copy 0
G1 E-.84 F2400
;WIPE_START
G1 F3600
G1 X111.822 Y107.383 E-.16205
G1 X111.736 Y106.982 E-.14779
G1 X111.734 Y106.843 E-.05015
;WIPE_END
G17
G3 Z5.6 I-1.199 J-.208 P1  F9000
G1 X111.019 Y110.972 Z5.6
G1 Z5.2
G1 E1.2 F1800
;WIDTH:0.520548
G1 F1200
G1 X111.466 Y111.237 E.01857
;WIDTH:0.523506
G1 X111.848 Y111.589 E.01869
;WIDTH:0.525541
G1 X112.148 Y112.013 E.01876
;WIDTH:0.526411
G1 X112.354 Y112.49 E.01878
G1 X112.457 Y112.999 E.01878
;WIDTH:0.526122
G1 X112.452 Y113.518 E.01877
;WIDTH:0.524669
G1 X112.34 Y114.025 E.01872
;WIDTH:0.522053
G1 X112.125 Y114.498 E.01863
;WIDTH:0.520623
G1 X111.804 Y114.925 E.0191
;WIDTH:0.524669
G1 X111.424 Y115.257 E.0182
;WIDTH:0.52612
G1 X110.972 Y115.511 E.01878
;WIDTH:0.52641
G1 X110.476 Y115.667 E.01878
G1 X109.96 Y115.716 E.01878
;WIDTH:0.525541
G1 X109.444 Y115.658 E.01875
;WIDTH:0.523505
G1 X108.951 Y115.494 E.01868
;WIDTH:0.520549
G1 X108.504 Y115.229 E.01857
;WIDTH:0.523508
G1 X108.122 Y114.877 E.01869
;WIDTH:0.525541
G1 X107.822 Y114.453 E.01876
;WIDTH:0.526412
G1 X107.616 Y113.976 E.01878
G1 X107.513 Y113.467 E.01878
;WIDTH:0.526123
G1 X107.518 Y112.948 E.01877
;WIDTH:0.52467
G1 X107.629 Y112.441 E.01872
;WIDTH:0.522054
G1 X107.845 Y111.968 E.01863
;WIDTH:0.520625
G1 X108.166 Y111.541 E.0191
;WIDTH:0.524671
G1 X108.545 Y111.209 E.0182
;WIDTH:0.526122
G1 X108.998 Y110.955 E.01878
;WIDTH:0.526412
G1 X109.493 Y110.799 E.01878
G1 X110.01 Y110.75 E.01878
;WIDTH:0.52554
G1 X110.526 Y110.808 E.01875
;WIDTH:0.523505
G1 X110.981 Y110.96 E.01724
G1 E-.84 F2400
;WIPE_START
G1 F3600
G1 X111.466 Y111.237 E-.20118
G1 X111.79 Y111.536 E-.15882
;WIPE_END
G17
G3 Z5.6 I-.736 J-.969 P1  F9000
G1 X108.246 Y114.226 Z5.6
G1 Z5.2
G1 E1.2 F1800
;WIDTH:0.526412
G1 F1200
G1 X108.082 Y113.849 E.01486
G1 X107.995 Y113.448 E.01485
;WIDTH:0.526123
G1 X107.991 Y113.037 E.01486
;WIDTH:0.52467
G1 X108.069 Y112.633 E.01485
;WIDTH:0.522054
G1 X108.26 Y112.204 E.01683
;WIDTH:0.518732
G1 X108.557 Y111.822 E.01723
;WIDTH:0.516453
G1 X108.937 Y111.522 E.01714
;WIDTH:0.515378
G1 X109.377 Y111.321 E.0171
;WIDTH:0.516592
G1 X109.852 Y111.23 E.01715
;WIDTH:0.523505
G1 X110.385 Y111.268 E.01921
G1 X110.799 Y111.396 E.01559
;WIDTH:0.520307
G1 X111.214 Y111.646 E.01729
;WIDTH:0.517445
G1 X111.557 Y111.986 E.01718
;WIDTH:0.515746
G1 X111.809 Y112.399 E.01711
G1 X111.956 Y112.86 E.01712
;WIDTH:0.524669
G1 X111.979 Y113.429 E.02054
G1 X111.901 Y113.833 E.01485
;WIDTH:0.522053
G1 X111.709 Y114.262 E.01683
;WIDTH:0.51873
G1 X111.412 Y114.644 E.01723
;WIDTH:0.516451
G1 X111.033 Y114.944 E.01714
;WIDTH:0.515376
G1 X110.593 Y115.145 E.0171
;WIDTH:0.516592
G1 X110.118 Y115.235 E.01715
;WIDTH:0.523505
G1 X109.585 Y115.198 E.01921
G1 X109.171 Y115.07 E.01559
;WIDTH:0.520308
G1 X108.756 Y114.82 E.01729
;WIDTH:0.517447
G1 X108.413 Y114.48 E.01718
;WIDTH:0.525541
G1 X108.268 Y114.259 E.00953
; stop printing object OrangePi-Spacer.stl id:0 copy 0
; printing object OrangePi-Spacer.stl id:8761013144 copy 0
G1 E-.84 F2400
;WIPE_START
G1 F3600
G1 X108.082 Y113.849 E-.16205
G1 X107.995 Y113.448 E-.14779
G1 X107.994 Y113.309 E-.05015
;WIPE_END
G17
G3 Z5.6 I.566 J-1.077 P1  F9000
G1 X103.549 Y110.972 Z5.6
G1 Z5.2
G1 E1.2 F1800
;WIDTH:0.520548
G1 F1200
G1 X103.996 Y111.237 E.01857
;WIDTH:0.523506
G1 X104.378 Y111.589 E.01869
;WIDTH:0.525541
G1 X104.678 Y112.013 E.01876
;WIDTH:0.526411
G1 X104.884 Y112.49 E.01878
G1 X104.987 Y112.999 E.01878
;WIDTH:0.526122
G1 X104.982 Y113.518 E.01877
;WIDTH:0.524669
G1 X104.871 Y114.025 E.01872
;WIDTH:0.522053
G1 X104.655 Y114.498 E.01863
;WIDTH:0.520623
G1 X104.334 Y114.925 E.0191
;WIDTH:0.524669
G1 X103.955 Y115.257 E.0182
;WIDTH:0.52612
G1 X103.502 Y115.511 E.01878
;WIDTH:0.52641
G1 X103.007 Y115.667 E.01878
G1 X102.49 Y115.716 E.01878
;WIDTH:0.525541
G1 X101.974 Y115.658 E.01875
;WIDTH:0.523505
G1 X101.481 Y115.494 E.01868
;WIDTH:0.520549
G1 X101.034 Y115.229 E.01857
;WIDTH:0.523508
G1 X100.652 Y114.877 E.01869
;WIDTH:0.525541
G1 X100.352 Y114.453 E.01876
;WIDTH:0.526412
G1 X100.146 Y113.976 E.01878
G1 X100.043 Y113.467 E.01878
;WIDTH:0.526123
G1 X100.048 Y112.948 E.01877
;WIDTH:0.52467
G1 X100.16 Y112.441 E.01872
;WIDTH:0.522054
G1 X100.375 Y111.968 E.01863
;WIDTH:0.520625
G1 X100.696 Y111.541 E.0191
;WIDTH:0.524671
G1 X101.076 Y111.209 E.0182
;WIDTH:0.526122
G1 X101.528 Y110.955 E.01878
;WIDTH:0.526412
G1 X102.024 Y110.799 E.01878
G1 X102.54 Y110.75 E.01878
;WIDTH:0.52554
G1 X103.056 Y110.808 E.01875
;WIDTH:0.523505
G1 X103.511 Y110.96 E.01724
G1 E-.84 F2400
;WIPE_START
G1 F3600
G1 X103.996 Y111.237 E-.20118
G1 X104.32 Y111.536 E-.15882
;WIPE_END
G17
G3 Z5.6 I-.736 J-.969 P1  F9000
G1 X100.776 Y114.226 Z5.6
G1 Z5.2
G1 E1.2 F1800
;WIDTH:0.526412
G1 F1200
G1 X100.612 Y113.849 E.01486
G1 X100.526 Y113.448 E.01485
;WIDTH:0.526123
G1 X100.521 Y113.037 E.01486
;WIDTH:0.52467
G1 X100.599 Y112.633 E.01485
;WIDTH:0.522054
G1 X100.791 Y112.204 E.01683
;WIDTH:0.518732
G1 X101.088 Y111.822 E.01723
;WIDTH:0.516453
G1 X101.467 Y111.522 E.01714
;WIDTH:0.515378
G1 X101.907 Y111.321 E.0171
;WIDTH:0.516592
G1 X102.382 Y111.23 E.01715
;WIDTH:0.523505
G1 X102.915 Y111.268 E.01921
G1 X103.329 Y111.396 E.01559
;WIDTH:0.520307
G1 X103.744 Y111.646 E.01729
;WIDTH:0.517445
G1 X104.087 Y111.986 E.01718
;WIDTH:0.515746
G1 X104.34 Y112.399 E.01711
G1 X104.487 Y112.86 E.01712
;WIDTH:0.524669
G1 X104.509 Y113.429 E.02054
G1 X104.431 Y113.833 E.01485
;WIDTH:0.522053
G1 X104.24 Y114.262 E.01683
;WIDTH:0.51873
G1 X103.943 Y114.644 E.01723
;WIDTH:0.516451
G1 X103.563 Y114.944 E.01714
;WIDTH:0.515376
G1 X103.123 Y115.145 E.0171
;WIDTH:0.516592
G1 X102.648 Y115.235 E.01715
;WIDTH:0.523505
G1 X102.115 Y115.198 E.01921
G1 X101.701 Y115.07 E.01559
;WIDTH:0.520308
G1 X101.286 Y114.82 E.01729
;WIDTH:0.517447
G1 X100.943 Y114.48 E.01718
;WIDTH:0.525541
G1 X100.798 Y114.259 E.00953
; stop printing object OrangePi-Spacer.stl id:8761013144 copy 0
G1 E-.84 F2400
;WIPE_START
G1 F3600
G1 X100.612 Y113.849 E-.16205
G1 X100.526 Y113.448 E-.14779
G1 X100.524 Y113.309 E-.05015
;WIPE_END
;LAYER_CHANGE
;Z:5.4
;HEIGHT:0.2
;BEFORE_LAYER_CHANGE
;5.4
G92 E0

;_SET_FAN_SPEED_CHANGING_LAYER
; printing object OrangePi-Spacer.stl id:8761013144 copy 0
G1 Z5.8 F9000
G1 X118.734 Y111.108
G1 Z5.4
G1 E1.2 F1800
;WIDTH:0.520623
G1 F1200
G1 X119.162 Y111.429 E.0191
;WIDTH:0.52467
G1 X119.494 Y111.809 E.0182
;WIDTH:0.52612
G1 X119.748 Y112.261 E.01878
;WIDTH:0.526411
G1 X119.904 Y112.757 E.01878
G1 X119.953 Y113.273 E.01878
;WIDTH:0.52554
G1 X119.895 Y113.789 E.01875
;WIDTH:0.523506
G1 X119.73 Y114.282 E.01868
;WIDTH:0.520549
G1 X119.466 Y114.729 E.01857
;WIDTH:0.523506
G1 X119.113 Y115.111 E.01869
;WIDTH:0.525541
G1 X118.69 Y115.411 E.01876
;WIDTH:0.526411
G1 X118.213 Y115.617 E.01878
G1 X117.704 Y115.72 E.01878
;WIDTH:0.526121
G1 X117.185 Y115.715 E.01877
;WIDTH:0.524669
G1 X116.678 Y115.604 E.01872
;WIDTH:0.522052
G1 X116.205 Y115.388 E.01863
;WIDTH:0.520625
G1 X115.778 Y115.067 E.0191
;WIDTH:0.52467
G1 X115.446 Y114.687 E.0182
;WIDTH:0.526121
G1 X115.191 Y114.235 E.01878
;WIDTH:0.526412
G1 X115.036 Y113.739 E.01878
G1 X114.987 Y113.223 E.01878
;WIDTH:0.525542
G1 X115.045 Y112.707 E.01875
;WIDTH:0.523507
G1 X115.209 Y112.214 E.01868
;WIDTH:0.520549
G1 X115.474 Y111.767 E.01857
;WIDTH:0.523509
G1 X115.826 Y111.385 E.01869
;WIDTH:0.525542
G1 X116.25 Y111.085 E.01876
;WIDTH:0.526413
G1 X116.727 Y110.879 E.01878
G1 X117.235 Y110.776 E.01878
;WIDTH:0.526123
G1 X117.755 Y110.781 E.01877
;WIDTH:0.524667
G1 X118.262 Y110.892 E.01872
;WIDTH:0.522053
G1 X118.698 Y111.091 E.01719
G1 X117.102 Y111.276 F9000
;WIDTH:0.524667
G1 F1200
G1 X117.666 Y111.254 E.02034
G1 X118.07 Y111.332 E.01485
;WIDTH:0.522053
G1 X118.499 Y111.524 E.01683
;WIDTH:0.51873
G1 X118.881 Y111.821 E.01723
;WIDTH:0.51645
G1 X119.181 Y112.2 E.01714
;WIDTH:0.515376
G1 X119.382 Y112.64 E.0171
;WIDTH:0.516592
G1 X119.472 Y113.115 E.01715
;WIDTH:0.523506
G1 X119.435 Y113.648 E.01921
G1 X119.306 Y114.062 E.01559
;WIDTH:0.520308
G1 X119.057 Y114.477 E.01729
;WIDTH:0.517445
G1 X118.717 Y114.82 E.01718
;WIDTH:0.515746
G1 X118.304 Y115.073 E.01711
G1 X117.843 Y115.22 E.01712
;WIDTH:0.524669
G1 X117.274 Y115.242 E.02054
G1 X116.87 Y115.164 E.01485
;WIDTH:0.522052
G1 X116.441 Y114.972 E.01683
;WIDTH:0.518731
G1 X116.059 Y114.675 E.01723
;WIDTH:0.516451
G1 X115.759 Y114.296 E.01714
;WIDTH:0.515377
G1 X115.558 Y113.856 E.0171
;WIDTH:0.516592
G1 X115.467 Y113.381 E.01715
;WIDTH:0.523507
G1 X115.505 Y112.848 E.01921
G1 X115.633 Y112.434 E.01559
;WIDTH:0.520309
G1 X115.882 Y112.019 E.01729
;WIDTH:0.517447
G1 X116.223 Y111.676 E.01718
;WIDTH:0.515747
G1 X116.636 Y111.423 E.01711
G1 X117.064 Y111.287 E.0159
; stop printing object OrangePi-Spacer.stl id:8761013144 copy 0
; printing object OrangePi-Spacer.stl id:29074711 copy 0
G1 E-.84 F2400
;WIPE_START
G1 F3600
G1 X117.666 Y111.254 E-.21706
G1 X118.056 Y111.329 E-.14294
;WIPE_END
G17
G3 Z5.8 I1.096 J-.529 P1  F9000
G1 X114.759 Y104.506 Z5.8
G1 Z5.4
G1 E1.2 F1800
;WIDTH:0.520548
G1 F1200
G1 X115.207 Y104.771 E.01857
;WIDTH:0.523506
G1 X115.588 Y105.123 E.01869
;WIDTH:0.525541
G1 X115.888 Y105.547 E.01876
;WIDTH:0.526411
G1 X116.094 Y106.024 E.01878
G1 X116.197 Y106.533 E.01878
;WIDTH:0.526122
G1 X116.193 Y107.052 E.01877
;WIDTH:0.524669
G1 X116.081 Y107.559 E.01872
;WIDTH:0.522053
G1 X115.866 Y108.032 E.01863
;WIDTH:0.520623
G1 X115.545 Y108.459 E.0191
;WIDTH:0.524669
G1 X115.165 Y108.791 E.0182
;WIDTH:0.52612
G1 X114.712 Y109.045 E.01878
;WIDTH:0.52641
G1 X114.217 Y109.201 E.01878
G1 X113.7 Y109.25 E.01878
;WIDTH:0.525541
G1 X113.184 Y109.192 E.01875
;WIDTH:0.523506
G1 X112.692 Y109.028 E.01868
;WIDTH:0.520549
G1 X112.244 Y108.763 E.01857
;WIDTH:0.523508
G1 X111.862 Y108.411 E.01869
;WIDTH:0.525542
G1 X111.562 Y107.987 E.01876
;WIDTH:0.526412
G1 X111.356 Y107.51 E.01878
G1 X111.254 Y107.001 E.01878
;WIDTH:0.526123
G1 X111.258 Y106.482 E.01877
;WIDTH:0.524669
G1 X111.37 Y105.975 E.01872
;WIDTH:0.522054
G1 X111.585 Y105.502 E.01863
;WIDTH:0.520625
G1 X111.906 Y105.075 E.0191
;WIDTH:0.524671
G1 X112.286 Y104.743 E.0182
;WIDTH:0.526122
G1 X112.739 Y104.489 E.01878
;WIDTH:0.526412
G1 X113.234 Y104.333 E.01878
G1 X113.751 Y104.284 E.01878
;WIDTH:0.52554
G1 X114.266 Y104.342 E.01875
;WIDTH:0.523507
G1 X114.721 Y104.494 E.01724
G1 E-.84 F2400
;WIPE_START
G1 F3600
G1 X115.207 Y104.771 E-.20118
G1 X115.531 Y105.07 E-.15882
;WIPE_END
G17
G3 Z5.8 I-.736 J-.969 P1  F9000
G1 X111.987 Y107.76 Z5.8
G1 Z5.4
G1 E1.2 F1800
;WIDTH:0.526412
G1 F1200
G1 X111.822 Y107.383 E.01486
G1 X111.736 Y106.982 E.01485
;WIDTH:0.526123
G1 X111.731 Y106.571 E.01486
;WIDTH:0.524669
G1 X111.809 Y106.167 E.01485
;WIDTH:0.522054
G1 X112.001 Y105.738 E.01683
;WIDTH:0.518732
G1 X112.298 Y105.356 E.01723
;WIDTH:0.516451
G1 X112.677 Y105.056 E.01714
;WIDTH:0.515378
G1 X113.117 Y104.855 E.0171
;WIDTH:0.516592
G1 X113.592 Y104.765 E.01715
;WIDTH:0.523507
G1 X114.125 Y104.802 E.01921
G1 X114.539 Y104.93 E.01559
;WIDTH:0.520307
G1 X114.954 Y105.18 E.01729
;WIDTH:0.517445
G1 X115.297 Y105.52 E.01718
;WIDTH:0.515746
G1 X115.55 Y105.933 E.01711
G1 X115.697 Y106.394 E.01712
;WIDTH:0.524669
G1 X115.719 Y106.963 E.02054
G1 X115.642 Y107.367 E.01485
;WIDTH:0.522053
G1 X115.45 Y107.796 E.01683
;WIDTH:0.51873
G1 X115.153 Y108.178 E.01723
;WIDTH:0.516451
G1 X114.774 Y108.478 E.01714
;WIDTH:0.515376
G1 X114.334 Y108.679 E.0171
;WIDTH:0.516592
G1 X113.858 Y108.77 E.01715
;WIDTH:0.523506
G1 X113.325 Y108.732 E.01921
G1 X112.912 Y108.604 E.01559
;WIDTH:0.520308
G1 X112.497 Y108.354 E.01729
;WIDTH:0.517445
G1 X112.153 Y108.014 E.01718
;WIDTH:0.525542
G1 X112.009 Y107.793 E.00953
; stop printing object OrangePi-Spacer.stl id:29074711 copy 0
; printing object OrangePi-Spacer.stl id:0 copy 0
G1 E-.84 F2400
;WIPE_START
G1 F3600
G1 X111.822 Y107.383 E-.16205
G1 X111.736 Y106.982 E-.14779
G1 X111.734 Y106.843 E-.05015
;WIPE_END
G17
G3 Z5.8 I-1.199 J-.208 P1  F9000
G1 X111.019 Y110.972 Z5.8
G1 Z5.4
G1 E1.2 F1800
;WIDTH:0.520548
G1 F1200
G1 X111.466 Y111.237 E.01857
;WIDTH:0.523506
G1 X111.848 Y111.589 E.01869
;WIDTH:0.525541
G1 X112.148 Y112.013 E.01876
;WIDTH:0.526411
G1 X112.354 Y112.49 E.01878
G1 X112.457 Y112.999 E.01878
;WIDTH:0.526122
G1 X112.452 Y113.518 E.01877
;WIDTH:0.524669
G1 X112.34 Y114.025 E.01872
;WIDTH:0.522053
G1 X112.125 Y114.498 E.01863
;WIDTH:0.520623
G1 X111.804 Y114.925 E.0191
;WIDTH:0.524669
G1 X111.424 Y115.257 E.0182
;WIDTH:0.52612
G1 X110.972 Y115.511 E.01878
;WIDTH:0.52641
G1 X110.476 Y115.667 E.01878
G1 X109.96 Y115.716 E.01878
;WIDTH:0.525541
G1 X109.444 Y115.658 E.01875
;WIDTH:0.523506
G1 X108.951 Y115.494 E.01868
;WIDTH:0.520549
G1 X108.504 Y115.229 E.01857
;WIDTH:0.523508
G1 X108.122 Y114.877 E.01869
;WIDTH:0.525542
G1 X107.822 Y114.453 E.01876
;WIDTH:0.526412
G1 X107.616 Y113.976 E.01878
G1 X107.513 Y113.467 E.01878
;WIDTH:0.526123
G1 X107.518 Y112.948 E.01877
;WIDTH:0.524669
G1 X107.629 Y112.441 E.01872
;WIDTH:0.522054
G1 X107.845 Y111.968 E.01863
;WIDTH:0.520625
G1 X108.166 Y111.541 E.0191
;WIDTH:0.524671
G1 X108.545 Y111.209 E.0182
;WIDTH:0.526122
G1 X108.998 Y110.955 E.01878
;WIDTH:0.526412
G1 X109.493 Y110.799 E.01878
G1 X110.01 Y110.75 E.01878
;WIDTH:0.52554
G1 X110.526 Y110.808 E.01875
;WIDTH:0.523507
G1 X110.981 Y110.96 E.01724
G1 E-.84 F2400
;WIPE_START
G1 F3600
G1 X111.466 Y111.237 E-.20118
G1 X111.79 Y111.536 E-.15882
;WIPE_END
G17
G3 Z5.8 I-.736 J-.969 P1  F9000
G1 X108.246 Y114.226 Z5.8
G1 Z5.4
G1 E1.2 F1800
;WIDTH:0.526412
G1 F1200
G1 X108.082 Y113.849 E.01486
G1 X107.995 Y113.448 E.01485
;WIDTH:0.526123
G1 X107.991 Y113.037 E.01486
;WIDTH:0.524669
G1 X108.069 Y112.633 E.01485
;WIDTH:0.522054
G1 X108.26 Y112.204 E.01683
;WIDTH:0.518732
G1 X108.557 Y111.822 E.01723
;WIDTH:0.516451
G1 X108.937 Y111.522 E.01714
;WIDTH:0.515378
G1 X109.377 Y111.321 E.0171
;WIDTH:0.516592
G1 X109.852 Y111.23 E.01715
;WIDTH:0.523507
G1 X110.385 Y111.268 E.01921
G1 X110.799 Y111.396 E.01559
;WIDTH:0.520307
G1 X111.214 Y111.646 E.01729
;WIDTH:0.517445
G1 X111.557 Y111.986 E.01718
;WIDTH:0.515746
G1 X111.809 Y112.399 E.01711
G1 X111.956 Y112.86 E.01712
;WIDTH:0.524669
G1 X111.979 Y113.429 E.02054
G1 X111.901 Y113.833 E.01485
;WIDTH:0.522053
G1 X111.709 Y114.262 E.01683
;WIDTH:0.51873
G1 X111.412 Y114.644 E.01723
;WIDTH:0.516451
G1 X111.033 Y114.944 E.01714
;WIDTH:0.515376
G1 X110.593 Y115.145 E.0171
;WIDTH:0.516592
G1 X110.118 Y115.235 E.01715
;WIDTH:0.523506
G1 X109.585 Y115.198 E.01921
G1 X109.171 Y115.07 E.01559
;WIDTH:0.520308
G1 X108.756 Y114.82 E.01729
;WIDTH:0.517445
G1 X108.413 Y114.48 E.01718
;WIDTH:0.525542
G1 X108.268 Y114.259 E.00953
; stop printing object OrangePi-Spacer.stl id:0 copy 0
; printing object OrangePi-Spacer.stl id:8761013144 copy 0
G1 E-.84 F2400
;WIPE_START
G1 F3600
G1 X108.082 Y113.849 E-.16205
G1 X107.995 Y113.448 E-.14779
G1 X107.994 Y113.309 E-.05015
;WIPE_END
G17
G3 Z5.8 I.566 J-1.077 P1  F9000
G1 X103.549 Y110.972 Z5.8
G1 Z5.4
G1 E1.2 F1800
;WIDTH:0.520548
G1 F1200
G1 X103.996 Y111.237 E.01857
;WIDTH:0.523506
G1 X104.378 Y111.589 E.01869
;WIDTH:0.525541
G1 X104.678 Y112.013 E.01876
;WIDTH:0.526411
G1 X104.884 Y112.49 E.01878
G1 X104.987 Y112.999 E.01878
;WIDTH:0.526122
G1 X104.982 Y113.518 E.01877
;WIDTH:0.524669
G1 X104.871 Y114.025 E.01872
;WIDTH:0.522053
G1 X104.655 Y114.498 E.01863
;WIDTH:0.520623
G1 X104.334 Y114.925 E.0191
;WIDTH:0.524669
G1 X103.955 Y115.257 E.0182
;WIDTH:0.52612
G1 X103.502 Y115.511 E.01878
;WIDTH:0.52641
G1 X103.007 Y115.667 E.01878
G1 X102.49 Y115.716 E.01878
;WIDTH:0.525541
G1 X101.974 Y115.658 E.01875
;WIDTH:0.523506
G1 X101.481 Y115.494 E.01868
;WIDTH:0.520549
G1 X101.034 Y115.229 E.01857
;WIDTH:0.523508
G1 X100.652 Y114.877 E.01869
;WIDTH:0.525542
G1 X100.352 Y114.453 E.01876
;WIDTH:0.526412
G1 X100.146 Y113.976 E.01878
G1 X100.043 Y113.467 E.01878
;WIDTH:0.526123
G1 X100.048 Y112.948 E.01877
;WIDTH:0.524669
G1 X100.16 Y112.441 E.01872
;WIDTH:0.522054
G1 X100.375 Y111.968 E.01863
;WIDTH:0.520625
G1 X100.696 Y111.541 E.0191
;WIDTH:0.524671
G1 X101.076 Y111.209 E.0182
;WIDTH:0.526122
G1 X101.528 Y110.955 E.01878
;WIDTH:0.526412
G1 X102.024 Y110.799 E.01878
G1 X102.54 Y110.75 E.01878
;WIDTH:0.52554
G1 X103.056 Y110.808 E.01875
;WIDTH:0.523507
G1 X103.511 Y110.96 E.01724
G1 E-.84 F2400
;WIPE_START
G1 F3600
G1 X103.996 Y111.237 E-.20118
G1 X104.32 Y111.536 E-.15882
;WIPE_END
G17
G3 Z5.8 I-.736 J-.969 P1  F9000
G1 X100.776 Y114.226 Z5.8
G1 Z5.4
G1 E1.2 F1800
;WIDTH:0.526412
G1 F1200
G1 X100.612 Y113.849 E.01486
G1 X100.526 Y113.448 E.01485
;WIDTH:0.526123
G1 X100.521 Y113.037 E.01486
;WIDTH:0.524669
G1 X100.599 Y112.633 E.01485
;WIDTH:0.522054
G1 X100.791 Y112.204 E.01683
;WIDTH:0.518732
G1 X101.088 Y111.822 E.01723
;WIDTH:0.516451
G1 X101.467 Y111.522 E.01714
;WIDTH:0.515378
G1 X101.907 Y111.321 E.0171
;WIDTH:0.516592
G1 X102.382 Y111.23 E.01715
;WIDTH:0.523507
G1 X102.915 Y111.268 E.01921
G1 X103.329 Y111.396 E.01559
;WIDTH:0.520307
G1 X103.744 Y111.646 E.01729
;WIDTH:0.517445
G1 X104.087 Y111.986 E.01718
;WIDTH:0.515746
G1 X104.34 Y112.399 E.01711
G1 X104.487 Y112.86 E.01712
;WIDTH:0.524669
G1 X104.509 Y113.429 E.02054
G1 X104.431 Y113.833 E.01485
;WIDTH:0.522053
G1 X104.24 Y114.262 E.01683
;WIDTH:0.51873
G1 X103.943 Y114.644 E.01723
;WIDTH:0.516451
G1 X103.563 Y114.944 E.01714
;WIDTH:0.515376
G1 X103.123 Y115.145 E.0171
;WIDTH:0.516592
G1 X102.648 Y115.235 E.01715
;WIDTH:0.523506
G1 X102.115 Y115.198 E.01921
G1 X101.701 Y115.07 E.01559
;WIDTH:0.520308
G1 X101.286 Y114.82 E.01729
;WIDTH:0.517445
G1 X100.943 Y114.48 E.01718
;WIDTH:0.525542
G1 X100.798 Y114.259 E.00953
; stop printing object OrangePi-Spacer.stl id:8761013144 copy 0
G1 E-.84 F2400
;WIPE_START
G1 F3600
G1 X100.612 Y113.849 E-.16205
G1 X100.526 Y113.448 E-.14779
G1 X100.524 Y113.309 E-.05015
;WIPE_END
;LAYER_CHANGE
;Z:5.6
;HEIGHT:0.2
;BEFORE_LAYER_CHANGE
;5.6
G92 E0

;_SET_FAN_SPEED_CHANGING_LAYER
; printing object OrangePi-Spacer.stl id:8761013144 copy 0
G1 Z6 F9000
G1 X118.734 Y111.108
G1 Z5.6
G1 E1.2 F1800
;WIDTH:0.520623
G1 F1200
G1 X119.162 Y111.429 E.0191
;WIDTH:0.52467
G1 X119.494 Y111.809 E.0182
;WIDTH:0.52612
G1 X119.748 Y112.261 E.01878
;WIDTH:0.526411
G1 X119.904 Y112.757 E.01878
G1 X119.953 Y113.273 E.01878
;WIDTH:0.52554
G1 X119.895 Y113.789 E.01875
;WIDTH:0.523506
G1 X119.73 Y114.282 E.01868
;WIDTH:0.520549
G1 X119.466 Y114.729 E.01857
;WIDTH:0.523506
G1 X119.113 Y115.111 E.01869
;WIDTH:0.52554
G1 X118.69 Y115.411 E.01876
;WIDTH:0.526411
G1 X118.213 Y115.617 E.01878
G1 X117.704 Y115.72 E.01878
;WIDTH:0.526121
G1 X117.185 Y115.715 E.01877
;WIDTH:0.524669
G1 X116.678 Y115.604 E.01872
;WIDTH:0.522052
G1 X116.205 Y115.388 E.01863
;WIDTH:0.520626
G1 X115.778 Y115.067 E.0191
;WIDTH:0.524671
G1 X115.446 Y114.687 E.0182
;WIDTH:0.526122
G1 X115.191 Y114.235 E.01878
;WIDTH:0.526412
G1 X115.036 Y113.739 E.01878
G1 X114.987 Y113.223 E.01878
;WIDTH:0.525542
G1 X115.045 Y112.707 E.01875
;WIDTH:0.523507
G1 X115.209 Y112.214 E.01868
;WIDTH:0.520549
G1 X115.474 Y111.767 E.01857
;WIDTH:0.523508
G1 X115.826 Y111.385 E.01869
;WIDTH:0.525542
G1 X116.25 Y111.085 E.01876
;WIDTH:0.526413
G1 X116.727 Y110.879 E.01878
G1 X117.235 Y110.776 E.01878
;WIDTH:0.526123
G1 X117.755 Y110.781 E.01877
;WIDTH:0.524668
G1 X118.262 Y110.892 E.01872
;WIDTH:0.522053
G1 X118.698 Y111.091 E.01719
G1 X117.102 Y111.276 F9000
;WIDTH:0.524668
G1 F1200
G1 X117.666 Y111.254 E.02032
G1 X118.07 Y111.332 E.01485
;WIDTH:0.522053
G1 X118.499 Y111.524 E.01683
;WIDTH:0.51873
G1 X118.881 Y111.821 E.01723
;WIDTH:0.51645
G1 X119.181 Y112.2 E.01714
;WIDTH:0.515376
G1 X119.382 Y112.64 E.0171
;WIDTH:0.516592
G1 X119.472 Y113.115 E.01715
;WIDTH:0.523506
G1 X119.435 Y113.648 E.01921
G1 X119.306 Y114.062 E.01559
;WIDTH:0.520307
G1 X119.057 Y114.477 E.01729
;WIDTH:0.517445
G1 X118.717 Y114.82 E.01718
;WIDTH:0.515745
G1 X118.304 Y115.073 E.01711
G1 X117.843 Y115.22 E.01712
;WIDTH:0.524669
G1 X117.274 Y115.242 E.02054
G1 X116.87 Y115.164 E.01485
;WIDTH:0.522052
G1 X116.441 Y114.972 E.01683
;WIDTH:0.518731
G1 X116.059 Y114.675 E.01723
;WIDTH:0.516451
G1 X115.759 Y114.296 E.01714
;WIDTH:0.515377
G1 X115.558 Y113.856 E.0171
;WIDTH:0.516593
G1 X115.467 Y113.381 E.01715
;WIDTH:0.523507
G1 X115.505 Y112.848 E.01921
G1 X115.633 Y112.434 E.01559
;WIDTH:0.520309
G1 X115.882 Y112.019 E.01729
;WIDTH:0.517446
G1 X116.223 Y111.676 E.01718
;WIDTH:0.515747
G1 X116.636 Y111.423 E.01711
G1 X117.064 Y111.287 E.01591
; stop printing object OrangePi-Spacer.stl id:8761013144 copy 0
; printing object OrangePi-Spacer.stl id:29074711 copy 0
G1 E-.84 F2400
;WIPE_START
G1 F3600
G1 X117.666 Y111.254 E-.21693
G1 X118.056 Y111.329 E-.14307
;WIPE_END
G17
G3 Z6 I1.096 J-.529 P1  F9000
G1 X114.759 Y104.506 Z6
G1 Z5.6
G1 E1.2 F1800
;WIDTH:0.520548
G1 F1200
G1 X115.207 Y104.771 E.01857
;WIDTH:0.523506
G1 X115.588 Y105.123 E.01869
;WIDTH:0.525541
G1 X115.888 Y105.547 E.01876
;WIDTH:0.526411
G1 X116.094 Y106.024 E.01878
G1 X116.197 Y106.533 E.01878
;WIDTH:0.526122
G1 X116.193 Y107.052 E.01877
;WIDTH:0.524669
G1 X116.081 Y107.559 E.01872
;WIDTH:0.522054
G1 X115.866 Y108.032 E.01863
;WIDTH:0.520624
G1 X115.545 Y108.459 E.0191
;WIDTH:0.524669
G1 X115.165 Y108.791 E.0182
;WIDTH:0.52612
G1 X114.712 Y109.045 E.01878
;WIDTH:0.52641
G1 X114.217 Y109.201 E.01878
G1 X113.7 Y109.25 E.01878
;WIDTH:0.525541
G1 X113.184 Y109.192 E.01875
;WIDTH:0.523506
G1 X112.692 Y109.028 E.01868
;WIDTH:0.520549
G1 X112.244 Y108.763 E.01857
;WIDTH:0.523507
G1 X111.862 Y108.411 E.01869
;WIDTH:0.525542
G1 X111.562 Y107.987 E.01876
;WIDTH:0.526412
G1 X111.356 Y107.51 E.01878
G1 X111.254 Y107.001 E.01878
;WIDTH:0.526123
G1 X111.258 Y106.482 E.01877
;WIDTH:0.52467
G1 X111.37 Y105.975 E.01872
;WIDTH:0.522054
G1 X111.585 Y105.502 E.01863
;WIDTH:0.520625
G1 X111.906 Y105.075 E.0191
;WIDTH:0.524671
G1 X112.286 Y104.743 E.0182
;WIDTH:0.526122
G1 X112.739 Y104.489 E.01878
;WIDTH:0.526412
G1 X113.234 Y104.333 E.01878
G1 X113.751 Y104.284 E.01878
;WIDTH:0.52554
G1 X114.266 Y104.342 E.01875
;WIDTH:0.523507
G1 X114.721 Y104.494 E.01724
G1 E-.84 F2400
;WIPE_START
G1 F3600
G1 X115.207 Y104.771 E-.20118
G1 X115.531 Y105.07 E-.15882
;WIPE_END
G17
G3 Z6 I-.736 J-.969 P1  F9000
G1 X111.987 Y107.76 Z6
G1 Z5.6
G1 E1.2 F1800
;WIDTH:0.526412
G1 F1200
G1 X111.822 Y107.383 E.01486
G1 X111.736 Y106.982 E.01485
;WIDTH:0.526123
G1 X111.731 Y106.571 E.01486
;WIDTH:0.52467
G1 X111.809 Y106.167 E.01485
;WIDTH:0.522054
G1 X112.001 Y105.738 E.01683
;WIDTH:0.518732
G1 X112.298 Y105.356 E.01723
;WIDTH:0.516453
G1 X112.677 Y105.056 E.01714
;WIDTH:0.515378
G1 X113.117 Y104.855 E.0171
;WIDTH:0.516593
G1 X113.592 Y104.765 E.01715
;WIDTH:0.523507
G1 X114.125 Y104.802 E.01921
G1 X114.539 Y104.93 E.01559
;WIDTH:0.520307
G1 X114.954 Y105.18 E.01729
;WIDTH:0.517445
G1 X115.297 Y105.52 E.01718
;WIDTH:0.515746
G1 X115.55 Y105.933 E.01711
G1 X115.697 Y106.394 E.01712
;WIDTH:0.524669
G1 X115.719 Y106.963 E.02054
G1 X115.642 Y107.367 E.01485
;WIDTH:0.522054
G1 X115.45 Y107.796 E.01683
;WIDTH:0.51873
G1 X115.153 Y108.178 E.01723
;WIDTH:0.516451
G1 X114.774 Y108.478 E.01714
;WIDTH:0.515376
G1 X114.334 Y108.679 E.0171
;WIDTH:0.516592
G1 X113.858 Y108.77 E.01715
;WIDTH:0.523506
G1 X113.325 Y108.732 E.01921
G1 X112.912 Y108.604 E.01559
;WIDTH:0.520308
G1 X112.497 Y108.354 E.01729
;WIDTH:0.517446
G1 X112.153 Y108.014 E.01718
;WIDTH:0.525542
G1 X112.009 Y107.793 E.00953
; stop printing object OrangePi-Spacer.stl id:29074711 copy 0
; printing object OrangePi-Spacer.stl id:0 copy 0
G1 E-.84 F2400
;WIPE_START
G1 F3600
G1 X111.822 Y107.383 E-.16205
G1 X111.736 Y106.982 E-.14779
G1 X111.734 Y106.843 E-.05015
;WIPE_END
G17
G3 Z6 I-1.199 J-.208 P1  F9000
G1 X111.019 Y110.972 Z6
G1 Z5.6
G1 E1.2 F1800
;WIDTH:0.520548
G1 F1200
G1 X111.466 Y111.237 E.01857
;WIDTH:0.523506
G1 X111.848 Y111.589 E.01869
;WIDTH:0.525541
G1 X112.148 Y112.013 E.01876
;WIDTH:0.526411
G1 X112.354 Y112.49 E.01878
G1 X112.457 Y112.999 E.01878
;WIDTH:0.526122
G1 X112.452 Y113.518 E.01877
;WIDTH:0.524669
G1 X112.34 Y114.025 E.01872
;WIDTH:0.522054
G1 X112.125 Y114.498 E.01863
;WIDTH:0.520624
G1 X111.804 Y114.925 E.0191
;WIDTH:0.524669
G1 X111.424 Y115.257 E.0182
;WIDTH:0.52612
G1 X110.972 Y115.511 E.01878
;WIDTH:0.52641
G1 X110.476 Y115.667 E.01878
G1 X109.96 Y115.716 E.01878
;WIDTH:0.525541
G1 X109.444 Y115.658 E.01875
;WIDTH:0.523506
G1 X108.951 Y115.494 E.01868
;WIDTH:0.520549
G1 X108.504 Y115.229 E.01857
;WIDTH:0.523507
G1 X108.122 Y114.877 E.01869
;WIDTH:0.525542
G1 X107.822 Y114.453 E.01876
;WIDTH:0.526412
G1 X107.616 Y113.976 E.01878
G1 X107.513 Y113.467 E.01878
;WIDTH:0.526123
G1 X107.518 Y112.948 E.01877
;WIDTH:0.52467
G1 X107.629 Y112.441 E.01872
;WIDTH:0.522054
G1 X107.845 Y111.968 E.01863
;WIDTH:0.520625
G1 X108.166 Y111.541 E.0191
;WIDTH:0.524671
G1 X108.545 Y111.209 E.0182
;WIDTH:0.526122
G1 X108.998 Y110.955 E.01878
;WIDTH:0.526412
G1 X109.493 Y110.799 E.01878
G1 X110.01 Y110.75 E.01878
;WIDTH:0.52554
G1 X110.526 Y110.808 E.01875
;WIDTH:0.523507
G1 X110.981 Y110.96 E.01724
G1 E-.84 F2400
;WIPE_START
G1 F3600
G1 X111.466 Y111.237 E-.20118
G1 X111.79 Y111.536 E-.15882
;WIPE_END
G17
G3 Z6 I-.736 J-.969 P1  F9000
G1 X108.246 Y114.226 Z6
G1 Z5.6
G1 E1.2 F1800
;WIDTH:0.526412
G1 F1200
G1 X108.082 Y113.849 E.01486
G1 X107.995 Y113.448 E.01485
;WIDTH:0.526123
G1 X107.991 Y113.037 E.01486
;WIDTH:0.52467
G1 X108.069 Y112.633 E.01485
;WIDTH:0.522054
G1 X108.26 Y112.204 E.01683
;WIDTH:0.518732
G1 X108.557 Y111.822 E.01723
;WIDTH:0.516453
G1 X108.937 Y111.522 E.01714
;WIDTH:0.515378
G1 X109.377 Y111.321 E.0171
;WIDTH:0.516593
G1 X109.852 Y111.23 E.01715
;WIDTH:0.523507
G1 X110.385 Y111.268 E.01921
G1 X110.799 Y111.396 E.01559
;WIDTH:0.520307
G1 X111.214 Y111.646 E.01729
;WIDTH:0.517445
G1 X111.557 Y111.986 E.01718
;WIDTH:0.515746
G1 X111.809 Y112.399 E.01711
G1 X111.956 Y112.86 E.01712
;WIDTH:0.524669
G1 X111.979 Y113.429 E.02054
G1 X111.901 Y113.833 E.01485
;WIDTH:0.522054
G1 X111.709 Y114.262 E.01683
;WIDTH:0.51873
G1 X111.412 Y114.644 E.01723
;WIDTH:0.516451
G1 X111.033 Y114.944 E.01714
;WIDTH:0.515376
G1 X110.593 Y115.145 E.0171
;WIDTH:0.516592
G1 X110.118 Y115.235 E.01715
;WIDTH:0.523506
G1 X109.585 Y115.198 E.01921
G1 X109.171 Y115.07 E.01559
;WIDTH:0.520308
G1 X108.756 Y114.82 E.01729
;WIDTH:0.517446
G1 X108.413 Y114.48 E.01718
;WIDTH:0.525542
G1 X108.268 Y114.259 E.00953
; stop printing object OrangePi-Spacer.stl id:0 copy 0
; printing object OrangePi-Spacer.stl id:8761013144 copy 0
G1 E-.84 F2400
;WIPE_START
G1 F3600
G1 X108.082 Y113.849 E-.16205
G1 X107.995 Y113.448 E-.14779
G1 X107.994 Y113.309 E-.05015
;WIPE_END
G17
G3 Z6 I.566 J-1.077 P1  F9000
G1 X103.549 Y110.972 Z6
G1 Z5.6
G1 E1.2 F1800
;WIDTH:0.520548
G1 F1200
G1 X103.996 Y111.237 E.01857
;WIDTH:0.523506
G1 X104.378 Y111.589 E.01869
;WIDTH:0.525541
G1 X104.678 Y112.013 E.01876
;WIDTH:0.526411
G1 X104.884 Y112.49 E.01878
G1 X104.987 Y112.999 E.01878
;WIDTH:0.526122
G1 X104.982 Y113.518 E.01877
;WIDTH:0.524669
G1 X104.871 Y114.025 E.01872
;WIDTH:0.522054
G1 X104.655 Y114.498 E.01863
;WIDTH:0.520624
G1 X104.334 Y114.925 E.0191
;WIDTH:0.524669
G1 X103.955 Y115.257 E.0182
;WIDTH:0.52612
G1 X103.502 Y115.511 E.01878
;WIDTH:0.52641
G1 X103.007 Y115.667 E.01878
G1 X102.49 Y115.716 E.01878
;WIDTH:0.525541
G1 X101.974 Y115.658 E.01875
;WIDTH:0.523506
G1 X101.481 Y115.494 E.01868
;WIDTH:0.520549
G1 X101.034 Y115.229 E.01857
;WIDTH:0.523507
G1 X100.652 Y114.877 E.01869
;WIDTH:0.525542
G1 X100.352 Y114.453 E.01876
;WIDTH:0.526412
G1 X100.146 Y113.976 E.01878
G1 X100.043 Y113.467 E.01878
;WIDTH:0.526123
G1 X100.048 Y112.948 E.01877
;WIDTH:0.52467
G1 X100.16 Y112.441 E.01872
;WIDTH:0.522054
G1 X100.375 Y111.968 E.01863
;WIDTH:0.520625
G1 X100.696 Y111.541 E.0191
;WIDTH:0.524671
G1 X101.076 Y111.209 E.0182
;WIDTH:0.526122
G1 X101.528 Y110.955 E.01878
;WIDTH:0.526412
G1 X102.024 Y110.799 E.01878
G1 X102.54 Y110.75 E.01878
;WIDTH:0.52554
G1 X103.056 Y110.808 E.01875
;WIDTH:0.523507
G1 X103.511 Y110.96 E.01724
G1 E-.84 F2400
;WIPE_START
G1 F3600
G1 X103.996 Y111.237 E-.20118
G1 X104.32 Y111.536 E-.15882
;WIPE_END
G17
G3 Z6 I-.736 J-.969 P1  F9000
G1 X100.776 Y114.226 Z6
G1 Z5.6
G1 E1.2 F1800
;WIDTH:0.526412
G1 F1200
G1 X100.612 Y113.849 E.01486
G1 X100.526 Y113.448 E.01485
;WIDTH:0.526123
G1 X100.521 Y113.037 E.01486
;WIDTH:0.52467
G1 X100.599 Y112.633 E.01485
;WIDTH:0.522054
G1 X100.791 Y112.204 E.01683
;WIDTH:0.518732
G1 X101.088 Y111.822 E.01723
;WIDTH:0.516453
G1 X101.467 Y111.522 E.01714
;WIDTH:0.515378
G1 X101.907 Y111.321 E.0171
;WIDTH:0.516593
G1 X102.382 Y111.23 E.01715
;WIDTH:0.523507
G1 X102.915 Y111.268 E.01921
G1 X103.329 Y111.396 E.01559
;WIDTH:0.520307
G1 X103.744 Y111.646 E.01729
;WIDTH:0.517445
G1 X104.087 Y111.986 E.01718
;WIDTH:0.515746
G1 X104.34 Y112.399 E.01711
G1 X104.487 Y112.86 E.01712
;WIDTH:0.524669
G1 X104.509 Y113.429 E.02054
G1 X104.431 Y113.833 E.01485
;WIDTH:0.522054
G1 X104.24 Y114.262 E.01683
;WIDTH:0.51873
G1 X103.943 Y114.644 E.01723
;WIDTH:0.516451
G1 X103.563 Y114.944 E.01714
;WIDTH:0.515376
G1 X103.123 Y115.145 E.0171
;WIDTH:0.516592
G1 X102.648 Y115.235 E.01715
;WIDTH:0.523506
G1 X102.115 Y115.198 E.01921
G1 X101.701 Y115.07 E.01559
;WIDTH:0.520308
G1 X101.286 Y114.82 E.01729
;WIDTH:0.517446
G1 X100.943 Y114.48 E.01718
;WIDTH:0.525542
G1 X100.798 Y114.259 E.00953
; stop printing object OrangePi-Spacer.stl id:8761013144 copy 0
G1 E-.84 F2400
;WIPE_START
G1 F3600
G1 X100.612 Y113.849 E-.16205
G1 X100.526 Y113.448 E-.14779
G1 X100.524 Y113.309 E-.05015
;WIPE_END
;LAYER_CHANGE
;Z:5.8
;HEIGHT:0.2
;BEFORE_LAYER_CHANGE
;5.8
G92 E0

;_SET_FAN_SPEED_CHANGING_LAYER
; printing object OrangePi-Spacer.stl id:8761013144 copy 0
G1 Z6.2 F9000
G1 X118.734 Y111.108
G1 Z5.8
G1 E1.2 F1800
;WIDTH:0.520623
G1 F1200
G1 X119.162 Y111.429 E.0191
;WIDTH:0.52467
G1 X119.494 Y111.809 E.0182
;WIDTH:0.52612
G1 X119.748 Y112.261 E.01878
;WIDTH:0.526411
G1 X119.904 Y112.757 E.01878
G1 X119.953 Y113.273 E.01878
;WIDTH:0.52554
G1 X119.895 Y113.789 E.01875
;WIDTH:0.523506
G1 X119.73 Y114.282 E.01868
;WIDTH:0.520549
G1 X119.466 Y114.729 E.01857
;WIDTH:0.523506
G1 X119.113 Y115.111 E.01869
;WIDTH:0.525541
G1 X118.69 Y115.411 E.01876
;WIDTH:0.526411
G1 X118.213 Y115.617 E.01878
G1 X117.704 Y115.72 E.01878
;WIDTH:0.526121
G1 X117.185 Y115.715 E.01877
;WIDTH:0.524669
G1 X116.678 Y115.604 E.01872
;WIDTH:0.522052
G1 X116.205 Y115.388 E.01863
;WIDTH:0.520626
G1 X115.778 Y115.067 E.0191
;WIDTH:0.524671
G1 X115.446 Y114.687 E.0182
;WIDTH:0.526122
G1 X115.191 Y114.235 E.01878
;WIDTH:0.526412
G1 X115.036 Y113.739 E.01878
G1 X114.987 Y113.223 E.01878
;WIDTH:0.525542
G1 X115.045 Y112.707 E.01875
;WIDTH:0.523508
G1 X115.209 Y112.214 E.01868
;WIDTH:0.520549
G1 X115.474 Y111.767 E.01857
;WIDTH:0.523509
G1 X115.826 Y111.385 E.01869
;WIDTH:0.525542
G1 X116.25 Y111.085 E.01876
;WIDTH:0.526413
G1 X116.727 Y110.879 E.01878
G1 X117.235 Y110.776 E.01878
;WIDTH:0.526123
G1 X117.755 Y110.781 E.01877
;WIDTH:0.524668
G1 X118.262 Y110.892 E.01872
;WIDTH:0.522053
G1 X118.698 Y111.091 E.01719
G1 X117.103 Y111.276 F9000
;WIDTH:0.524668
G1 F1200
G1 X117.666 Y111.254 E.02031
G1 X118.07 Y111.332 E.01485
;WIDTH:0.522053
G1 X118.499 Y111.524 E.01683
;WIDTH:0.51873
G1 X118.881 Y111.821 E.01723
;WIDTH:0.51645
G1 X119.181 Y112.2 E.01714
;WIDTH:0.515376
G1 X119.382 Y112.64 E.0171
;WIDTH:0.516592
G1 X119.472 Y113.115 E.01715
;WIDTH:0.523506
G1 X119.435 Y113.648 E.01921
G1 X119.306 Y114.062 E.01559
;WIDTH:0.520307
G1 X119.057 Y114.477 E.01729
;WIDTH:0.517445
G1 X118.717 Y114.82 E.01718
;WIDTH:0.515746
G1 X118.304 Y115.073 E.01711
G1 X117.843 Y115.22 E.01712
;WIDTH:0.524669
G1 X117.274 Y115.242 E.02054
G1 X116.87 Y115.164 E.01485
;WIDTH:0.522052
G1 X116.441 Y114.972 E.01683
;WIDTH:0.518731
G1 X116.059 Y114.675 E.01723
;WIDTH:0.516451
G1 X115.759 Y114.296 E.01714
;WIDTH:0.515377
G1 X115.558 Y113.856 E.0171
;WIDTH:0.516592
G1 X115.467 Y113.381 E.01715
;WIDTH:0.523508
G1 X115.505 Y112.848 E.01921
G1 X115.633 Y112.434 E.01559
;WIDTH:0.520309
G1 X115.882 Y112.019 E.01729
;WIDTH:0.517447
G1 X116.223 Y111.676 E.01718
;WIDTH:0.515747
G1 X116.636 Y111.423 E.01711
G1 X117.064 Y111.287 E.01593
; stop printing object OrangePi-Spacer.stl id:8761013144 copy 0
; printing object OrangePi-Spacer.stl id:29074711 copy 0
G1 E-.84 F2400
;WIPE_START
G1 F3600
G1 X117.666 Y111.254 E-.2168
G1 X118.056 Y111.329 E-.1432
;WIPE_END
G17
G3 Z6.2 I1.096 J-.53 P1  F9000
G1 X114.759 Y104.506 Z6.2
G1 Z5.8
G1 E1.2 F1800
;WIDTH:0.520548
G1 F1200
G1 X115.207 Y104.771 E.01857
;WIDTH:0.523506
G1 X115.588 Y105.123 E.01869
;WIDTH:0.525541
G1 X115.888 Y105.547 E.01876
;WIDTH:0.526411
G1 X116.094 Y106.024 E.01878
G1 X116.197 Y106.533 E.01878
;WIDTH:0.526122
G1 X116.193 Y107.052 E.01877
;WIDTH:0.524669
G1 X116.081 Y107.559 E.01872
;WIDTH:0.522053
G1 X115.866 Y108.032 E.01863
;WIDTH:0.520624
G1 X115.545 Y108.459 E.0191
;WIDTH:0.524669
G1 X115.165 Y108.791 E.0182
;WIDTH:0.52612
G1 X114.712 Y109.045 E.01878
;WIDTH:0.52641
G1 X114.217 Y109.201 E.01878
G1 X113.7 Y109.25 E.01878
;WIDTH:0.525541
G1 X113.184 Y109.192 E.01875
;WIDTH:0.523505
G1 X112.692 Y109.028 E.01868
;WIDTH:0.520549
G1 X112.244 Y108.763 E.01857
;WIDTH:0.523507
G1 X111.862 Y108.411 E.01869
;WIDTH:0.525542
G1 X111.562 Y107.987 E.01876
;WIDTH:0.526412
G1 X111.356 Y107.51 E.01878
G1 X111.254 Y107.001 E.01878
;WIDTH:0.526123
G1 X111.258 Y106.482 E.01877
;WIDTH:0.52467
G1 X111.37 Y105.975 E.01872
;WIDTH:0.522054
G1 X111.585 Y105.502 E.01863
;WIDTH:0.520625
G1 X111.906 Y105.075 E.0191
;WIDTH:0.524671
G1 X112.286 Y104.743 E.0182
;WIDTH:0.526122
G1 X112.739 Y104.489 E.01878
;WIDTH:0.526412
G1 X113.234 Y104.333 E.01878
G1 X113.751 Y104.284 E.01878
;WIDTH:0.52554
G1 X114.266 Y104.342 E.01875
;WIDTH:0.523505
G1 X114.721 Y104.494 E.01724
G1 E-.84 F2400
;WIPE_START
G1 F3600
G1 X115.207 Y104.771 E-.20118
G1 X115.531 Y105.07 E-.15882
;WIPE_END
G17
G3 Z6.2 I-.736 J-.969 P1  F9000
G1 X111.987 Y107.76 Z6.2
G1 Z5.8
G1 E1.2 F1800
;WIDTH:0.526412
G1 F1200
G1 X111.822 Y107.383 E.01486
G1 X111.736 Y106.982 E.01485
;WIDTH:0.526123
G1 X111.731 Y106.571 E.01486
;WIDTH:0.52467
G1 X111.809 Y106.167 E.01485
;WIDTH:0.522054
G1 X112.001 Y105.738 E.01683
;WIDTH:0.518732
G1 X112.298 Y105.356 E.01723
;WIDTH:0.516453
G1 X112.677 Y105.056 E.01714
;WIDTH:0.515378
G1 X113.117 Y104.855 E.0171
;WIDTH:0.516592
G1 X113.592 Y104.765 E.01715
;WIDTH:0.523505
G1 X114.125 Y104.802 E.01921
G1 X114.539 Y104.93 E.01559
;WIDTH:0.520307
G1 X114.954 Y105.18 E.01729
;WIDTH:0.517445
G1 X115.297 Y105.52 E.01718
;WIDTH:0.515746
G1 X115.55 Y105.933 E.01711
G1 X115.697 Y106.394 E.01712
;WIDTH:0.524669
G1 X115.719 Y106.963 E.02054
G1 X115.642 Y107.367 E.01485
;WIDTH:0.522053
G1 X115.45 Y107.796 E.01683
;WIDTH:0.518731
G1 X115.153 Y108.178 E.01723
;WIDTH:0.516451
G1 X114.774 Y108.478 E.01714
;WIDTH:0.515376
G1 X114.334 Y108.679 E.0171
;WIDTH:0.516592
G1 X113.858 Y108.77 E.01715
;WIDTH:0.523505
G1 X113.325 Y108.732 E.01921
G1 X112.912 Y108.604 E.01559
;WIDTH:0.520308
G1 X112.497 Y108.354 E.01729
;WIDTH:0.517446
G1 X112.153 Y108.014 E.01718
;WIDTH:0.525542
G1 X112.009 Y107.793 E.00953
; stop printing object OrangePi-Spacer.stl id:29074711 copy 0
; printing object OrangePi-Spacer.stl id:0 copy 0
G1 E-.84 F2400
;WIPE_START
G1 F3600
G1 X111.822 Y107.383 E-.16205
G1 X111.736 Y106.982 E-.14779
G1 X111.734 Y106.843 E-.05015
;WIPE_END
G17
G3 Z6.2 I-1.199 J-.208 P1  F9000
G1 X111.019 Y110.972 Z6.2
G1 Z5.8
G1 E1.2 F1800
;WIDTH:0.520548
G1 F1200
G1 X111.466 Y111.237 E.01857
;WIDTH:0.523506
G1 X111.848 Y111.589 E.01869
;WIDTH:0.525541
G1 X112.148 Y112.013 E.01876
;WIDTH:0.526411
G1 X112.354 Y112.49 E.01878
G1 X112.457 Y112.999 E.01878
;WIDTH:0.526122
G1 X112.452 Y113.518 E.01877
;WIDTH:0.524669
G1 X112.34 Y114.025 E.01872
;WIDTH:0.522053
G1 X112.125 Y114.498 E.01863
;WIDTH:0.520624
G1 X111.804 Y114.925 E.0191
;WIDTH:0.524669
G1 X111.424 Y115.257 E.0182
;WIDTH:0.52612
G1 X110.972 Y115.511 E.01878
;WIDTH:0.52641
G1 X110.476 Y115.667 E.01878
G1 X109.96 Y115.716 E.01878
;WIDTH:0.525541
G1 X109.444 Y115.658 E.01875
;WIDTH:0.523505
G1 X108.951 Y115.494 E.01868
;WIDTH:0.520549
G1 X108.504 Y115.229 E.01857
;WIDTH:0.523507
G1 X108.122 Y114.877 E.01869
;WIDTH:0.525542
G1 X107.822 Y114.453 E.01876
;WIDTH:0.526412
G1 X107.616 Y113.976 E.01878
G1 X107.513 Y113.467 E.01878
;WIDTH:0.526123
G1 X107.518 Y112.948 E.01877
;WIDTH:0.52467
G1 X107.629 Y112.441 E.01872
;WIDTH:0.522054
G1 X107.845 Y111.968 E.01863
;WIDTH:0.520625
G1 X108.166 Y111.541 E.0191
;WIDTH:0.524671
G1 X108.545 Y111.209 E.0182
;WIDTH:0.526122
G1 X108.998 Y110.955 E.01878
;WIDTH:0.526412
G1 X109.493 Y110.799 E.01878
G1 X110.01 Y110.75 E.01878
;WIDTH:0.52554
G1 X110.526 Y110.808 E.01875
;WIDTH:0.523505
G1 X110.981 Y110.96 E.01724
G1 E-.84 F2400
;WIPE_START
G1 F3600
G1 X111.466 Y111.237 E-.20118
G1 X111.79 Y111.536 E-.15882
;WIPE_END
G17
G3 Z6.2 I-.736 J-.969 P1  F9000
G1 X108.246 Y114.226 Z6.2
G1 Z5.8
G1 E1.2 F1800
;WIDTH:0.526412
G1 F1200
G1 X108.082 Y113.849 E.01486
G1 X107.995 Y113.448 E.01485
;WIDTH:0.526123
G1 X107.991 Y113.037 E.01486
;WIDTH:0.52467
G1 X108.069 Y112.633 E.01485
;WIDTH:0.522054
G1 X108.26 Y112.204 E.01683
;WIDTH:0.518732
G1 X108.557 Y111.822 E.01723
;WIDTH:0.516453
G1 X108.937 Y111.522 E.01714
;WIDTH:0.515378
G1 X109.377 Y111.321 E.0171
;WIDTH:0.516592
G1 X109.852 Y111.23 E.01715
;WIDTH:0.523505
G1 X110.385 Y111.268 E.01921
G1 X110.799 Y111.396 E.01559
;WIDTH:0.520307
G1 X111.214 Y111.646 E.01729
;WIDTH:0.517445
G1 X111.557 Y111.986 E.01718
;WIDTH:0.515746
G1 X111.809 Y112.399 E.01711
G1 X111.956 Y112.86 E.01712
;WIDTH:0.524669
G1 X111.979 Y113.429 E.02054
G1 X111.901 Y113.833 E.01485
;WIDTH:0.522053
G1 X111.709 Y114.262 E.01683
;WIDTH:0.518731
G1 X111.412 Y114.644 E.01723
;WIDTH:0.516451
G1 X111.033 Y114.944 E.01714
;WIDTH:0.515376
G1 X110.593 Y115.145 E.0171
;WIDTH:0.516592
G1 X110.118 Y115.235 E.01715
;WIDTH:0.523505
G1 X109.585 Y115.198 E.01921
G1 X109.171 Y115.07 E.01559
;WIDTH:0.520308
G1 X108.756 Y114.82 E.01729
;WIDTH:0.517446
G1 X108.413 Y114.48 E.01718
;WIDTH:0.525542
G1 X108.268 Y114.259 E.00953
; stop printing object OrangePi-Spacer.stl id:0 copy 0
; printing object OrangePi-Spacer.stl id:8761013144 copy 0
G1 E-.84 F2400
;WIPE_START
G1 F3600
G1 X108.082 Y113.849 E-.16205
G1 X107.995 Y113.448 E-.14779
G1 X107.994 Y113.309 E-.05015
;WIPE_END
G17
G3 Z6.2 I.566 J-1.077 P1  F9000
G1 X103.549 Y110.972 Z6.2
G1 Z5.8
G1 E1.2 F1800
;WIDTH:0.520548
G1 F1200
G1 X103.996 Y111.237 E.01857
;WIDTH:0.523506
G1 X104.378 Y111.589 E.01869
;WIDTH:0.525541
G1 X104.678 Y112.013 E.01876
;WIDTH:0.526411
G1 X104.884 Y112.49 E.01878
G1 X104.987 Y112.999 E.01878
;WIDTH:0.526122
G1 X104.982 Y113.518 E.01877
;WIDTH:0.524669
G1 X104.871 Y114.025 E.01872
;WIDTH:0.522053
G1 X104.655 Y114.498 E.01863
;WIDTH:0.520624
G1 X104.334 Y114.925 E.0191
;WIDTH:0.524669
G1 X103.955 Y115.257 E.0182
;WIDTH:0.52612
G1 X103.502 Y115.511 E.01878
;WIDTH:0.52641
G1 X103.007 Y115.667 E.01878
G1 X102.49 Y115.716 E.01878
;WIDTH:0.525541
G1 X101.974 Y115.658 E.01875
;WIDTH:0.523505
G1 X101.481 Y115.494 E.01868
;WIDTH:0.520549
G1 X101.034 Y115.229 E.01857
;WIDTH:0.523507
G1 X100.652 Y114.877 E.01869
;WIDTH:0.525542
G1 X100.352 Y114.453 E.01876
;WIDTH:0.526412
G1 X100.146 Y113.976 E.01878
G1 X100.043 Y113.467 E.01878
;WIDTH:0.526123
G1 X100.048 Y112.948 E.01877
;WIDTH:0.52467
G1 X100.16 Y112.441 E.01872
;WIDTH:0.522054
G1 X100.375 Y111.968 E.01863
;WIDTH:0.520625
G1 X100.696 Y111.541 E.0191
;WIDTH:0.524671
G1 X101.076 Y111.209 E.0182
;WIDTH:0.526122
G1 X101.528 Y110.955 E.01878
;WIDTH:0.526412
G1 X102.024 Y110.799 E.01878
G1 X102.54 Y110.75 E.01878
;WIDTH:0.52554
G1 X103.056 Y110.808 E.01875
;WIDTH:0.523505
G1 X103.511 Y110.96 E.01724
G1 E-.84 F2400
;WIPE_START
G1 F3600
G1 X103.996 Y111.237 E-.20118
G1 X104.32 Y111.536 E-.15882
;WIPE_END
G17
G3 Z6.2 I-.736 J-.969 P1  F9000
G1 X100.776 Y114.226 Z6.2
G1 Z5.8
G1 E1.2 F1800
;WIDTH:0.526412
G1 F1200
G1 X100.612 Y113.849 E.01486
G1 X100.526 Y113.448 E.01485
;WIDTH:0.526123
G1 X100.521 Y113.037 E.01486
;WIDTH:0.52467
G1 X100.599 Y112.633 E.01485
;WIDTH:0.522054
G1 X100.791 Y112.204 E.01683
;WIDTH:0.518732
G1 X101.088 Y111.822 E.01723
;WIDTH:0.516453
G1 X101.467 Y111.522 E.01714
;WIDTH:0.515378
G1 X101.907 Y111.321 E.0171
;WIDTH:0.516592
G1 X102.382 Y111.23 E.01715
;WIDTH:0.523505
G1 X102.915 Y111.268 E.01921
G1 X103.329 Y111.396 E.01559
;WIDTH:0.520307
G1 X103.744 Y111.646 E.01729
;WIDTH:0.517445
G1 X104.087 Y111.986 E.01718
;WIDTH:0.515746
G1 X104.34 Y112.399 E.01711
G1 X104.487 Y112.86 E.01712
;WIDTH:0.524669
G1 X104.509 Y113.429 E.02054
G1 X104.431 Y113.833 E.01485
;WIDTH:0.522053
G1 X104.24 Y114.262 E.01683
;WIDTH:0.518731
G1 X103.943 Y114.644 E.01723
;WIDTH:0.516451
G1 X103.563 Y114.944 E.01714
;WIDTH:0.515376
G1 X103.123 Y115.145 E.0171
;WIDTH:0.516592
G1 X102.648 Y115.235 E.01715
;WIDTH:0.523505
G1 X102.115 Y115.198 E.01921
G1 X101.701 Y115.07 E.01559
;WIDTH:0.520308
G1 X101.286 Y114.82 E.01729
;WIDTH:0.517446
G1 X100.943 Y114.48 E.01718
;WIDTH:0.525542
G1 X100.798 Y114.259 E.00953
; stop printing object OrangePi-Spacer.stl id:8761013144 copy 0
G1 E-.84 F2400
;WIPE_START
G1 F3600
G1 X100.612 Y113.849 E-.16205
G1 X100.526 Y113.448 E-.14779
G1 X100.524 Y113.309 E-.05015
;WIPE_END
;LAYER_CHANGE
;Z:6
;HEIGHT:0.2
;BEFORE_LAYER_CHANGE
;6
G92 E0

;_SET_FAN_SPEED_CHANGING_LAYER
; printing object OrangePi-Spacer.stl id:8761013144 copy 0
G1 Z6.4 F9000
G1 X118.734 Y111.108
G1 Z6
G1 E1.2 F1800
;WIDTH:0.520624
G1 F1200
G1 X119.162 Y111.429 E.0191
;WIDTH:0.52467
G1 X119.494 Y111.809 E.0182
;WIDTH:0.52612
G1 X119.748 Y112.261 E.01878
;WIDTH:0.526411
G1 X119.904 Y112.757 E.01878
G1 X119.953 Y113.273 E.01878
;WIDTH:0.52554
G1 X119.895 Y113.789 E.01875
;WIDTH:0.523506
G1 X119.73 Y114.282 E.01868
;WIDTH:0.520549
G1 X119.466 Y114.729 E.01857
;WIDTH:0.523506
G1 X119.113 Y115.111 E.01869
;WIDTH:0.52554
G1 X118.69 Y115.411 E.01876
;WIDTH:0.526411
G1 X118.213 Y115.617 E.01878
G1 X117.704 Y115.72 E.01878
;WIDTH:0.526121
G1 X117.185 Y115.715 E.01877
;WIDTH:0.524669
G1 X116.678 Y115.604 E.01872
;WIDTH:0.522052
G1 X116.205 Y115.388 E.01863
;WIDTH:0.520625
G1 X115.778 Y115.067 E.0191
;WIDTH:0.52467
G1 X115.446 Y114.687 E.0182
;WIDTH:0.526121
G1 X115.191 Y114.235 E.01878
;WIDTH:0.526412
G1 X115.036 Y113.739 E.01878
G1 X114.987 Y113.223 E.01878
;WIDTH:0.525542
G1 X115.045 Y112.707 E.01875
;WIDTH:0.523508
G1 X115.209 Y112.214 E.01868
;WIDTH:0.520549
G1 X115.474 Y111.767 E.01857
;WIDTH:0.523508
G1 X115.826 Y111.385 E.01869
;WIDTH:0.525542
G1 X116.25 Y111.085 E.01876
;WIDTH:0.526413
G1 X116.727 Y110.879 E.01878
G1 X117.235 Y110.776 E.01878
;WIDTH:0.526123
G1 X117.755 Y110.781 E.01877
;WIDTH:0.524667
G1 X118.262 Y110.892 E.01872
;WIDTH:0.522053
G1 X118.698 Y111.091 E.01719
G1 X117.103 Y111.276 F9000
;WIDTH:0.524667
G1 F1200
G1 X117.666 Y111.254 E.0203
G1 X118.07 Y111.332 E.01485
;WIDTH:0.522053
G1 X118.499 Y111.524 E.01683
;WIDTH:0.518731
G1 X118.881 Y111.821 E.01723
;WIDTH:0.516451
G1 X119.181 Y112.2 E.01714
;WIDTH:0.515376
G1 X119.382 Y112.64 E.0171
;WIDTH:0.516592
G1 X119.472 Y113.115 E.01715
;WIDTH:0.523506
G1 X119.435 Y113.648 E.01921
G1 X119.306 Y114.062 E.01559
;WIDTH:0.520307
G1 X119.057 Y114.477 E.01729
;WIDTH:0.517445
G1 X118.717 Y114.82 E.01718
;WIDTH:0.515745
G1 X118.304 Y115.073 E.01711
G1 X117.843 Y115.22 E.01712
;WIDTH:0.524669
G1 X117.274 Y115.242 E.02054
G1 X116.87 Y115.164 E.01485
;WIDTH:0.522052
G1 X116.441 Y114.972 E.01683
;WIDTH:0.518732
G1 X116.059 Y114.675 E.01723
;WIDTH:0.516451
G1 X115.759 Y114.296 E.01714
;WIDTH:0.515377
G1 X115.558 Y113.856 E.0171
;WIDTH:0.516592
G1 X115.467 Y113.381 E.01715
;WIDTH:0.523508
G1 X115.505 Y112.848 E.01921
G1 X115.633 Y112.434 E.01559
;WIDTH:0.520309
G1 X115.882 Y112.019 E.01729
;WIDTH:0.517447
G1 X116.223 Y111.676 E.01718
;WIDTH:0.515747
G1 X116.636 Y111.423 E.01711
G1 X117.065 Y111.287 E.01594
; stop printing object OrangePi-Spacer.stl id:8761013144 copy 0
; printing object OrangePi-Spacer.stl id:29074711 copy 0
G1 E-.84 F2400
;WIPE_START
G1 F3600
G1 X117.666 Y111.254 E-.21667
G1 X118.057 Y111.329 E-.14333
;WIPE_END
G17
G3 Z6.4 I1.096 J-.53 P1  F9000
G1 X114.759 Y104.506 Z6.4
G1 Z6
G1 E1.2 F1800
;WIDTH:0.520548
G1 F1200
G1 X115.207 Y104.771 E.01857
;WIDTH:0.523506
G1 X115.588 Y105.123 E.01869
;WIDTH:0.525541
G1 X115.888 Y105.547 E.01876
;WIDTH:0.526411
G1 X116.094 Y106.024 E.01878
G1 X116.197 Y106.533 E.01878
;WIDTH:0.526122
G1 X116.193 Y107.052 E.01877
;WIDTH:0.524669
G1 X116.081 Y107.559 E.01872
;WIDTH:0.522054
G1 X115.866 Y108.032 E.01863
;WIDTH:0.520624
G1 X115.545 Y108.459 E.0191
;WIDTH:0.524669
G1 X115.165 Y108.791 E.0182
;WIDTH:0.52612
G1 X114.712 Y109.045 E.01878
;WIDTH:0.52641
G1 X114.217 Y109.201 E.01878
G1 X113.7 Y109.25 E.01878
;WIDTH:0.525541
G1 X113.184 Y109.192 E.01875
;WIDTH:0.523505
G1 X112.692 Y109.028 E.01868
;WIDTH:0.520549
G1 X112.244 Y108.763 E.01857
;WIDTH:0.523507
G1 X111.862 Y108.411 E.01869
;WIDTH:0.525542
G1 X111.562 Y107.987 E.01876
;WIDTH:0.526412
G1 X111.356 Y107.51 E.01878
G1 X111.254 Y107.001 E.01878
;WIDTH:0.526123
G1 X111.258 Y106.482 E.01877
;WIDTH:0.52467
G1 X111.37 Y105.975 E.01872
;WIDTH:0.522053
G1 X111.585 Y105.502 E.01863
;WIDTH:0.520625
G1 X111.906 Y105.075 E.0191
;WIDTH:0.52467
G1 X112.286 Y104.743 E.0182
;WIDTH:0.526121
G1 X112.739 Y104.489 E.01878
;WIDTH:0.526412
G1 X113.234 Y104.333 E.01878
G1 X113.751 Y104.284 E.01878
;WIDTH:0.52554
G1 X114.266 Y104.342 E.01875
;WIDTH:0.523505
G1 X114.721 Y104.494 E.01724
G1 E-.84 F2400
;WIPE_START
G1 F3600
G1 X115.207 Y104.771 E-.20118
G1 X115.531 Y105.07 E-.15882
;WIPE_END
G17
G3 Z6.4 I-.736 J-.969 P1  F9000
G1 X111.987 Y107.76 Z6.4
G1 Z6
G1 E1.2 F1800
;WIDTH:0.526412
G1 F1200
G1 X111.822 Y107.383 E.01486
G1 X111.736 Y106.982 E.01485
;WIDTH:0.526123
G1 X111.731 Y106.571 E.01486
;WIDTH:0.52467
G1 X111.809 Y106.167 E.01485
;WIDTH:0.522053
G1 X112.001 Y105.738 E.01683
;WIDTH:0.518733
G1 X112.298 Y105.356 E.01723
;WIDTH:0.516452
G1 X112.677 Y105.056 E.01714
;WIDTH:0.515378
G1 X113.117 Y104.855 E.0171
;WIDTH:0.516592
G1 X113.592 Y104.765 E.01715
;WIDTH:0.523505
G1 X114.125 Y104.802 E.01921
G1 X114.539 Y104.93 E.01559
;WIDTH:0.520307
G1 X114.954 Y105.18 E.01729
;WIDTH:0.517445
G1 X115.297 Y105.52 E.01718
;WIDTH:0.515746
G1 X115.55 Y105.933 E.01711
G1 X115.697 Y106.394 E.01712
;WIDTH:0.524669
G1 X115.719 Y106.963 E.02054
G1 X115.642 Y107.367 E.01485
;WIDTH:0.522054
G1 X115.45 Y107.796 E.01683
;WIDTH:0.518731
G1 X115.153 Y108.178 E.01723
;WIDTH:0.51645
G1 X114.774 Y108.478 E.01714
;WIDTH:0.515376
G1 X114.334 Y108.679 E.0171
;WIDTH:0.516592
G1 X113.858 Y108.77 E.01715
;WIDTH:0.523505
G1 X113.325 Y108.732 E.01921
G1 X112.912 Y108.604 E.01559
;WIDTH:0.520308
G1 X112.497 Y108.354 E.01729
;WIDTH:0.517446
G1 X112.153 Y108.014 E.01718
;WIDTH:0.525542
G1 X112.009 Y107.793 E.00953
; stop printing object OrangePi-Spacer.stl id:29074711 copy 0
; printing object OrangePi-Spacer.stl id:0 copy 0
G1 E-.84 F2400
;WIPE_START
G1 F3600
G1 X111.822 Y107.383 E-.16205
G1 X111.736 Y106.982 E-.14779
G1 X111.734 Y106.843 E-.05015
;WIPE_END
G17
G3 Z6.4 I-1.199 J-.208 P1  F9000
G1 X111.019 Y110.972 Z6.4
G1 Z6
G1 E1.2 F1800
;WIDTH:0.520548
G1 F1200
G1 X111.466 Y111.237 E.01857
;WIDTH:0.523506
G1 X111.848 Y111.589 E.01869
;WIDTH:0.525541
G1 X112.148 Y112.013 E.01876
;WIDTH:0.526411
G1 X112.354 Y112.49 E.01878
G1 X112.457 Y112.999 E.01878
;WIDTH:0.526122
G1 X112.452 Y113.518 E.01877
;WIDTH:0.524669
G1 X112.34 Y114.025 E.01872
;WIDTH:0.522054
G1 X112.125 Y114.498 E.01863
;WIDTH:0.520624
G1 X111.804 Y114.925 E.0191
;WIDTH:0.524669
G1 X111.424 Y115.257 E.0182
;WIDTH:0.52612
G1 X110.972 Y115.511 E.01878
;WIDTH:0.52641
G1 X110.476 Y115.667 E.01878
G1 X109.96 Y115.716 E.01878
;WIDTH:0.525541
G1 X109.444 Y115.658 E.01875
;WIDTH:0.523505
G1 X108.951 Y115.494 E.01868
;WIDTH:0.520549
G1 X108.504 Y115.229 E.01857
;WIDTH:0.523507
G1 X108.122 Y114.877 E.01869
;WIDTH:0.525542
G1 X107.822 Y114.453 E.01876
;WIDTH:0.526412
G1 X107.616 Y113.976 E.01878
G1 X107.513 Y113.467 E.01878
;WIDTH:0.526123
G1 X107.518 Y112.948 E.01877
;WIDTH:0.52467
G1 X107.629 Y112.441 E.01872
;WIDTH:0.522053
G1 X107.845 Y111.968 E.01863
;WIDTH:0.520625
G1 X108.166 Y111.541 E.0191
;WIDTH:0.52467
G1 X108.545 Y111.209 E.0182
;WIDTH:0.526121
G1 X108.998 Y110.955 E.01878
;WIDTH:0.526412
G1 X109.493 Y110.799 E.01878
G1 X110.01 Y110.75 E.01878
;WIDTH:0.52554
G1 X110.526 Y110.808 E.01875
;WIDTH:0.523505
G1 X110.981 Y110.96 E.01724
G1 E-.84 F2400
;WIPE_START
G1 F3600
G1 X111.466 Y111.237 E-.20118
G1 X111.79 Y111.536 E-.15882
;WIPE_END
G17
G3 Z6.4 I-.736 J-.969 P1  F9000
G1 X108.246 Y114.226 Z6.4
G1 Z6
G1 E1.2 F1800
;WIDTH:0.526412
G1 F1200
G1 X108.082 Y113.849 E.01486
G1 X107.995 Y113.448 E.01485
;WIDTH:0.526123
G1 X107.991 Y113.037 E.01486
;WIDTH:0.52467
G1 X108.069 Y112.633 E.01485
;WIDTH:0.522053
G1 X108.26 Y112.204 E.01683
;WIDTH:0.518733
G1 X108.557 Y111.822 E.01723
;WIDTH:0.516452
G1 X108.937 Y111.522 E.01714
;WIDTH:0.515378
G1 X109.377 Y111.321 E.0171
;WIDTH:0.516592
G1 X109.852 Y111.23 E.01715
;WIDTH:0.523505
G1 X110.385 Y111.268 E.01921
G1 X110.799 Y111.396 E.01559
;WIDTH:0.520307
G1 X111.214 Y111.646 E.01729
;WIDTH:0.517445
G1 X111.557 Y111.986 E.01718
;WIDTH:0.515746
G1 X111.809 Y112.399 E.01711
G1 X111.956 Y112.86 E.01712
;WIDTH:0.524669
G1 X111.979 Y113.429 E.02054
G1 X111.901 Y113.833 E.01485
;WIDTH:0.522054
G1 X111.709 Y114.262 E.01683
;WIDTH:0.518731
G1 X111.412 Y114.644 E.01723
;WIDTH:0.51645
G1 X111.033 Y114.944 E.01714
;WIDTH:0.515376
G1 X110.593 Y115.145 E.0171
;WIDTH:0.516592
G1 X110.118 Y115.235 E.01715
;WIDTH:0.523505
G1 X109.585 Y115.198 E.01921
G1 X109.171 Y115.07 E.01559
;WIDTH:0.520308
G1 X108.756 Y114.82 E.01729
;WIDTH:0.517446
G1 X108.413 Y114.48 E.01718
;WIDTH:0.525542
G1 X108.268 Y114.259 E.00953
; stop printing object OrangePi-Spacer.stl id:0 copy 0
; printing object OrangePi-Spacer.stl id:8761013144 copy 0
G1 E-.84 F2400
;WIPE_START
G1 F3600
G1 X108.082 Y113.849 E-.16205
G1 X107.995 Y113.448 E-.14779
G1 X107.994 Y113.309 E-.05015
;WIPE_END
G17
G3 Z6.4 I.566 J-1.077 P1  F9000
G1 X103.549 Y110.972 Z6.4
G1 Z6
G1 E1.2 F1800
;WIDTH:0.520548
G1 F1200
G1 X103.996 Y111.237 E.01857
;WIDTH:0.523506
G1 X104.378 Y111.589 E.01869
;WIDTH:0.525541
G1 X104.678 Y112.013 E.01876
;WIDTH:0.526411
G1 X104.884 Y112.49 E.01878
G1 X104.987 Y112.999 E.01878
;WIDTH:0.526122
G1 X104.982 Y113.518 E.01877
;WIDTH:0.524669
G1 X104.871 Y114.025 E.01872
;WIDTH:0.522054
G1 X104.655 Y114.498 E.01863
;WIDTH:0.520624
G1 X104.334 Y114.925 E.0191
;WIDTH:0.524669
G1 X103.955 Y115.257 E.0182
;WIDTH:0.52612
G1 X103.502 Y115.511 E.01878
;WIDTH:0.52641
G1 X103.007 Y115.667 E.01878
G1 X102.49 Y115.716 E.01878
;WIDTH:0.525541
G1 X101.974 Y115.658 E.01875
;WIDTH:0.523505
G1 X101.481 Y115.494 E.01868
;WIDTH:0.520549
G1 X101.034 Y115.229 E.01857
;WIDTH:0.523507
G1 X100.652 Y114.877 E.01869
;WIDTH:0.525542
G1 X100.352 Y114.453 E.01876
;WIDTH:0.526412
G1 X100.146 Y113.976 E.01878
G1 X100.043 Y113.467 E.01878
;WIDTH:0.526123
G1 X100.048 Y112.948 E.01877
;WIDTH:0.52467
G1 X100.16 Y112.441 E.01872
;WIDTH:0.522053
G1 X100.375 Y111.968 E.01863
;WIDTH:0.520625
G1 X100.696 Y111.541 E.0191
;WIDTH:0.52467
G1 X101.076 Y111.209 E.0182
;WIDTH:0.526121
G1 X101.528 Y110.955 E.01878
;WIDTH:0.526412
G1 X102.024 Y110.799 E.01878
G1 X102.54 Y110.75 E.01878
;WIDTH:0.52554
G1 X103.056 Y110.808 E.01875
;WIDTH:0.523505
G1 X103.511 Y110.96 E.01724
G1 E-.84 F2400
;WIPE_START
G1 F3600
G1 X103.996 Y111.237 E-.20118
G1 X104.32 Y111.536 E-.15882
;WIPE_END
G17
G3 Z6.4 I-.736 J-.969 P1  F9000
G1 X100.776 Y114.226 Z6.4
G1 Z6
G1 E1.2 F1800
;WIDTH:0.526412
G1 F1200
G1 X100.612 Y113.849 E.01486
G1 X100.526 Y113.448 E.01485
;WIDTH:0.526123
G1 X100.521 Y113.037 E.01486
;WIDTH:0.52467
G1 X100.599 Y112.633 E.01485
;WIDTH:0.522053
G1 X100.791 Y112.204 E.01683
;WIDTH:0.518733
G1 X101.088 Y111.822 E.01723
;WIDTH:0.516452
G1 X101.467 Y111.522 E.01714
;WIDTH:0.515378
G1 X101.907 Y111.321 E.0171
;WIDTH:0.516592
G1 X102.382 Y111.23 E.01715
;WIDTH:0.523505
G1 X102.915 Y111.268 E.01921
G1 X103.329 Y111.396 E.01559
;WIDTH:0.520307
G1 X103.744 Y111.646 E.01729
;WIDTH:0.517445
G1 X104.087 Y111.986 E.01718
;WIDTH:0.515746
G1 X104.34 Y112.399 E.01711
G1 X104.487 Y112.86 E.01712
;WIDTH:0.524669
G1 X104.509 Y113.429 E.02054
G1 X104.431 Y113.833 E.01485
;WIDTH:0.522054
G1 X104.24 Y114.262 E.01683
;WIDTH:0.518731
G1 X103.943 Y114.644 E.01723
;WIDTH:0.51645
G1 X103.563 Y114.944 E.01714
;WIDTH:0.515376
G1 X103.123 Y115.145 E.0171
;WIDTH:0.516592
G1 X102.648 Y115.235 E.01715
;WIDTH:0.523505
G1 X102.115 Y115.198 E.01921
G1 X101.701 Y115.07 E.01559
;WIDTH:0.520308
G1 X101.286 Y114.82 E.01729
;WIDTH:0.517446
G1 X100.943 Y114.48 E.01718
;WIDTH:0.525542
G1 X100.798 Y114.259 E.00953
; stop printing object OrangePi-Spacer.stl id:8761013144 copy 0
G1 E-.84 F2400
;WIPE_START
G1 F3600
G1 X100.612 Y113.849 E-.16205
G1 X100.526 Y113.448 E-.14779
G1 X100.524 Y113.309 E-.05015
;WIPE_END
;LAYER_CHANGE
;Z:6.2
;HEIGHT:0.2
;BEFORE_LAYER_CHANGE
;6.2
G92 E0

;_SET_FAN_SPEED_CHANGING_LAYER
; printing object OrangePi-Spacer.stl id:8761013144 copy 0
G1 Z6.6 F9000
G1 X118.734 Y111.108
G1 Z6.2
G1 E1.2 F1800
;WIDTH:0.520623
G1 F1200
G1 X119.162 Y111.429 E.0191
;WIDTH:0.52467
G1 X119.494 Y111.809 E.0182
;WIDTH:0.52612
G1 X119.748 Y112.261 E.01878
;WIDTH:0.526411
G1 X119.904 Y112.757 E.01878
G1 X119.953 Y113.273 E.01878
;WIDTH:0.52554
G1 X119.895 Y113.789 E.01875
;WIDTH:0.523506
G1 X119.73 Y114.282 E.01868
;WIDTH:0.520549
G1 X119.466 Y114.729 E.01857
;WIDTH:0.523506
G1 X119.113 Y115.111 E.01869
;WIDTH:0.525541
G1 X118.69 Y115.411 E.01876
;WIDTH:0.526411
G1 X118.213 Y115.617 E.01878
G1 X117.704 Y115.72 E.01878
;WIDTH:0.526121
G1 X117.185 Y115.715 E.01877
;WIDTH:0.524669
G1 X116.678 Y115.604 E.01872
;WIDTH:0.522052
G1 X116.205 Y115.388 E.01863
;WIDTH:0.520625
G1 X115.778 Y115.067 E.0191
;WIDTH:0.52467
G1 X115.446 Y114.687 E.0182
;WIDTH:0.526121
G1 X115.191 Y114.235 E.01878
;WIDTH:0.526412
G1 X115.036 Y113.739 E.01878
G1 X114.987 Y113.223 E.01878
;WIDTH:0.525542
G1 X115.045 Y112.707 E.01875
;WIDTH:0.523508
G1 X115.209 Y112.214 E.01868
;WIDTH:0.520549
G1 X115.474 Y111.767 E.01857
;WIDTH:0.523508
G1 X115.826 Y111.385 E.01869
;WIDTH:0.525542
G1 X116.25 Y111.085 E.01876
;WIDTH:0.526413
G1 X116.727 Y110.879 E.01878
G1 X117.235 Y110.776 E.01878
;WIDTH:0.526122
G1 X117.755 Y110.781 E.01877
;WIDTH:0.524667
G1 X118.262 Y110.892 E.01872
;WIDTH:0.522053
G1 X118.698 Y111.091 E.01719
G1 X117.104 Y111.276 F9000
;WIDTH:0.524667
G1 F1200
G1 X117.666 Y111.254 E.02028
G1 X118.07 Y111.332 E.01485
;WIDTH:0.522053
G1 X118.499 Y111.524 E.01683
;WIDTH:0.51873
G1 X118.881 Y111.821 E.01723
;WIDTH:0.51645
G1 X119.181 Y112.2 E.01714
;WIDTH:0.515376
G1 X119.382 Y112.64 E.0171
;WIDTH:0.516592
G1 X119.472 Y113.115 E.01715
;WIDTH:0.523506
G1 X119.435 Y113.648 E.01921
G1 X119.306 Y114.062 E.01559
;WIDTH:0.520307
G1 X119.057 Y114.477 E.01729
;WIDTH:0.517445
G1 X118.717 Y114.82 E.01718
;WIDTH:0.515746
G1 X118.304 Y115.073 E.01711
G1 X117.843 Y115.22 E.01712
;WIDTH:0.524669
G1 X117.274 Y115.242 E.02054
G1 X116.87 Y115.164 E.01485
;WIDTH:0.522052
G1 X116.441 Y114.972 E.01683
;WIDTH:0.518731
G1 X116.059 Y114.675 E.01723
;WIDTH:0.516451
G1 X115.759 Y114.296 E.01714
;WIDTH:0.515377
G1 X115.558 Y113.856 E.0171
;WIDTH:0.516593
G1 X115.467 Y113.381 E.01715
;WIDTH:0.523508
G1 X115.505 Y112.848 E.01921
G1 X115.633 Y112.434 E.01559
;WIDTH:0.520309
G1 X115.882 Y112.019 E.01729
;WIDTH:0.517447
G1 X116.223 Y111.676 E.01718
;WIDTH:0.515747
G1 X116.636 Y111.423 E.01711
G1 X117.065 Y111.286 E.01595
; stop printing object OrangePi-Spacer.stl id:8761013144 copy 0
; printing object OrangePi-Spacer.stl id:29074711 copy 0
G1 E-.84 F2400
;WIPE_START
G1 F3600
G1 X117.666 Y111.254 E-.21654
G1 X118.057 Y111.329 E-.14346
;WIPE_END
G17
G3 Z6.6 I1.096 J-.53 P1  F9000
G1 X114.759 Y104.506 Z6.6
G1 Z6.2
G1 E1.2 F1800
;WIDTH:0.520548
G1 F1200
G1 X115.207 Y104.771 E.01857
;WIDTH:0.523506
G1 X115.588 Y105.123 E.01869
;WIDTH:0.525541
G1 X115.888 Y105.547 E.01876
;WIDTH:0.526411
G1 X116.094 Y106.024 E.01878
G1 X116.197 Y106.533 E.01878
;WIDTH:0.526122
G1 X116.193 Y107.052 E.01877
;WIDTH:0.524669
G1 X116.081 Y107.559 E.01872
;WIDTH:0.522054
G1 X115.866 Y108.032 E.01863
;WIDTH:0.520624
G1 X115.545 Y108.459 E.0191
;WIDTH:0.524669
G1 X115.165 Y108.791 E.0182
;WIDTH:0.52612
G1 X114.712 Y109.045 E.01878
;WIDTH:0.52641
G1 X114.217 Y109.201 E.01878
G1 X113.7 Y109.25 E.01878
;WIDTH:0.525541
G1 X113.184 Y109.192 E.01875
;WIDTH:0.523506
G1 X112.692 Y109.028 E.01868
;WIDTH:0.520549
G1 X112.244 Y108.763 E.01857
;WIDTH:0.523507
G1 X111.862 Y108.411 E.01869
;WIDTH:0.525542
G1 X111.562 Y107.987 E.01876
;WIDTH:0.526412
G1 X111.356 Y107.51 E.01878
G1 X111.254 Y107.001 E.01878
;WIDTH:0.526123
G1 X111.258 Y106.482 E.01877
;WIDTH:0.52467
G1 X111.37 Y105.975 E.01872
;WIDTH:0.522054
G1 X111.585 Y105.502 E.01863
;WIDTH:0.520625
G1 X111.906 Y105.075 E.0191
;WIDTH:0.524671
G1 X112.286 Y104.743 E.0182
;WIDTH:0.526122
G1 X112.739 Y104.489 E.01878
;WIDTH:0.526412
G1 X113.234 Y104.333 E.01878
G1 X113.751 Y104.284 E.01878
;WIDTH:0.52554
G1 X114.266 Y104.342 E.01875
;WIDTH:0.523507
G1 X114.721 Y104.494 E.01724
G1 E-.84 F2400
;WIPE_START
G1 F3600
G1 X115.207 Y104.771 E-.20118
G1 X115.531 Y105.07 E-.15882
;WIPE_END
G17
G3 Z6.6 I-.736 J-.969 P1  F9000
G1 X111.987 Y107.76 Z6.6
G1 Z6.2
G1 E1.2 F1800
;WIDTH:0.526412
G1 F1200
G1 X111.822 Y107.383 E.01486
G1 X111.736 Y106.982 E.01485
;WIDTH:0.526123
G1 X111.731 Y106.571 E.01486
;WIDTH:0.52467
G1 X111.809 Y106.167 E.01485
;WIDTH:0.522054
G1 X112.001 Y105.738 E.01683
;WIDTH:0.518732
G1 X112.298 Y105.356 E.01723
;WIDTH:0.516451
G1 X112.677 Y105.056 E.01714
;WIDTH:0.515378
G1 X113.117 Y104.855 E.0171
;WIDTH:0.516593
G1 X113.592 Y104.765 E.01715
;WIDTH:0.523507
G1 X114.125 Y104.802 E.01921
G1 X114.539 Y104.93 E.01559
;WIDTH:0.520307
G1 X114.954 Y105.18 E.01729
;WIDTH:0.517445
G1 X115.297 Y105.52 E.01718
;WIDTH:0.515746
G1 X115.55 Y105.933 E.01711
G1 X115.697 Y106.394 E.01712
;WIDTH:0.524669
G1 X115.719 Y106.963 E.02054
G1 X115.642 Y107.367 E.01485
;WIDTH:0.522054
G1 X115.45 Y107.796 E.01683
;WIDTH:0.51873
G1 X115.153 Y108.178 E.01723
;WIDTH:0.516451
G1 X114.774 Y108.478 E.01714
;WIDTH:0.515376
G1 X114.334 Y108.679 E.0171
;WIDTH:0.516592
G1 X113.858 Y108.77 E.01715
;WIDTH:0.523506
G1 X113.325 Y108.732 E.01921
G1 X112.912 Y108.604 E.01559
;WIDTH:0.520308
G1 X112.497 Y108.354 E.01729
;WIDTH:0.517446
G1 X112.153 Y108.014 E.01718
;WIDTH:0.525542
G1 X112.009 Y107.793 E.00953
; stop printing object OrangePi-Spacer.stl id:29074711 copy 0
; printing object OrangePi-Spacer.stl id:0 copy 0
G1 E-.84 F2400
;WIPE_START
G1 F3600
G1 X111.822 Y107.383 E-.16205
G1 X111.736 Y106.982 E-.14779
G1 X111.734 Y106.843 E-.05015
;WIPE_END
G17
G3 Z6.6 I-1.199 J-.208 P1  F9000
G1 X111.019 Y110.972 Z6.6
G1 Z6.2
G1 E1.2 F1800
;WIDTH:0.520548
G1 F1200
G1 X111.466 Y111.237 E.01857
;WIDTH:0.523506
G1 X111.848 Y111.589 E.01869
;WIDTH:0.525541
G1 X112.148 Y112.013 E.01876
;WIDTH:0.526411
G1 X112.354 Y112.49 E.01878
G1 X112.457 Y112.999 E.01878
;WIDTH:0.526122
G1 X112.452 Y113.518 E.01877
;WIDTH:0.524669
G1 X112.34 Y114.025 E.01872
;WIDTH:0.522054
G1 X112.125 Y114.498 E.01863
;WIDTH:0.520624
G1 X111.804 Y114.925 E.0191
;WIDTH:0.524669
G1 X111.424 Y115.257 E.0182
;WIDTH:0.52612
G1 X110.972 Y115.511 E.01878
;WIDTH:0.52641
G1 X110.476 Y115.667 E.01878
G1 X109.96 Y115.716 E.01878
;WIDTH:0.525541
G1 X109.444 Y115.658 E.01875
;WIDTH:0.523506
G1 X108.951 Y115.494 E.01868
;WIDTH:0.520549
G1 X108.504 Y115.229 E.01857
;WIDTH:0.523507
G1 X108.122 Y114.877 E.01869
;WIDTH:0.525542
G1 X107.822 Y114.453 E.01876
;WIDTH:0.526412
G1 X107.616 Y113.976 E.01878
G1 X107.513 Y113.467 E.01878
;WIDTH:0.526123
G1 X107.518 Y112.948 E.01877
;WIDTH:0.52467
G1 X107.629 Y112.441 E.01872
;WIDTH:0.522054
G1 X107.845 Y111.968 E.01863
;WIDTH:0.520625
G1 X108.166 Y111.541 E.0191
;WIDTH:0.524671
G1 X108.545 Y111.209 E.0182
;WIDTH:0.526122
G1 X108.998 Y110.955 E.01878
;WIDTH:0.526412
G1 X109.493 Y110.799 E.01878
G1 X110.01 Y110.75 E.01878
;WIDTH:0.52554
G1 X110.526 Y110.808 E.01875
;WIDTH:0.523507
G1 X110.981 Y110.96 E.01724
G1 E-.84 F2400
;WIPE_START
G1 F3600
G1 X111.466 Y111.237 E-.20118
G1 X111.79 Y111.536 E-.15882
;WIPE_END
G17
G3 Z6.6 I-.736 J-.969 P1  F9000
G1 X108.246 Y114.226 Z6.6
G1 Z6.2
G1 E1.2 F1800
;WIDTH:0.526412
G1 F1200
G1 X108.082 Y113.849 E.01486
G1 X107.995 Y113.448 E.01485
;WIDTH:0.526123
G1 X107.991 Y113.037 E.01486
;WIDTH:0.52467
G1 X108.069 Y112.633 E.01485
;WIDTH:0.522054
G1 X108.26 Y112.204 E.01683
;WIDTH:0.518732
G1 X108.557 Y111.822 E.01723
;WIDTH:0.516451
G1 X108.937 Y111.522 E.01714
;WIDTH:0.515378
G1 X109.377 Y111.321 E.0171
;WIDTH:0.516593
G1 X109.852 Y111.23 E.01715
;WIDTH:0.523507
G1 X110.385 Y111.268 E.01921
G1 X110.799 Y111.396 E.01559
;WIDTH:0.520307
G1 X111.214 Y111.646 E.01729
;WIDTH:0.517445
G1 X111.557 Y111.986 E.01718
;WIDTH:0.515746
G1 X111.809 Y112.399 E.01711
G1 X111.956 Y112.86 E.01712
;WIDTH:0.524669
G1 X111.979 Y113.429 E.02054
G1 X111.901 Y113.833 E.01485
;WIDTH:0.522054
G1 X111.709 Y114.262 E.01683
;WIDTH:0.51873
G1 X111.412 Y114.644 E.01723
;WIDTH:0.516451
G1 X111.033 Y114.944 E.01714
;WIDTH:0.515376
G1 X110.593 Y115.145 E.0171
;WIDTH:0.516592
G1 X110.118 Y115.235 E.01715
;WIDTH:0.523506
G1 X109.585 Y115.198 E.01921
G1 X109.171 Y115.07 E.01559
;WIDTH:0.520308
G1 X108.756 Y114.82 E.01729
;WIDTH:0.517446
G1 X108.413 Y114.48 E.01718
;WIDTH:0.525542
G1 X108.268 Y114.259 E.00953
; stop printing object OrangePi-Spacer.stl id:0 copy 0
; printing object OrangePi-Spacer.stl id:8761013144 copy 0
G1 E-.84 F2400
;WIPE_START
G1 F3600
G1 X108.082 Y113.849 E-.16205
G1 X107.995 Y113.448 E-.14779
G1 X107.994 Y113.309 E-.05015
;WIPE_END
G17
G3 Z6.6 I.566 J-1.077 P1  F9000
G1 X103.549 Y110.972 Z6.6
G1 Z6.2
G1 E1.2 F1800
;WIDTH:0.520548
G1 F1200
G1 X103.996 Y111.237 E.01857
;WIDTH:0.523506
G1 X104.378 Y111.589 E.01869
;WIDTH:0.525541
G1 X104.678 Y112.013 E.01876
;WIDTH:0.526411
G1 X104.884 Y112.49 E.01878
G1 X104.987 Y112.999 E.01878
;WIDTH:0.526122
G1 X104.982 Y113.518 E.01877
;WIDTH:0.524669
G1 X104.871 Y114.025 E.01872
;WIDTH:0.522054
G1 X104.655 Y114.498 E.01863
;WIDTH:0.520624
G1 X104.334 Y114.925 E.0191
;WIDTH:0.524669
G1 X103.955 Y115.257 E.0182
;WIDTH:0.52612
G1 X103.502 Y115.511 E.01878
;WIDTH:0.52641
G1 X103.007 Y115.667 E.01878
G1 X102.49 Y115.716 E.01878
;WIDTH:0.525541
G1 X101.974 Y115.658 E.01875
;WIDTH:0.523506
G1 X101.481 Y115.494 E.01868
;WIDTH:0.520549
G1 X101.034 Y115.229 E.01857
;WIDTH:0.523507
G1 X100.652 Y114.877 E.01869
;WIDTH:0.525542
G1 X100.352 Y114.453 E.01876
;WIDTH:0.526412
G1 X100.146 Y113.976 E.01878
G1 X100.043 Y113.467 E.01878
;WIDTH:0.526123
G1 X100.048 Y112.948 E.01877
;WIDTH:0.52467
G1 X100.16 Y112.441 E.01872
;WIDTH:0.522054
G1 X100.375 Y111.968 E.01863
;WIDTH:0.520625
G1 X100.696 Y111.541 E.0191
;WIDTH:0.524671
G1 X101.076 Y111.209 E.0182
;WIDTH:0.526122
G1 X101.528 Y110.955 E.01878
;WIDTH:0.526412
G1 X102.024 Y110.799 E.01878
G1 X102.54 Y110.75 E.01878
;WIDTH:0.52554
G1 X103.056 Y110.808 E.01875
;WIDTH:0.523507
G1 X103.511 Y110.96 E.01724
G1 E-.84 F2400
;WIPE_START
G1 F3600
G1 X103.996 Y111.237 E-.20118
G1 X104.32 Y111.536 E-.15882
;WIPE_END
G17
G3 Z6.6 I-.736 J-.969 P1  F9000
G1 X100.776 Y114.226 Z6.6
G1 Z6.2
G1 E1.2 F1800
;WIDTH:0.526412
G1 F1200
G1 X100.612 Y113.849 E.01486
G1 X100.526 Y113.448 E.01485
;WIDTH:0.526123
G1 X100.521 Y113.037 E.01486
;WIDTH:0.52467
G1 X100.599 Y112.633 E.01485
;WIDTH:0.522054
G1 X100.791 Y112.204 E.01683
;WIDTH:0.518732
G1 X101.088 Y111.822 E.01723
;WIDTH:0.516451
G1 X101.467 Y111.522 E.01714
;WIDTH:0.515378
G1 X101.907 Y111.321 E.0171
;WIDTH:0.516593
G1 X102.382 Y111.23 E.01715
;WIDTH:0.523507
G1 X102.915 Y111.268 E.01921
G1 X103.329 Y111.396 E.01559
;WIDTH:0.520307
G1 X103.744 Y111.646 E.01729
;WIDTH:0.517445
G1 X104.087 Y111.986 E.01718
;WIDTH:0.515746
G1 X104.34 Y112.399 E.01711
G1 X104.487 Y112.86 E.01712
;WIDTH:0.524669
G1 X104.509 Y113.429 E.02054
G1 X104.431 Y113.833 E.01485
;WIDTH:0.522054
G1 X104.24 Y114.262 E.01683
;WIDTH:0.51873
G1 X103.943 Y114.644 E.01723
;WIDTH:0.516451
G1 X103.563 Y114.944 E.01714
;WIDTH:0.515376
G1 X103.123 Y115.145 E.0171
;WIDTH:0.516592
G1 X102.648 Y115.235 E.01715
;WIDTH:0.523506
G1 X102.115 Y115.198 E.01921
G1 X101.701 Y115.07 E.01559
;WIDTH:0.520308
G1 X101.286 Y114.82 E.01729
;WIDTH:0.517446
G1 X100.943 Y114.48 E.01718
;WIDTH:0.525542
G1 X100.798 Y114.259 E.00953
; stop printing object OrangePi-Spacer.stl id:8761013144 copy 0
G1 E-.84 F2400
;WIPE_START
G1 F3600
G1 X100.612 Y113.849 E-.16205
G1 X100.526 Y113.448 E-.14779
G1 X100.524 Y113.309 E-.05015
;WIPE_END
;LAYER_CHANGE
;Z:6.4
;HEIGHT:0.2
;BEFORE_LAYER_CHANGE
;6.4
G92 E0

;_SET_FAN_SPEED_CHANGING_LAYER
; printing object OrangePi-Spacer.stl id:8761013144 copy 0
G1 Z6.8 F9000
G1 X118.734 Y111.108
G1 Z6.4
G1 E1.2 F1800
;WIDTH:0.520624
G1 F1200
G1 X119.162 Y111.429 E.0191
;WIDTH:0.52467
G1 X119.494 Y111.809 E.0182
;WIDTH:0.52612
G1 X119.748 Y112.261 E.01878
;WIDTH:0.526411
G1 X119.904 Y112.757 E.01878
G1 X119.953 Y113.273 E.01878
;WIDTH:0.52554
G1 X119.895 Y113.789 E.01875
;WIDTH:0.523506
G1 X119.73 Y114.282 E.01868
;WIDTH:0.520549
G1 X119.466 Y114.729 E.01857
;WIDTH:0.523506
G1 X119.113 Y115.111 E.01869
;WIDTH:0.525541
G1 X118.69 Y115.411 E.01876
;WIDTH:0.526411
G1 X118.213 Y115.617 E.01878
G1 X117.704 Y115.72 E.01878
;WIDTH:0.526121
G1 X117.185 Y115.715 E.01877
;WIDTH:0.524669
G1 X116.678 Y115.604 E.01872
;WIDTH:0.522052
G1 X116.205 Y115.388 E.01863
;WIDTH:0.520625
G1 X115.778 Y115.067 E.0191
;WIDTH:0.52467
G1 X115.446 Y114.687 E.0182
;WIDTH:0.526121
G1 X115.191 Y114.235 E.01878
;WIDTH:0.526412
G1 X115.036 Y113.739 E.01878
G1 X114.987 Y113.223 E.01878
;WIDTH:0.525542
G1 X115.045 Y112.707 E.01875
;WIDTH:0.523507
G1 X115.209 Y112.214 E.01868
;WIDTH:0.520549
G1 X115.474 Y111.767 E.01857
;WIDTH:0.523508
G1 X115.826 Y111.385 E.01869
;WIDTH:0.525542
G1 X116.25 Y111.085 E.01876
;WIDTH:0.526413
G1 X116.727 Y110.879 E.01878
G1 X117.235 Y110.776 E.01878
;WIDTH:0.526122
G1 X117.755 Y110.781 E.01877
;WIDTH:0.524667
G1 X118.262 Y110.892 E.01872
;WIDTH:0.522053
G1 X118.698 Y111.091 E.01719
G1 X117.104 Y111.276 F9000
;WIDTH:0.524667
G1 F1200
G1 X117.666 Y111.254 E.02027
G1 X118.07 Y111.332 E.01485
;WIDTH:0.522053
G1 X118.499 Y111.524 E.01683
;WIDTH:0.51873
G1 X118.881 Y111.821 E.01723
;WIDTH:0.51645
G1 X119.181 Y112.2 E.01714
;WIDTH:0.515376
G1 X119.382 Y112.64 E.0171
;WIDTH:0.516592
G1 X119.472 Y113.115 E.01715
;WIDTH:0.523506
G1 X119.435 Y113.648 E.01921
G1 X119.306 Y114.062 E.01559
;WIDTH:0.520307
G1 X119.057 Y114.477 E.01729
;WIDTH:0.517445
G1 X118.717 Y114.82 E.01718
;WIDTH:0.515746
G1 X118.304 Y115.073 E.01711
G1 X117.843 Y115.22 E.01712
;WIDTH:0.524669
G1 X117.274 Y115.242 E.02054
G1 X116.87 Y115.164 E.01485
;WIDTH:0.522052
G1 X116.441 Y114.972 E.01683
;WIDTH:0.518731
G1 X116.059 Y114.675 E.01723
;WIDTH:0.516451
G1 X115.759 Y114.296 E.01714
;WIDTH:0.515377
G1 X115.558 Y113.856 E.0171
;WIDTH:0.516593
G1 X115.467 Y113.381 E.01715
;WIDTH:0.523507
G1 X115.505 Y112.848 E.01921
G1 X115.633 Y112.434 E.01559
;WIDTH:0.520309
G1 X115.882 Y112.019 E.01729
;WIDTH:0.517446
G1 X116.223 Y111.676 E.01718
;WIDTH:0.515747
G1 X116.636 Y111.423 E.01711
G1 X117.066 Y111.286 E.01597
; stop printing object OrangePi-Spacer.stl id:8761013144 copy 0
; printing object OrangePi-Spacer.stl id:29074711 copy 0
G1 E-.84 F2400
;WIPE_START
G1 F3600
G1 X117.666 Y111.254 E-.21641
G1 X118.057 Y111.329 E-.14359
;WIPE_END
G17
G3 Z6.8 I1.096 J-.53 P1  F9000
G1 X114.759 Y104.506 Z6.8
G1 Z6.4
G1 E1.2 F1800
;WIDTH:0.520548
G1 F1200
G1 X115.207 Y104.771 E.01857
;WIDTH:0.523506
G1 X115.588 Y105.123 E.01869
;WIDTH:0.525541
G1 X115.888 Y105.547 E.01876
;WIDTH:0.526411
G1 X116.094 Y106.024 E.01878
G1 X116.197 Y106.533 E.01878
;WIDTH:0.526122
G1 X116.193 Y107.052 E.01877
;WIDTH:0.524669
G1 X116.081 Y107.559 E.01872
;WIDTH:0.522053
G1 X115.866 Y108.032 E.01863
;WIDTH:0.520624
G1 X115.545 Y108.459 E.0191
;WIDTH:0.524669
G1 X115.165 Y108.791 E.0182
;WIDTH:0.52612
G1 X114.712 Y109.045 E.01878
;WIDTH:0.52641
G1 X114.217 Y109.201 E.01878
G1 X113.7 Y109.25 E.01878
;WIDTH:0.525541
G1 X113.184 Y109.192 E.01875
;WIDTH:0.523506
G1 X112.692 Y109.028 E.01868
;WIDTH:0.520549
G1 X112.244 Y108.763 E.01857
;WIDTH:0.523507
G1 X111.862 Y108.411 E.01869
;WIDTH:0.525542
G1 X111.562 Y107.987 E.01876
;WIDTH:0.526412
G1 X111.356 Y107.51 E.01878
G1 X111.254 Y107.001 E.01878
;WIDTH:0.526123
G1 X111.258 Y106.482 E.01877
;WIDTH:0.524669
G1 X111.37 Y105.975 E.01872
;WIDTH:0.522054
G1 X111.585 Y105.502 E.01863
;WIDTH:0.520625
G1 X111.906 Y105.075 E.0191
;WIDTH:0.52467
G1 X112.286 Y104.743 E.0182
;WIDTH:0.526121
G1 X112.739 Y104.489 E.01878
;WIDTH:0.526412
G1 X113.234 Y104.333 E.01878
G1 X113.751 Y104.284 E.01878
;WIDTH:0.52554
G1 X114.266 Y104.342 E.01875
;WIDTH:0.523507
G1 X114.721 Y104.494 E.01724
G1 E-.84 F2400
;WIPE_START
G1 F3600
G1 X115.207 Y104.771 E-.20118
G1 X115.531 Y105.07 E-.15882
;WIPE_END
G17
G3 Z6.8 I-.736 J-.969 P1  F9000
G1 X111.987 Y107.76 Z6.8
G1 Z6.4
G1 E1.2 F1800
;WIDTH:0.526412
G1 F1200
G1 X111.822 Y107.383 E.01486
G1 X111.736 Y106.982 E.01485
;WIDTH:0.526123
G1 X111.731 Y106.571 E.01486
;WIDTH:0.524669
G1 X111.809 Y106.167 E.01485
;WIDTH:0.522054
G1 X112.001 Y105.738 E.01683
;WIDTH:0.518732
G1 X112.298 Y105.356 E.01723
;WIDTH:0.516452
G1 X112.677 Y105.056 E.01714
;WIDTH:0.515378
G1 X113.117 Y104.855 E.0171
;WIDTH:0.516593
G1 X113.592 Y104.765 E.01715
;WIDTH:0.523507
G1 X114.125 Y104.802 E.01921
G1 X114.539 Y104.93 E.01559
;WIDTH:0.520307
G1 X114.954 Y105.18 E.01729
;WIDTH:0.517445
G1 X115.297 Y105.52 E.01718
;WIDTH:0.515746
G1 X115.55 Y105.933 E.01711
G1 X115.697 Y106.394 E.01712
;WIDTH:0.524669
G1 X115.719 Y106.963 E.02054
G1 X115.642 Y107.367 E.01485
;WIDTH:0.522053
G1 X115.45 Y107.796 E.01683
;WIDTH:0.518731
G1 X115.153 Y108.178 E.01723
;WIDTH:0.516451
G1 X114.774 Y108.478 E.01714
;WIDTH:0.515376
G1 X114.334 Y108.679 E.0171
;WIDTH:0.516592
G1 X113.858 Y108.77 E.01715
;WIDTH:0.523506
G1 X113.325 Y108.732 E.01921
G1 X112.912 Y108.604 E.01559
;WIDTH:0.520308
G1 X112.497 Y108.354 E.01729
;WIDTH:0.517445
G1 X112.153 Y108.014 E.01718
;WIDTH:0.525542
G1 X112.009 Y107.793 E.00953
; stop printing object OrangePi-Spacer.stl id:29074711 copy 0
; printing object OrangePi-Spacer.stl id:0 copy 0
G1 E-.84 F2400
;WIPE_START
G1 F3600
G1 X111.822 Y107.383 E-.16205
G1 X111.736 Y106.982 E-.14779
G1 X111.734 Y106.843 E-.05015
;WIPE_END
G17
G3 Z6.8 I-1.199 J-.208 P1  F9000
G1 X111.019 Y110.972 Z6.8
G1 Z6.4
G1 E1.2 F1800
;WIDTH:0.520548
G1 F1200
G1 X111.466 Y111.237 E.01857
;WIDTH:0.523506
G1 X111.848 Y111.589 E.01869
;WIDTH:0.525541
G1 X112.148 Y112.013 E.01876
;WIDTH:0.526411
G1 X112.354 Y112.49 E.01878
G1 X112.457 Y112.999 E.01878
;WIDTH:0.526122
G1 X112.452 Y113.518 E.01877
;WIDTH:0.524669
G1 X112.34 Y114.025 E.01872
;WIDTH:0.522053
G1 X112.125 Y114.498 E.01863
;WIDTH:0.520624
G1 X111.804 Y114.925 E.0191
;WIDTH:0.524669
G1 X111.424 Y115.257 E.0182
;WIDTH:0.52612
G1 X110.972 Y115.511 E.01878
;WIDTH:0.52641
G1 X110.476 Y115.667 E.01878
G1 X109.96 Y115.716 E.01878
;WIDTH:0.525541
G1 X109.444 Y115.658 E.01875
;WIDTH:0.523506
G1 X108.951 Y115.494 E.01868
;WIDTH:0.520549
G1 X108.504 Y115.229 E.01857
;WIDTH:0.523507
G1 X108.122 Y114.877 E.01869
;WIDTH:0.525542
G1 X107.822 Y114.453 E.01876
;WIDTH:0.526412
G1 X107.616 Y113.976 E.01878
G1 X107.513 Y113.467 E.01878
;WIDTH:0.526123
G1 X107.518 Y112.948 E.01877
;WIDTH:0.524669
G1 X107.629 Y112.441 E.01872
;WIDTH:0.522054
G1 X107.845 Y111.968 E.01863
;WIDTH:0.520625
G1 X108.166 Y111.541 E.0191
;WIDTH:0.52467
G1 X108.545 Y111.209 E.0182
;WIDTH:0.526121
G1 X108.998 Y110.955 E.01878
;WIDTH:0.526412
G1 X109.493 Y110.799 E.01878
G1 X110.01 Y110.75 E.01878
;WIDTH:0.52554
G1 X110.526 Y110.808 E.01875
;WIDTH:0.523507
G1 X110.981 Y110.96 E.01724
G1 E-.84 F2400
;WIPE_START
G1 F3600
G1 X111.466 Y111.237 E-.20118
G1 X111.79 Y111.536 E-.15882
;WIPE_END
G17
G3 Z6.8 I-.736 J-.969 P1  F9000
G1 X108.246 Y114.226 Z6.8
G1 Z6.4
G1 E1.2 F1800
;WIDTH:0.526412
G1 F1200
G1 X108.082 Y113.849 E.01486
G1 X107.995 Y113.448 E.01485
;WIDTH:0.526123
G1 X107.991 Y113.037 E.01486
;WIDTH:0.524669
G1 X108.069 Y112.633 E.01485
;WIDTH:0.522054
G1 X108.26 Y112.204 E.01683
;WIDTH:0.518732
G1 X108.557 Y111.822 E.01723
;WIDTH:0.516452
G1 X108.937 Y111.522 E.01714
;WIDTH:0.515378
G1 X109.377 Y111.321 E.0171
;WIDTH:0.516593
G1 X109.852 Y111.23 E.01715
;WIDTH:0.523507
G1 X110.385 Y111.268 E.01921
G1 X110.799 Y111.396 E.01559
;WIDTH:0.520307
G1 X111.214 Y111.646 E.01729
;WIDTH:0.517445
G1 X111.557 Y111.986 E.01718
;WIDTH:0.515746
G1 X111.809 Y112.399 E.01711
G1 X111.956 Y112.86 E.01712
;WIDTH:0.524669
G1 X111.979 Y113.429 E.02054
G1 X111.901 Y113.833 E.01485
;WIDTH:0.522053
G1 X111.709 Y114.262 E.01683
;WIDTH:0.518731
G1 X111.412 Y114.644 E.01723
;WIDTH:0.516451
G1 X111.033 Y114.944 E.01714
;WIDTH:0.515376
G1 X110.593 Y115.145 E.0171
;WIDTH:0.516592
G1 X110.118 Y115.235 E.01715
;WIDTH:0.523506
G1 X109.585 Y115.198 E.01921
G1 X109.171 Y115.07 E.01559
;WIDTH:0.520308
G1 X108.756 Y114.82 E.01729
;WIDTH:0.517445
G1 X108.413 Y114.48 E.01718
;WIDTH:0.525542
G1 X108.268 Y114.259 E.00953
; stop printing object OrangePi-Spacer.stl id:0 copy 0
; printing object OrangePi-Spacer.stl id:8761013144 copy 0
G1 E-.84 F2400
;WIPE_START
G1 F3600
G1 X108.082 Y113.849 E-.16205
G1 X107.995 Y113.448 E-.14779
G1 X107.994 Y113.309 E-.05015
;WIPE_END
G17
G3 Z6.8 I.566 J-1.077 P1  F9000
G1 X103.549 Y110.972 Z6.8
G1 Z6.4
G1 E1.2 F1800
;WIDTH:0.520548
G1 F1200
G1 X103.996 Y111.237 E.01857
;WIDTH:0.523506
G1 X104.378 Y111.589 E.01869
;WIDTH:0.525541
G1 X104.678 Y112.013 E.01876
;WIDTH:0.526411
G1 X104.884 Y112.49 E.01878
G1 X104.987 Y112.999 E.01878
;WIDTH:0.526122
G1 X104.982 Y113.518 E.01877
;WIDTH:0.524669
G1 X104.871 Y114.025 E.01872
;WIDTH:0.522053
G1 X104.655 Y114.498 E.01863
;WIDTH:0.520624
G1 X104.334 Y114.925 E.0191
;WIDTH:0.524669
G1 X103.955 Y115.257 E.0182
;WIDTH:0.52612
G1 X103.502 Y115.511 E.01878
;WIDTH:0.52641
G1 X103.007 Y115.667 E.01878
G1 X102.49 Y115.716 E.01878
;WIDTH:0.525541
G1 X101.974 Y115.658 E.01875
;WIDTH:0.523506
G1 X101.481 Y115.494 E.01868
;WIDTH:0.520549
G1 X101.034 Y115.229 E.01857
;WIDTH:0.523507
G1 X100.652 Y114.877 E.01869
;WIDTH:0.525542
G1 X100.352 Y114.453 E.01876
;WIDTH:0.526412
G1 X100.146 Y113.976 E.01878
G1 X100.043 Y113.467 E.01878
;WIDTH:0.526123
G1 X100.048 Y112.948 E.01877
;WIDTH:0.524669
G1 X100.16 Y112.441 E.01872
;WIDTH:0.522054
G1 X100.375 Y111.968 E.01863
;WIDTH:0.520625
G1 X100.696 Y111.541 E.0191
;WIDTH:0.52467
G1 X101.076 Y111.209 E.0182
;WIDTH:0.526121
G1 X101.528 Y110.955 E.01878
;WIDTH:0.526412
G1 X102.024 Y110.799 E.01878
G1 X102.54 Y110.75 E.01878
;WIDTH:0.52554
G1 X103.056 Y110.808 E.01875
;WIDTH:0.523507
G1 X103.511 Y110.96 E.01724
G1 E-.84 F2400
;WIPE_START
G1 F3600
G1 X103.996 Y111.237 E-.20118
G1 X104.32 Y111.536 E-.15882
;WIPE_END
G17
G3 Z6.8 I-.736 J-.969 P1  F9000
G1 X100.776 Y114.226 Z6.8
G1 Z6.4
G1 E1.2 F1800
;WIDTH:0.526412
G1 F1200
G1 X100.612 Y113.849 E.01486
G1 X100.526 Y113.448 E.01485
;WIDTH:0.526123
G1 X100.521 Y113.037 E.01486
;WIDTH:0.524669
G1 X100.599 Y112.633 E.01485
;WIDTH:0.522054
G1 X100.791 Y112.204 E.01683
;WIDTH:0.518732
G1 X101.088 Y111.822 E.01723
;WIDTH:0.516452
G1 X101.467 Y111.522 E.01714
;WIDTH:0.515378
G1 X101.907 Y111.321 E.0171
;WIDTH:0.516593
G1 X102.382 Y111.23 E.01715
;WIDTH:0.523507
G1 X102.915 Y111.268 E.01921
G1 X103.329 Y111.396 E.01559
;WIDTH:0.520307
G1 X103.744 Y111.646 E.01729
;WIDTH:0.517445
G1 X104.087 Y111.986 E.01718
;WIDTH:0.515746
G1 X104.34 Y112.399 E.01711
G1 X104.487 Y112.86 E.01712
;WIDTH:0.524669
G1 X104.509 Y113.429 E.02054
G1 X104.431 Y113.833 E.01485
;WIDTH:0.522053
G1 X104.24 Y114.262 E.01683
;WIDTH:0.518731
G1 X103.943 Y114.644 E.01723
;WIDTH:0.516451
G1 X103.563 Y114.944 E.01714
;WIDTH:0.515376
G1 X103.123 Y115.145 E.0171
;WIDTH:0.516592
G1 X102.648 Y115.235 E.01715
;WIDTH:0.523506
G1 X102.115 Y115.198 E.01921
G1 X101.701 Y115.07 E.01559
;WIDTH:0.520308
G1 X101.286 Y114.82 E.01729
;WIDTH:0.517445
G1 X100.943 Y114.48 E.01718
;WIDTH:0.525542
G1 X100.798 Y114.259 E.00953
; stop printing object OrangePi-Spacer.stl id:8761013144 copy 0
G1 E-.84 F2400
;WIPE_START
G1 F3600
G1 X100.612 Y113.849 E-.16205
G1 X100.526 Y113.448 E-.14779
G1 X100.524 Y113.309 E-.05015
;WIPE_END
;LAYER_CHANGE
;Z:6.6
;HEIGHT:0.2
;BEFORE_LAYER_CHANGE
;6.6
G92 E0

;_SET_FAN_SPEED_CHANGING_LAYER
; printing object OrangePi-Spacer.stl id:8761013144 copy 0
G1 Z7 F9000
G1 X118.734 Y111.108
G1 Z6.6
G1 E1.2 F1800
;WIDTH:0.520624
G1 F1200
G1 X119.162 Y111.429 E.0191
;WIDTH:0.52467
G1 X119.494 Y111.809 E.0182
;WIDTH:0.52612
G1 X119.748 Y112.261 E.01878
;WIDTH:0.526411
G1 X119.904 Y112.757 E.01878
G1 X119.953 Y113.273 E.01878
;WIDTH:0.52554
G1 X119.895 Y113.789 E.01875
;WIDTH:0.523505
G1 X119.73 Y114.282 E.01868
;WIDTH:0.520549
G1 X119.466 Y114.729 E.01857
;WIDTH:0.523506
G1 X119.113 Y115.111 E.01869
;WIDTH:0.525541
G1 X118.69 Y115.411 E.01876
;WIDTH:0.526412
G1 X118.213 Y115.617 E.01878
G1 X117.704 Y115.72 E.01878
;WIDTH:0.526121
G1 X117.185 Y115.715 E.01877
;WIDTH:0.524669
G1 X116.678 Y115.604 E.01872
;WIDTH:0.522052
G1 X116.205 Y115.388 E.01863
;WIDTH:0.520625
G1 X115.778 Y115.067 E.0191
;WIDTH:0.524671
G1 X115.446 Y114.687 E.0182
;WIDTH:0.526122
G1 X115.191 Y114.235 E.01878
;WIDTH:0.526412
G1 X115.036 Y113.739 E.01878
G1 X114.987 Y113.223 E.01878
;WIDTH:0.525542
G1 X115.045 Y112.707 E.01875
;WIDTH:0.523507
G1 X115.209 Y112.214 E.01868
;WIDTH:0.520548
G1 X115.474 Y111.767 E.01857
;WIDTH:0.523507
G1 X115.826 Y111.385 E.01869
;WIDTH:0.525542
G1 X116.25 Y111.085 E.01876
;WIDTH:0.526413
G1 X116.727 Y110.879 E.01878
G1 X117.235 Y110.776 E.01878
;WIDTH:0.526123
G1 X117.755 Y110.781 E.01877
;WIDTH:0.524668
G1 X118.262 Y110.892 E.01872
;WIDTH:0.522053
G1 X118.698 Y111.091 E.01719
G1 X117.104 Y111.276 F9000
;WIDTH:0.524668
G1 F1200
G1 X117.666 Y111.254 E.02026
G1 X118.07 Y111.332 E.01485
;WIDTH:0.522053
G1 X118.499 Y111.524 E.01683
;WIDTH:0.518731
G1 X118.881 Y111.821 E.01723
;WIDTH:0.516451
G1 X119.181 Y112.2 E.01714
;WIDTH:0.515376
G1 X119.382 Y112.64 E.0171
;WIDTH:0.516592
G1 X119.472 Y113.115 E.01715
;WIDTH:0.523505
G1 X119.435 Y113.648 E.01921
G1 X119.306 Y114.062 E.01559
;WIDTH:0.520307
G1 X119.057 Y114.477 E.01729
;WIDTH:0.517444
G1 X118.717 Y114.82 E.01718
;WIDTH:0.515747
G1 X118.304 Y115.073 E.01711
G1 X117.843 Y115.22 E.01712
;WIDTH:0.524669
G1 X117.274 Y115.242 E.02054
G1 X116.87 Y115.164 E.01485
;WIDTH:0.522052
G1 X116.441 Y114.972 E.01683
;WIDTH:0.518732
G1 X116.059 Y114.675 E.01723
;WIDTH:0.516451
G1 X115.759 Y114.296 E.01714
;WIDTH:0.515377
G1 X115.558 Y113.856 E.0171
;WIDTH:0.516592
G1 X115.467 Y113.381 E.01715
;WIDTH:0.523507
G1 X115.505 Y112.848 E.01921
G1 X115.633 Y112.434 E.01559
;WIDTH:0.520309
G1 X115.882 Y112.019 E.01729
;WIDTH:0.517446
G1 X116.223 Y111.676 E.01718
;WIDTH:0.515748
G1 X116.636 Y111.423 E.01711
G1 X117.066 Y111.286 E.01598
; stop printing object OrangePi-Spacer.stl id:8761013144 copy 0
; printing object OrangePi-Spacer.stl id:29074711 copy 0
G1 E-.84 F2400
;WIPE_START
G1 F3600
G1 X117.666 Y111.254 E-.21629
G1 X118.058 Y111.329 E-.14371
;WIPE_END
G17
G3 Z7 I1.096 J-.53 P1  F9000
G1 X114.759 Y104.506 Z7
G1 Z6.6
G1 E1.2 F1800
;WIDTH:0.520548
G1 F1200
G1 X115.207 Y104.771 E.01857
;WIDTH:0.523507
G1 X115.588 Y105.123 E.01869
;WIDTH:0.525541
G1 X115.888 Y105.547 E.01876
;WIDTH:0.526411
G1 X116.094 Y106.024 E.01878
G1 X116.197 Y106.533 E.01878
;WIDTH:0.526122
G1 X116.193 Y107.052 E.01877
;WIDTH:0.524669
G1 X116.081 Y107.559 E.01872
;WIDTH:0.522053
G1 X115.866 Y108.032 E.01863
;WIDTH:0.520624
G1 X115.545 Y108.459 E.0191
;WIDTH:0.524669
G1 X115.165 Y108.791 E.0182
;WIDTH:0.52612
G1 X114.712 Y109.045 E.01878
;WIDTH:0.52641
G1 X114.217 Y109.201 E.01878
G1 X113.7 Y109.25 E.01878
;WIDTH:0.525541
G1 X113.184 Y109.192 E.01875
;WIDTH:0.523505
G1 X112.692 Y109.028 E.01868
;WIDTH:0.520548
G1 X112.244 Y108.763 E.01857
;WIDTH:0.523507
G1 X111.862 Y108.411 E.01869
;WIDTH:0.525542
G1 X111.562 Y107.987 E.01876
;WIDTH:0.526413
G1 X111.356 Y107.51 E.01878
G1 X111.254 Y107.001 E.01878
;WIDTH:0.526123
G1 X111.258 Y106.482 E.01877
;WIDTH:0.52467
G1 X111.37 Y105.975 E.01872
;WIDTH:0.522054
G1 X111.585 Y105.502 E.01863
;WIDTH:0.520625
G1 X111.906 Y105.075 E.0191
;WIDTH:0.524671
G1 X112.286 Y104.743 E.0182
;WIDTH:0.526122
G1 X112.739 Y104.489 E.01878
;WIDTH:0.526412
G1 X113.234 Y104.333 E.01878
G1 X113.751 Y104.284 E.01878
;WIDTH:0.52554
G1 X114.266 Y104.342 E.01875
;WIDTH:0.523505
G1 X114.721 Y104.494 E.01724
G1 E-.84 F2400
;WIPE_START
G1 F3600
G1 X115.207 Y104.771 E-.20118
G1 X115.531 Y105.07 E-.15882
;WIPE_END
G17
G3 Z7 I-.736 J-.969 P1  F9000
G1 X111.987 Y107.76 Z7
G1 Z6.6
G1 E1.2 F1800
;WIDTH:0.526413
G1 F1200
G1 X111.822 Y107.383 E.01486
G1 X111.736 Y106.982 E.01485
;WIDTH:0.526123
G1 X111.731 Y106.571 E.01486
;WIDTH:0.52467
G1 X111.809 Y106.167 E.01485
;WIDTH:0.522054
G1 X112.001 Y105.738 E.01683
;WIDTH:0.518733
G1 X112.298 Y105.356 E.01723
;WIDTH:0.516452
G1 X112.677 Y105.056 E.01714
;WIDTH:0.515378
G1 X113.117 Y104.855 E.0171
;WIDTH:0.516592
G1 X113.592 Y104.765 E.01715
;WIDTH:0.523505
G1 X114.125 Y104.802 E.01921
G1 X114.539 Y104.93 E.01559
;WIDTH:0.520307
G1 X114.954 Y105.18 E.01729
;WIDTH:0.517444
G1 X115.297 Y105.52 E.01718
;WIDTH:0.515746
G1 X115.55 Y105.933 E.01711
G1 X115.697 Y106.394 E.01712
;WIDTH:0.524669
G1 X115.719 Y106.963 E.02054
G1 X115.642 Y107.367 E.01485
;WIDTH:0.522053
G1 X115.45 Y107.796 E.01683
;WIDTH:0.518731
G1 X115.153 Y108.178 E.01723
;WIDTH:0.516451
G1 X114.774 Y108.478 E.01714
;WIDTH:0.515376
G1 X114.334 Y108.679 E.0171
;WIDTH:0.516592
G1 X113.858 Y108.77 E.01715
;WIDTH:0.523505
G1 X113.325 Y108.732 E.01921
G1 X112.912 Y108.604 E.01559
;WIDTH:0.520308
G1 X112.497 Y108.354 E.01729
;WIDTH:0.517445
G1 X112.153 Y108.014 E.01718
;WIDTH:0.525542
G1 X112.009 Y107.793 E.00953
; stop printing object OrangePi-Spacer.stl id:29074711 copy 0
; printing object OrangePi-Spacer.stl id:0 copy 0
G1 E-.84 F2400
;WIPE_START
G1 F3600
G1 X111.822 Y107.383 E-.16206
G1 X111.736 Y106.982 E-.14779
G1 X111.734 Y106.843 E-.05015
;WIPE_END
G17
G3 Z7 I-1.199 J-.208 P1  F9000
G1 X111.019 Y110.972 Z7
G1 Z6.6
G1 E1.2 F1800
;WIDTH:0.520548
G1 F1200
G1 X111.466 Y111.237 E.01857
;WIDTH:0.523507
G1 X111.848 Y111.589 E.01869
;WIDTH:0.525541
G1 X112.148 Y112.013 E.01876
;WIDTH:0.526411
G1 X112.354 Y112.49 E.01878
G1 X112.457 Y112.999 E.01878
;WIDTH:0.526122
G1 X112.452 Y113.518 E.01877
;WIDTH:0.524669
G1 X112.34 Y114.025 E.01872
;WIDTH:0.522053
G1 X112.125 Y114.498 E.01863
;WIDTH:0.520624
G1 X111.804 Y114.925 E.0191
;WIDTH:0.524669
G1 X111.424 Y115.257 E.0182
;WIDTH:0.52612
G1 X110.972 Y115.511 E.01878
;WIDTH:0.52641
G1 X110.476 Y115.667 E.01878
G1 X109.96 Y115.716 E.01878
;WIDTH:0.525541
G1 X109.444 Y115.658 E.01875
;WIDTH:0.523505
G1 X108.951 Y115.494 E.01868
;WIDTH:0.520548
G1 X108.504 Y115.229 E.01857
;WIDTH:0.523507
G1 X108.122 Y114.877 E.01869
;WIDTH:0.525542
G1 X107.822 Y114.453 E.01876
;WIDTH:0.526413
G1 X107.616 Y113.976 E.01878
G1 X107.513 Y113.467 E.01878
;WIDTH:0.526123
G1 X107.518 Y112.948 E.01877
;WIDTH:0.52467
G1 X107.629 Y112.441 E.01872
;WIDTH:0.522054
G1 X107.845 Y111.968 E.01863
;WIDTH:0.520625
G1 X108.166 Y111.541 E.0191
;WIDTH:0.524671
G1 X108.545 Y111.209 E.0182
;WIDTH:0.526122
G1 X108.998 Y110.955 E.01878
;WIDTH:0.526412
G1 X109.493 Y110.799 E.01878
G1 X110.01 Y110.75 E.01878
;WIDTH:0.52554
G1 X110.526 Y110.808 E.01875
;WIDTH:0.523505
G1 X110.981 Y110.96 E.01724
G1 E-.84 F2400
;WIPE_START
G1 F3600
G1 X111.466 Y111.237 E-.20118
G1 X111.79 Y111.536 E-.15882
;WIPE_END
G17
G3 Z7 I-.736 J-.969 P1  F9000
G1 X108.246 Y114.226 Z7
G1 Z6.6
G1 E1.2 F1800
;WIDTH:0.526413
G1 F1200
G1 X108.082 Y113.849 E.01486
G1 X107.995 Y113.448 E.01485
;WIDTH:0.526123
G1 X107.991 Y113.037 E.01486
;WIDTH:0.52467
G1 X108.069 Y112.633 E.01485
;WIDTH:0.522054
G1 X108.26 Y112.204 E.01683
;WIDTH:0.518733
G1 X108.557 Y111.822 E.01723
;WIDTH:0.516452
G1 X108.937 Y111.522 E.01714
;WIDTH:0.515378
G1 X109.377 Y111.321 E.0171
;WIDTH:0.516592
G1 X109.852 Y111.23 E.01715
;WIDTH:0.523505
G1 X110.385 Y111.268 E.01921
G1 X110.799 Y111.396 E.01559
;WIDTH:0.520307
G1 X111.214 Y111.646 E.01729
;WIDTH:0.517444
G1 X111.557 Y111.986 E.01718
;WIDTH:0.515746
G1 X111.809 Y112.399 E.01711
G1 X111.956 Y112.86 E.01712
;WIDTH:0.524669
G1 X111.979 Y113.429 E.02054
G1 X111.901 Y113.833 E.01485
;WIDTH:0.522053
G1 X111.709 Y114.262 E.01683
;WIDTH:0.518731
G1 X111.412 Y114.644 E.01723
;WIDTH:0.516451
G1 X111.033 Y114.944 E.01714
;WIDTH:0.515376
G1 X110.593 Y115.145 E.0171
;WIDTH:0.516592
G1 X110.118 Y115.235 E.01715
;WIDTH:0.523505
G1 X109.585 Y115.198 E.01921
G1 X109.171 Y115.07 E.01559
;WIDTH:0.520308
G1 X108.756 Y114.82 E.01729
;WIDTH:0.517445
G1 X108.413 Y114.48 E.01718
;WIDTH:0.525542
G1 X108.268 Y114.259 E.00953
; stop printing object OrangePi-Spacer.stl id:0 copy 0
; printing object OrangePi-Spacer.stl id:8761013144 copy 0
G1 E-.84 F2400
;WIPE_START
G1 F3600
G1 X108.082 Y113.849 E-.16205
G1 X107.995 Y113.448 E-.14779
G1 X107.994 Y113.309 E-.05015
;WIPE_END
G17
G3 Z7 I.566 J-1.077 P1  F9000
G1 X103.549 Y110.972 Z7
G1 Z6.6
G1 E1.2 F1800
;WIDTH:0.520548
G1 F1200
G1 X103.996 Y111.237 E.01857
;WIDTH:0.523507
G1 X104.378 Y111.589 E.01869
;WIDTH:0.525541
G1 X104.678 Y112.013 E.01876
;WIDTH:0.526411
G1 X104.884 Y112.49 E.01878
G1 X104.987 Y112.999 E.01878
;WIDTH:0.526122
G1 X104.982 Y113.518 E.01877
;WIDTH:0.524669
G1 X104.871 Y114.025 E.01872
;WIDTH:0.522053
G1 X104.655 Y114.498 E.01863
;WIDTH:0.520624
G1 X104.334 Y114.925 E.0191
;WIDTH:0.524669
G1 X103.955 Y115.257 E.0182
;WIDTH:0.52612
G1 X103.502 Y115.511 E.01878
;WIDTH:0.52641
G1 X103.007 Y115.667 E.01878
G1 X102.49 Y115.716 E.01878
;WIDTH:0.525541
G1 X101.974 Y115.658 E.01875
;WIDTH:0.523505
G1 X101.481 Y115.494 E.01868
;WIDTH:0.520548
G1 X101.034 Y115.229 E.01857
;WIDTH:0.523507
G1 X100.652 Y114.877 E.01869
;WIDTH:0.525542
G1 X100.352 Y114.453 E.01876
;WIDTH:0.526413
G1 X100.146 Y113.976 E.01878
G1 X100.043 Y113.467 E.01878
;WIDTH:0.526123
G1 X100.048 Y112.948 E.01877
;WIDTH:0.52467
G1 X100.16 Y112.441 E.01872
;WIDTH:0.522054
G1 X100.375 Y111.968 E.01863
;WIDTH:0.520625
G1 X100.696 Y111.541 E.0191
;WIDTH:0.524671
G1 X101.076 Y111.209 E.0182
;WIDTH:0.526122
G1 X101.528 Y110.955 E.01878
;WIDTH:0.526412
G1 X102.024 Y110.799 E.01878
G1 X102.54 Y110.75 E.01878
;WIDTH:0.52554
G1 X103.056 Y110.808 E.01875
;WIDTH:0.523505
G1 X103.511 Y110.96 E.01724
G1 E-.84 F2400
;WIPE_START
G1 F3600
G1 X103.996 Y111.237 E-.20118
G1 X104.32 Y111.536 E-.15882
;WIPE_END
G17
G3 Z7 I-.736 J-.969 P1  F9000
G1 X100.776 Y114.226 Z7
G1 Z6.6
G1 E1.2 F1800
;WIDTH:0.526413
G1 F1200
G1 X100.612 Y113.849 E.01486
G1 X100.526 Y113.448 E.01485
;WIDTH:0.526123
G1 X100.521 Y113.037 E.01486
;WIDTH:0.52467
G1 X100.599 Y112.633 E.01485
;WIDTH:0.522054
G1 X100.791 Y112.204 E.01683
;WIDTH:0.518733
G1 X101.088 Y111.822 E.01723
;WIDTH:0.516452
G1 X101.467 Y111.522 E.01714
;WIDTH:0.515378
G1 X101.907 Y111.321 E.0171
;WIDTH:0.516592
G1 X102.382 Y111.23 E.01715
;WIDTH:0.523505
G1 X102.915 Y111.268 E.01921
G1 X103.329 Y111.396 E.01559
;WIDTH:0.520307
G1 X103.744 Y111.646 E.01729
;WIDTH:0.517444
G1 X104.087 Y111.986 E.01718
;WIDTH:0.515746
G1 X104.34 Y112.399 E.01711
G1 X104.487 Y112.86 E.01712
;WIDTH:0.524669
G1 X104.509 Y113.429 E.02054
G1 X104.431 Y113.833 E.01485
;WIDTH:0.522053
G1 X104.24 Y114.262 E.01683
;WIDTH:0.518731
G1 X103.943 Y114.644 E.01723
;WIDTH:0.516451
G1 X103.563 Y114.944 E.01714
;WIDTH:0.515376
G1 X103.123 Y115.145 E.0171
;WIDTH:0.516592
G1 X102.648 Y115.235 E.01715
;WIDTH:0.523505
G1 X102.115 Y115.198 E.01921
G1 X101.701 Y115.07 E.01559
;WIDTH:0.520308
G1 X101.286 Y114.82 E.01729
;WIDTH:0.517445
G1 X100.943 Y114.48 E.01718
;WIDTH:0.525542
G1 X100.798 Y114.259 E.00953
; stop printing object OrangePi-Spacer.stl id:8761013144 copy 0
G1 E-.84 F2400
;WIPE_START
G1 F3600
G1 X100.612 Y113.849 E-.16205
G1 X100.526 Y113.448 E-.14779
G1 X100.524 Y113.309 E-.05015
;WIPE_END
;LAYER_CHANGE
;Z:6.8
;HEIGHT:0.2
;BEFORE_LAYER_CHANGE
;6.8
G92 E0

;_SET_FAN_SPEED_CHANGING_LAYER
; printing object OrangePi-Spacer.stl id:8761013144 copy 0
G1 Z7.2 F9000
G1 X118.734 Y111.108
G1 Z6.8
G1 E1.2 F1800
;WIDTH:0.520623
G1 F1200
G1 X119.162 Y111.429 E.0191
;WIDTH:0.524669
G1 X119.494 Y111.809 E.0182
;WIDTH:0.52612
G1 X119.748 Y112.261 E.01878
;WIDTH:0.526411
G1 X119.904 Y112.757 E.01878
G1 X119.953 Y113.273 E.01878
;WIDTH:0.52554
G1 X119.895 Y113.789 E.01875
;WIDTH:0.523506
G1 X119.73 Y114.282 E.01868
;WIDTH:0.520549
G1 X119.466 Y114.729 E.01857
;WIDTH:0.523507
G1 X119.113 Y115.111 E.01869
;WIDTH:0.525541
G1 X118.69 Y115.411 E.01876
;WIDTH:0.526412
G1 X118.213 Y115.617 E.01878
G1 X117.704 Y115.72 E.01878
;WIDTH:0.526121
G1 X117.185 Y115.715 E.01877
;WIDTH:0.524669
G1 X116.678 Y115.604 E.01872
;WIDTH:0.522053
G1 X116.205 Y115.388 E.01863
;WIDTH:0.520625
G1 X115.778 Y115.067 E.0191
;WIDTH:0.52467
G1 X115.446 Y114.687 E.0182
;WIDTH:0.526122
G1 X115.191 Y114.235 E.01878
;WIDTH:0.526412
G1 X115.036 Y113.739 E.01878
G1 X114.987 Y113.223 E.01878
;WIDTH:0.525542
G1 X115.045 Y112.707 E.01875
;WIDTH:0.523508
G1 X115.209 Y112.214 E.01868
;WIDTH:0.520549
G1 X115.474 Y111.767 E.01857
;WIDTH:0.523507
G1 X115.826 Y111.385 E.01869
;WIDTH:0.525542
G1 X116.25 Y111.085 E.01876
;WIDTH:0.526413
G1 X116.727 Y110.879 E.01878
G1 X117.235 Y110.776 E.01878
;WIDTH:0.526123
G1 X117.755 Y110.781 E.01877
;WIDTH:0.524668
G1 X118.262 Y110.892 E.01872
;WIDTH:0.522053
G1 X118.698 Y111.091 E.01719
G1 X117.105 Y111.276 F9000
;WIDTH:0.524668
G1 F1200
G1 X117.666 Y111.254 E.02025
G1 X118.07 Y111.332 E.01485
;WIDTH:0.522053
G1 X118.499 Y111.524 E.01683
;WIDTH:0.518731
G1 X118.881 Y111.821 E.01723
;WIDTH:0.51645
G1 X119.181 Y112.2 E.01714
;WIDTH:0.515376
G1 X119.382 Y112.64 E.0171
;WIDTH:0.516592
G1 X119.472 Y113.115 E.01715
;WIDTH:0.523506
G1 X119.435 Y113.648 E.01921
G1 X119.306 Y114.062 E.01559
;WIDTH:0.520308
G1 X119.057 Y114.477 E.01729
;WIDTH:0.517445
G1 X118.717 Y114.82 E.01718
;WIDTH:0.515746
G1 X118.304 Y115.073 E.01711
G1 X117.843 Y115.22 E.01712
;WIDTH:0.524669
G1 X117.274 Y115.242 E.02054
G1 X116.87 Y115.164 E.01485
;WIDTH:0.522053
G1 X116.441 Y114.972 E.01683
;WIDTH:0.518731
G1 X116.059 Y114.675 E.01723
;WIDTH:0.51645
G1 X115.759 Y114.296 E.01714
;WIDTH:0.515376
G1 X115.558 Y113.856 E.0171
;WIDTH:0.516592
G1 X115.467 Y113.381 E.01715
;WIDTH:0.523508
G1 X115.505 Y112.848 E.01921
G1 X115.633 Y112.434 E.01559
;WIDTH:0.520309
G1 X115.882 Y112.019 E.01729
;WIDTH:0.517447
G1 X116.223 Y111.676 E.01718
;WIDTH:0.515747
G1 X116.636 Y111.423 E.01711
G1 X117.066 Y111.286 E.01599
; stop printing object OrangePi-Spacer.stl id:8761013144 copy 0
; printing object OrangePi-Spacer.stl id:29074711 copy 0
G1 E-.84 F2400
;WIPE_START
G1 F3600
G1 X117.666 Y111.254 E-.21617
G1 X118.058 Y111.329 E-.14383
;WIPE_END
G17
G3 Z7.2 I1.096 J-.53 P1  F9000
G1 X114.759 Y104.506 Z7.2
G1 Z6.8
G1 E1.2 F1800
;WIDTH:0.520548
G1 F1200
G1 X115.207 Y104.771 E.01857
;WIDTH:0.523506
G1 X115.588 Y105.123 E.01869
;WIDTH:0.525541
G1 X115.888 Y105.547 E.01876
;WIDTH:0.526411
G1 X116.094 Y106.024 E.01878
G1 X116.197 Y106.533 E.01878
;WIDTH:0.526122
G1 X116.193 Y107.052 E.01877
;WIDTH:0.524669
G1 X116.081 Y107.559 E.01872
;WIDTH:0.522054
G1 X115.866 Y108.032 E.01863
;WIDTH:0.520624
G1 X115.545 Y108.459 E.0191
;WIDTH:0.524668
G1 X115.165 Y108.791 E.0182
;WIDTH:0.52612
G1 X114.712 Y109.045 E.01878
;WIDTH:0.52641
G1 X114.217 Y109.201 E.01878
G1 X113.7 Y109.25 E.01878
;WIDTH:0.525541
G1 X113.184 Y109.192 E.01875
;WIDTH:0.523505
G1 X112.692 Y109.028 E.01868
;WIDTH:0.520549
G1 X112.244 Y108.763 E.01857
;WIDTH:0.523507
G1 X111.862 Y108.411 E.01869
;WIDTH:0.525542
G1 X111.562 Y107.987 E.01876
;WIDTH:0.526412
G1 X111.356 Y107.51 E.01878
G1 X111.254 Y107.001 E.01878
;WIDTH:0.526123
G1 X111.258 Y106.482 E.01877
;WIDTH:0.52467
G1 X111.37 Y105.975 E.01872
;WIDTH:0.522054
G1 X111.585 Y105.502 E.01863
;WIDTH:0.520624
G1 X111.906 Y105.075 E.0191
;WIDTH:0.524671
G1 X112.286 Y104.743 E.0182
;WIDTH:0.526122
G1 X112.739 Y104.489 E.01878
;WIDTH:0.526412
G1 X113.234 Y104.333 E.01878
G1 X113.751 Y104.284 E.01878
;WIDTH:0.52554
G1 X114.266 Y104.342 E.01875
;WIDTH:0.523505
G1 X114.721 Y104.494 E.01724
G1 E-.84 F2400
;WIPE_START
G1 F3600
G1 X115.207 Y104.771 E-.20118
G1 X115.531 Y105.07 E-.15882
;WIPE_END
G17
G3 Z7.2 I-.736 J-.969 P1  F9000
G1 X111.987 Y107.76 Z7.2
G1 Z6.8
G1 E1.2 F1800
;WIDTH:0.526412
G1 F1200
G1 X111.822 Y107.383 E.01486
G1 X111.736 Y106.982 E.01485
;WIDTH:0.526123
G1 X111.731 Y106.571 E.01486
;WIDTH:0.52467
G1 X111.809 Y106.167 E.01485
;WIDTH:0.522054
G1 X112.001 Y105.738 E.01683
;WIDTH:0.518732
G1 X112.298 Y105.356 E.01723
;WIDTH:0.516451
G1 X112.677 Y105.056 E.01714
;WIDTH:0.515378
G1 X113.117 Y104.855 E.0171
;WIDTH:0.516592
G1 X113.592 Y104.765 E.01715
;WIDTH:0.523505
G1 X114.125 Y104.802 E.01921
G1 X114.539 Y104.93 E.01559
;WIDTH:0.520307
G1 X114.954 Y105.18 E.01729
;WIDTH:0.517446
G1 X115.297 Y105.52 E.01718
;WIDTH:0.515746
G1 X115.55 Y105.933 E.01711
G1 X115.697 Y106.394 E.01712
;WIDTH:0.524669
G1 X115.719 Y106.963 E.02054
G1 X115.642 Y107.367 E.01485
;WIDTH:0.522054
G1 X115.45 Y107.796 E.01683
;WIDTH:0.518732
G1 X115.153 Y108.178 E.01723
;WIDTH:0.51645
G1 X114.774 Y108.478 E.01714
;WIDTH:0.515376
G1 X114.334 Y108.679 E.0171
;WIDTH:0.516592
G1 X113.858 Y108.77 E.01715
;WIDTH:0.523505
G1 X113.325 Y108.732 E.01921
G1 X112.912 Y108.604 E.01559
;WIDTH:0.520308
G1 X112.497 Y108.354 E.01729
;WIDTH:0.517446
G1 X112.153 Y108.014 E.01718
;WIDTH:0.525542
G1 X112.009 Y107.793 E.00953
; stop printing object OrangePi-Spacer.stl id:29074711 copy 0
; printing object OrangePi-Spacer.stl id:0 copy 0
G1 E-.84 F2400
;WIPE_START
G1 F3600
G1 X111.822 Y107.383 E-.16205
G1 X111.736 Y106.982 E-.14779
G1 X111.734 Y106.843 E-.05015
;WIPE_END
G17
G3 Z7.2 I-1.199 J-.208 P1  F9000
G1 X111.019 Y110.972 Z7.2
G1 Z6.8
G1 E1.2 F1800
;WIDTH:0.520548
G1 F1200
G1 X111.466 Y111.237 E.01857
;WIDTH:0.523506
G1 X111.848 Y111.589 E.01869
;WIDTH:0.525541
G1 X112.148 Y112.013 E.01876
;WIDTH:0.526411
G1 X112.354 Y112.49 E.01878
G1 X112.457 Y112.999 E.01878
;WIDTH:0.526122
G1 X112.452 Y113.518 E.01877
;WIDTH:0.524669
G1 X112.34 Y114.025 E.01872
;WIDTH:0.522054
G1 X112.125 Y114.498 E.01863
;WIDTH:0.520624
G1 X111.804 Y114.925 E.0191
;WIDTH:0.524668
G1 X111.424 Y115.257 E.0182
;WIDTH:0.52612
G1 X110.972 Y115.511 E.01878
;WIDTH:0.52641
G1 X110.476 Y115.667 E.01878
G1 X109.96 Y115.716 E.01878
;WIDTH:0.525541
G1 X109.444 Y115.658 E.01875
;WIDTH:0.523505
G1 X108.951 Y115.494 E.01868
;WIDTH:0.520549
G1 X108.504 Y115.229 E.01857
;WIDTH:0.523507
G1 X108.122 Y114.877 E.01869
;WIDTH:0.525542
G1 X107.822 Y114.453 E.01876
;WIDTH:0.526412
G1 X107.616 Y113.976 E.01878
G1 X107.513 Y113.467 E.01878
;WIDTH:0.526123
G1 X107.518 Y112.948 E.01877
;WIDTH:0.52467
G1 X107.629 Y112.441 E.01872
;WIDTH:0.522054
G1 X107.845 Y111.968 E.01863
;WIDTH:0.520624
G1 X108.166 Y111.541 E.0191
;WIDTH:0.524671
G1 X108.545 Y111.209 E.0182
;WIDTH:0.526122
G1 X108.998 Y110.955 E.01878
;WIDTH:0.526412
G1 X109.493 Y110.799 E.01878
G1 X110.01 Y110.75 E.01878
;WIDTH:0.52554
G1 X110.526 Y110.808 E.01875
;WIDTH:0.523505
G1 X110.981 Y110.96 E.01724
G1 E-.84 F2400
;WIPE_START
G1 F3600
G1 X111.466 Y111.237 E-.20118
G1 X111.79 Y111.536 E-.15882
;WIPE_END
G17
G3 Z7.2 I-.736 J-.969 P1  F9000
G1 X108.246 Y114.226 Z7.2
G1 Z6.8
G1 E1.2 F1800
;WIDTH:0.526412
G1 F1200
G1 X108.082 Y113.849 E.01486
G1 X107.995 Y113.448 E.01485
;WIDTH:0.526123
G1 X107.991 Y113.037 E.01486
;WIDTH:0.52467
G1 X108.069 Y112.633 E.01485
;WIDTH:0.522054
G1 X108.26 Y112.204 E.01683
;WIDTH:0.518732
G1 X108.557 Y111.822 E.01723
;WIDTH:0.516451
G1 X108.937 Y111.522 E.01714
;WIDTH:0.515378
G1 X109.377 Y111.321 E.0171
;WIDTH:0.516592
G1 X109.852 Y111.23 E.01715
;WIDTH:0.523505
G1 X110.385 Y111.268 E.01921
G1 X110.799 Y111.396 E.01559
;WIDTH:0.520307
G1 X111.214 Y111.646 E.01729
;WIDTH:0.517446
G1 X111.557 Y111.986 E.01718
;WIDTH:0.515746
G1 X111.809 Y112.399 E.01711
G1 X111.956 Y112.86 E.01712
;WIDTH:0.524669
G1 X111.979 Y113.429 E.02054
G1 X111.901 Y113.833 E.01485
;WIDTH:0.522054
G1 X111.709 Y114.262 E.01683
;WIDTH:0.518732
G1 X111.412 Y114.644 E.01723
;WIDTH:0.51645
G1 X111.033 Y114.944 E.01714
;WIDTH:0.515376
G1 X110.593 Y115.145 E.0171
;WIDTH:0.516592
G1 X110.118 Y115.235 E.01715
;WIDTH:0.523505
G1 X109.585 Y115.198 E.01921
G1 X109.171 Y115.07 E.01559
;WIDTH:0.520308
G1 X108.756 Y114.82 E.01729
;WIDTH:0.517446
G1 X108.413 Y114.48 E.01718
;WIDTH:0.525542
G1 X108.268 Y114.259 E.00953
; stop printing object OrangePi-Spacer.stl id:0 copy 0
; printing object OrangePi-Spacer.stl id:8761013144 copy 0
G1 E-.84 F2400
;WIPE_START
G1 F3600
G1 X108.082 Y113.849 E-.16205
G1 X107.995 Y113.448 E-.14779
G1 X107.994 Y113.309 E-.05015
;WIPE_END
G17
G3 Z7.2 I.566 J-1.077 P1  F9000
G1 X103.549 Y110.972 Z7.2
G1 Z6.8
G1 E1.2 F1800
;WIDTH:0.520548
G1 F1200
G1 X103.996 Y111.237 E.01857
;WIDTH:0.523506
G1 X104.378 Y111.589 E.01869
;WIDTH:0.525541
G1 X104.678 Y112.013 E.01876
;WIDTH:0.526411
G1 X104.884 Y112.49 E.01878
G1 X104.987 Y112.999 E.01878
;WIDTH:0.526122
G1 X104.982 Y113.518 E.01877
;WIDTH:0.524669
G1 X104.871 Y114.025 E.01872
;WIDTH:0.522054
G1 X104.655 Y114.498 E.01863
;WIDTH:0.520624
G1 X104.334 Y114.925 E.0191
;WIDTH:0.524668
G1 X103.954 Y115.257 E.0182
;WIDTH:0.52612
G1 X103.502 Y115.511 E.01878
;WIDTH:0.52641
G1 X103.007 Y115.667 E.01878
G1 X102.49 Y115.716 E.01878
;WIDTH:0.525541
G1 X101.974 Y115.658 E.01875
;WIDTH:0.523505
G1 X101.481 Y115.494 E.01868
;WIDTH:0.520549
G1 X101.034 Y115.229 E.01857
;WIDTH:0.523507
G1 X100.652 Y114.877 E.01869
;WIDTH:0.525542
G1 X100.352 Y114.453 E.01876
;WIDTH:0.526412
G1 X100.146 Y113.976 E.01878
G1 X100.043 Y113.467 E.01878
;WIDTH:0.526123
G1 X100.048 Y112.948 E.01877
;WIDTH:0.52467
G1 X100.16 Y112.441 E.01872
;WIDTH:0.522054
G1 X100.375 Y111.968 E.01863
;WIDTH:0.520624
G1 X100.696 Y111.541 E.0191
;WIDTH:0.524671
G1 X101.076 Y111.209 E.0182
;WIDTH:0.526122
G1 X101.528 Y110.955 E.01878
;WIDTH:0.526412
G1 X102.024 Y110.799 E.01878
G1 X102.54 Y110.75 E.01878
;WIDTH:0.52554
G1 X103.056 Y110.808 E.01875
;WIDTH:0.523505
G1 X103.511 Y110.96 E.01724
G1 E-.84 F2400
;WIPE_START
G1 F3600
G1 X103.996 Y111.237 E-.20118
G1 X104.32 Y111.536 E-.15882
;WIPE_END
G17
G3 Z7.2 I-.736 J-.969 P1  F9000
G1 X100.776 Y114.226 Z7.2
G1 Z6.8
G1 E1.2 F1800
;WIDTH:0.526412
G1 F1200
G1 X100.612 Y113.849 E.01486
G1 X100.526 Y113.448 E.01485
;WIDTH:0.526123
G1 X100.521 Y113.037 E.01486
;WIDTH:0.52467
G1 X100.599 Y112.633 E.01485
;WIDTH:0.522054
G1 X100.791 Y112.204 E.01683
;WIDTH:0.518732
G1 X101.088 Y111.822 E.01723
;WIDTH:0.516451
G1 X101.467 Y111.522 E.01714
;WIDTH:0.515378
G1 X101.907 Y111.321 E.0171
;WIDTH:0.516592
G1 X102.382 Y111.23 E.01715
;WIDTH:0.523505
G1 X102.915 Y111.268 E.01921
G1 X103.329 Y111.396 E.01559
;WIDTH:0.520307
G1 X103.744 Y111.646 E.01729
;WIDTH:0.517446
G1 X104.087 Y111.986 E.01718
;WIDTH:0.515746
G1 X104.34 Y112.399 E.01711
G1 X104.487 Y112.86 E.01712
;WIDTH:0.524669
G1 X104.509 Y113.429 E.02054
G1 X104.431 Y113.833 E.01485
;WIDTH:0.522054
G1 X104.24 Y114.262 E.01683
;WIDTH:0.518732
G1 X103.943 Y114.644 E.01723
;WIDTH:0.51645
G1 X103.563 Y114.944 E.01714
;WIDTH:0.515376
G1 X103.123 Y115.145 E.0171
;WIDTH:0.516592
G1 X102.648 Y115.235 E.01715
;WIDTH:0.523505
G1 X102.115 Y115.198 E.01921
G1 X101.701 Y115.07 E.01559
;WIDTH:0.520308
G1 X101.286 Y114.82 E.01729
;WIDTH:0.517446
G1 X100.943 Y114.48 E.01718
;WIDTH:0.525542
G1 X100.798 Y114.259 E.00953
; stop printing object OrangePi-Spacer.stl id:8761013144 copy 0
G1 E-.84 F2400
;WIPE_START
G1 F3600
G1 X100.612 Y113.849 E-.16205
G1 X100.526 Y113.448 E-.14779
G1 X100.524 Y113.309 E-.05015
;WIPE_END
;LAYER_CHANGE
;Z:7
;HEIGHT:0.2
;BEFORE_LAYER_CHANGE
;7
G92 E0

;_SET_FAN_SPEED_CHANGING_LAYER
; printing object OrangePi-Spacer.stl id:8761013144 copy 0
G1 Z7.4 F9000
G1 X118.734 Y111.108
G1 Z7
G1 E1.2 F1800
;WIDTH:0.520624
G1 F1200
G1 X119.162 Y111.429 E.0191
;WIDTH:0.52467
G1 X119.494 Y111.809 E.0182
;WIDTH:0.52612
G1 X119.748 Y112.261 E.01878
;WIDTH:0.526411
G1 X119.904 Y112.757 E.01878
G1 X119.953 Y113.273 E.01878
;WIDTH:0.52554
G1 X119.895 Y113.789 E.01875
;WIDTH:0.523506
G1 X119.73 Y114.282 E.01868
;WIDTH:0.520549
G1 X119.466 Y114.729 E.01857
;WIDTH:0.523506
G1 X119.113 Y115.111 E.01869
;WIDTH:0.52554
G1 X118.69 Y115.411 E.01876
;WIDTH:0.526411
G1 X118.213 Y115.617 E.01878
G1 X117.704 Y115.72 E.01878
;WIDTH:0.526121
G1 X117.185 Y115.715 E.01877
;WIDTH:0.524669
G1 X116.678 Y115.604 E.01872
;WIDTH:0.522052
G1 X116.205 Y115.388 E.01863
;WIDTH:0.520625
G1 X115.778 Y115.067 E.0191
;WIDTH:0.524671
G1 X115.446 Y114.687 E.0182
;WIDTH:0.526121
G1 X115.191 Y114.235 E.01878
;WIDTH:0.526412
G1 X115.036 Y113.739 E.01878
G1 X114.987 Y113.223 E.01878
;WIDTH:0.525542
G1 X115.045 Y112.707 E.01875
;WIDTH:0.523507
G1 X115.209 Y112.214 E.01868
;WIDTH:0.520549
G1 X115.474 Y111.767 E.01857
;WIDTH:0.523508
G1 X115.826 Y111.385 E.01869
;WIDTH:0.525541
G1 X116.25 Y111.085 E.01876
;WIDTH:0.526413
G1 X116.727 Y110.879 E.01878
G1 X117.235 Y110.776 E.01878
;WIDTH:0.526123
G1 X117.755 Y110.781 E.01877
;WIDTH:0.524667
G1 X118.262 Y110.892 E.01872
;WIDTH:0.522053
G1 X118.698 Y111.091 E.01719
G1 X117.105 Y111.276 F9000
;WIDTH:0.524667
G1 F1200
G1 X117.666 Y111.254 E.02023
G1 X118.07 Y111.332 E.01485
;WIDTH:0.522053
G1 X118.499 Y111.524 E.01683
;WIDTH:0.51873
G1 X118.881 Y111.821 E.01723
;WIDTH:0.516451
G1 X119.181 Y112.2 E.01714
;WIDTH:0.515376
G1 X119.382 Y112.64 E.0171
;WIDTH:0.516592
G1 X119.472 Y113.115 E.01715
;WIDTH:0.523506
G1 X119.435 Y113.648 E.01921
G1 X119.306 Y114.062 E.01559
;WIDTH:0.520307
G1 X119.057 Y114.477 E.01729
;WIDTH:0.517445
G1 X118.717 Y114.82 E.01718
;WIDTH:0.515746
G1 X118.304 Y115.073 E.01711
G1 X117.843 Y115.22 E.01712
;WIDTH:0.524669
G1 X117.274 Y115.242 E.02054
G1 X116.87 Y115.164 E.01485
;WIDTH:0.522052
G1 X116.441 Y114.972 E.01683
;WIDTH:0.518732
G1 X116.059 Y114.675 E.01723
;WIDTH:0.516451
G1 X115.759 Y114.296 E.01714
;WIDTH:0.515377
G1 X115.558 Y113.856 E.0171
;WIDTH:0.516593
G1 X115.467 Y113.381 E.01715
;WIDTH:0.523507
G1 X115.505 Y112.848 E.01921
G1 X115.633 Y112.434 E.01559
;WIDTH:0.520308
G1 X115.882 Y112.019 E.01729
;WIDTH:0.517446
G1 X116.223 Y111.676 E.01718
;WIDTH:0.515747
G1 X116.636 Y111.423 E.01711
G1 X117.066 Y111.286 E.016
; stop printing object OrangePi-Spacer.stl id:8761013144 copy 0
; printing object OrangePi-Spacer.stl id:29074711 copy 0
G1 E-.84 F2400
;WIPE_START
G1 F3600
G1 X117.666 Y111.254 E-.21605
G1 X118.058 Y111.329 E-.14395
;WIPE_END
G17
G3 Z7.4 I1.096 J-.53 P1  F9000
G1 X114.759 Y104.506 Z7.4
G1 Z7
G1 E1.2 F1800
;WIDTH:0.520548
G1 F1200
G1 X115.207 Y104.771 E.01857
;WIDTH:0.523506
G1 X115.588 Y105.123 E.01869
;WIDTH:0.52554
G1 X115.888 Y105.547 E.01876
;WIDTH:0.526411
G1 X116.094 Y106.024 E.01878
G1 X116.197 Y106.533 E.01878
;WIDTH:0.526122
G1 X116.193 Y107.052 E.01877
;WIDTH:0.524669
G1 X116.081 Y107.559 E.01872
;WIDTH:0.522053
G1 X115.866 Y108.032 E.01863
;WIDTH:0.520624
G1 X115.545 Y108.459 E.0191
;WIDTH:0.524669
G1 X115.165 Y108.791 E.0182
;WIDTH:0.52612
G1 X114.712 Y109.045 E.01878
;WIDTH:0.52641
G1 X114.217 Y109.201 E.01878
G1 X113.7 Y109.25 E.01878
;WIDTH:0.525541
G1 X113.184 Y109.192 E.01875
;WIDTH:0.523506
G1 X112.692 Y109.028 E.01868
;WIDTH:0.520549
G1 X112.244 Y108.763 E.01857
;WIDTH:0.523508
G1 X111.862 Y108.411 E.01869
;WIDTH:0.525542
G1 X111.562 Y107.987 E.01876
;WIDTH:0.526412
G1 X111.356 Y107.51 E.01878
G1 X111.254 Y107.001 E.01878
;WIDTH:0.526123
G1 X111.258 Y106.482 E.01877
;WIDTH:0.52467
G1 X111.37 Y105.975 E.01872
;WIDTH:0.522054
G1 X111.585 Y105.502 E.01863
;WIDTH:0.520625
G1 X111.906 Y105.075 E.0191
;WIDTH:0.524671
G1 X112.286 Y104.743 E.0182
;WIDTH:0.526121
G1 X112.739 Y104.489 E.01878
;WIDTH:0.526412
G1 X113.234 Y104.333 E.01878
G1 X113.751 Y104.284 E.01878
;WIDTH:0.52554
G1 X114.266 Y104.342 E.01875
;WIDTH:0.523507
G1 X114.721 Y104.494 E.01724
G1 E-.84 F2400
;WIPE_START
G1 F3600
G1 X115.207 Y104.771 E-.20118
G1 X115.531 Y105.07 E-.15882
;WIPE_END
G17
G3 Z7.4 I-.735 J-.97 P1  F9000
G1 X111.986 Y107.758 Z7.4
G1 Z7
G1 E1.2 F1800
;WIDTH:0.526412
G1 F1200
G1 X111.822 Y107.383 E.0148
G1 X111.736 Y106.982 E.01485
;WIDTH:0.526123
G1 X111.731 Y106.571 E.01486
;WIDTH:0.52467
G1 X111.809 Y106.167 E.01485
;WIDTH:0.522054
G1 X112.001 Y105.738 E.01683
;WIDTH:0.518733
G1 X112.298 Y105.356 E.01723
;WIDTH:0.516452
G1 X112.677 Y105.056 E.01714
;WIDTH:0.515378
G1 X113.117 Y104.855 E.0171
;WIDTH:0.516593
G1 X113.592 Y104.765 E.01715
;WIDTH:0.523507
G1 X114.125 Y104.802 E.01921
G1 X114.539 Y104.93 E.01559
;WIDTH:0.520308
G1 X114.954 Y105.18 E.01729
;WIDTH:0.517445
G1 X115.297 Y105.52 E.01718
;WIDTH:0.515746
G1 X115.55 Y105.933 E.01711
G1 X115.697 Y106.394 E.01712
;WIDTH:0.524669
G1 X115.719 Y106.963 E.02054
G1 X115.642 Y107.367 E.01485
;WIDTH:0.522053
G1 X115.45 Y107.796 E.01683
;WIDTH:0.51873
G1 X115.153 Y108.178 E.01723
;WIDTH:0.51645
G1 X114.774 Y108.478 E.01714
;WIDTH:0.515376
G1 X114.334 Y108.679 E.0171
;WIDTH:0.516592
G1 X113.858 Y108.77 E.01715
;WIDTH:0.523506
G1 X113.325 Y108.732 E.01921
G1 X112.912 Y108.604 E.01559
;WIDTH:0.520308
G1 X112.497 Y108.354 E.01729
;WIDTH:0.517445
G1 X112.153 Y108.014 E.01718
;WIDTH:0.525542
G1 X112.008 Y107.792 E.00959
; stop printing object OrangePi-Spacer.stl id:29074711 copy 0
; printing object OrangePi-Spacer.stl id:0 copy 0
G1 E-.84 F2400
;WIPE_START
G1 F3600
G1 X111.822 Y107.383 E-.16147
G1 X111.736 Y106.982 E-.14779
G1 X111.734 Y106.841 E-.05073
;WIPE_END
G17
G3 Z7.4 I-1.199 J-.208 P1  F9000
G1 X111.019 Y110.972 Z7.4
G1 Z7
G1 E1.2 F1800
;WIDTH:0.520548
G1 F1200
G1 X111.466 Y111.237 E.01857
;WIDTH:0.523506
G1 X111.848 Y111.589 E.01869
;WIDTH:0.52554
G1 X112.148 Y112.013 E.01876
;WIDTH:0.526411
G1 X112.354 Y112.49 E.01878
G1 X112.457 Y112.999 E.01878
;WIDTH:0.526122
G1 X112.452 Y113.518 E.01877
;WIDTH:0.524669
G1 X112.34 Y114.025 E.01872
;WIDTH:0.522053
G1 X112.125 Y114.498 E.01863
;WIDTH:0.520624
G1 X111.804 Y114.925 E.0191
;WIDTH:0.524669
G1 X111.424 Y115.257 E.0182
;WIDTH:0.52612
G1 X110.972 Y115.511 E.01878
;WIDTH:0.52641
G1 X110.476 Y115.667 E.01878
G1 X109.96 Y115.716 E.01878
;WIDTH:0.525541
G1 X109.444 Y115.658 E.01875
;WIDTH:0.523506
G1 X108.951 Y115.494 E.01868
;WIDTH:0.520549
G1 X108.504 Y115.229 E.01857
;WIDTH:0.523508
G1 X108.122 Y114.877 E.01869
;WIDTH:0.525542
G1 X107.822 Y114.453 E.01876
;WIDTH:0.526412
G1 X107.616 Y113.976 E.01878
G1 X107.513 Y113.467 E.01878
;WIDTH:0.526123
G1 X107.518 Y112.948 E.01877
;WIDTH:0.52467
G1 X107.629 Y112.441 E.01872
;WIDTH:0.522054
G1 X107.845 Y111.968 E.01863
;WIDTH:0.520625
G1 X108.166 Y111.541 E.0191
;WIDTH:0.524671
G1 X108.545 Y111.209 E.0182
;WIDTH:0.526121
G1 X108.998 Y110.955 E.01878
;WIDTH:0.526412
G1 X109.493 Y110.799 E.01878
G1 X110.01 Y110.75 E.01878
;WIDTH:0.52554
G1 X110.526 Y110.808 E.01875
;WIDTH:0.523507
G1 X110.981 Y110.96 E.01724
G1 E-.84 F2400
;WIPE_START
G1 F3600
G1 X111.466 Y111.237 E-.20118
G1 X111.79 Y111.536 E-.15882
;WIPE_END
G17
G3 Z7.4 I-.735 J-.97 P1  F9000
G1 X108.246 Y114.224 Z7.4
G1 Z7
G1 E1.2 F1800
;WIDTH:0.526412
G1 F1200
G1 X108.082 Y113.849 E.0148
G1 X107.995 Y113.448 E.01485
;WIDTH:0.526123
G1 X107.991 Y113.037 E.01486
;WIDTH:0.52467
G1 X108.069 Y112.633 E.01485
;WIDTH:0.522054
G1 X108.26 Y112.204 E.01683
;WIDTH:0.518733
G1 X108.557 Y111.822 E.01723
;WIDTH:0.516452
G1 X108.937 Y111.522 E.01714
;WIDTH:0.515378
G1 X109.377 Y111.321 E.0171
;WIDTH:0.516593
G1 X109.852 Y111.23 E.01715
;WIDTH:0.523507
G1 X110.385 Y111.268 E.01921
G1 X110.799 Y111.396 E.01559
;WIDTH:0.520308
G1 X111.214 Y111.646 E.01729
;WIDTH:0.517445
G1 X111.557 Y111.986 E.01718
;WIDTH:0.515746
G1 X111.809 Y112.399 E.01711
G1 X111.956 Y112.86 E.01712
;WIDTH:0.524669
G1 X111.979 Y113.429 E.02054
G1 X111.901 Y113.833 E.01485
;WIDTH:0.522053
G1 X111.709 Y114.262 E.01683
;WIDTH:0.51873
G1 X111.412 Y114.644 E.01723
;WIDTH:0.51645
G1 X111.033 Y114.944 E.01714
;WIDTH:0.515376
G1 X110.593 Y115.145 E.0171
;WIDTH:0.516592
G1 X110.118 Y115.235 E.01715
;WIDTH:0.523506
G1 X109.585 Y115.198 E.01921
G1 X109.171 Y115.07 E.01559
;WIDTH:0.520308
G1 X108.756 Y114.82 E.01729
;WIDTH:0.517445
G1 X108.413 Y114.48 E.01718
;WIDTH:0.525542
G1 X108.267 Y114.258 E.00959
; stop printing object OrangePi-Spacer.stl id:0 copy 0
; printing object OrangePi-Spacer.stl id:8761013144 copy 0
G1 E-.84 F2400
;WIPE_START
G1 F3600
G1 X108.082 Y113.849 E-.16147
G1 X107.995 Y113.448 E-.14779
G1 X107.994 Y113.307 E-.05073
;WIPE_END
G17
G3 Z7.4 I.566 J-1.077 P1  F9000
G1 X103.549 Y110.972 Z7.4
G1 Z7
G1 E1.2 F1800
;WIDTH:0.520548
G1 F1200
G1 X103.996 Y111.237 E.01857
;WIDTH:0.523506
G1 X104.378 Y111.589 E.01869
;WIDTH:0.52554
G1 X104.678 Y112.013 E.01876
;WIDTH:0.526411
G1 X104.884 Y112.49 E.01878
G1 X104.987 Y112.999 E.01878
;WIDTH:0.526122
G1 X104.982 Y113.518 E.01877
;WIDTH:0.524669
G1 X104.871 Y114.025 E.01872
;WIDTH:0.522053
G1 X104.655 Y114.498 E.01863
;WIDTH:0.520624
G1 X104.334 Y114.925 E.0191
;WIDTH:0.524669
G1 X103.955 Y115.257 E.0182
;WIDTH:0.52612
G1 X103.502 Y115.511 E.01878
;WIDTH:0.52641
G1 X103.007 Y115.667 E.01878
G1 X102.49 Y115.716 E.01878
;WIDTH:0.525541
G1 X101.974 Y115.658 E.01875
;WIDTH:0.523506
G1 X101.481 Y115.494 E.01868
;WIDTH:0.520549
G1 X101.034 Y115.229 E.01857
;WIDTH:0.523508
G1 X100.652 Y114.877 E.01869
;WIDTH:0.525542
G1 X100.352 Y114.453 E.01876
;WIDTH:0.526412
G1 X100.146 Y113.976 E.01878
G1 X100.043 Y113.467 E.01878
;WIDTH:0.526123
G1 X100.048 Y112.948 E.01877
;WIDTH:0.52467
G1 X100.16 Y112.441 E.01872
;WIDTH:0.522054
G1 X100.375 Y111.968 E.01863
;WIDTH:0.520625
G1 X100.696 Y111.541 E.0191
;WIDTH:0.524671
G1 X101.076 Y111.209 E.0182
;WIDTH:0.526121
G1 X101.528 Y110.955 E.01878
;WIDTH:0.526412
G1 X102.024 Y110.799 E.01878
G1 X102.54 Y110.75 E.01878
;WIDTH:0.52554
G1 X103.056 Y110.808 E.01875
;WIDTH:0.523507
G1 X103.511 Y110.96 E.01724
G1 E-.84 F2400
;WIPE_START
G1 F3600
G1 X103.996 Y111.237 E-.20118
G1 X104.32 Y111.536 E-.15882
;WIPE_END
G17
G3 Z7.4 I-.735 J-.97 P1  F9000
G1 X100.776 Y114.224 Z7.4
G1 Z7
G1 E1.2 F1800
;WIDTH:0.526412
G1 F1200
G1 X100.612 Y113.849 E.0148
G1 X100.526 Y113.448 E.01485
;WIDTH:0.526123
G1 X100.521 Y113.037 E.01486
;WIDTH:0.52467
G1 X100.599 Y112.633 E.01485
;WIDTH:0.522054
G1 X100.791 Y112.204 E.01683
;WIDTH:0.518733
G1 X101.088 Y111.822 E.01723
;WIDTH:0.516452
G1 X101.467 Y111.522 E.01714
;WIDTH:0.515378
G1 X101.907 Y111.321 E.0171
;WIDTH:0.516593
G1 X102.382 Y111.23 E.01715
;WIDTH:0.523507
G1 X102.915 Y111.268 E.01921
G1 X103.329 Y111.396 E.01559
;WIDTH:0.520308
G1 X103.744 Y111.646 E.01729
;WIDTH:0.517445
G1 X104.087 Y111.986 E.01718
;WIDTH:0.515746
G1 X104.34 Y112.399 E.01711
G1 X104.487 Y112.86 E.01712
;WIDTH:0.524669
G1 X104.509 Y113.429 E.02054
G1 X104.431 Y113.833 E.01485
;WIDTH:0.522053
G1 X104.24 Y114.262 E.01683
;WIDTH:0.51873
G1 X103.943 Y114.644 E.01723
;WIDTH:0.51645
G1 X103.563 Y114.944 E.01714
;WIDTH:0.515376
G1 X103.123 Y115.145 E.0171
;WIDTH:0.516592
G1 X102.648 Y115.235 E.01715
;WIDTH:0.523506
G1 X102.115 Y115.198 E.01921
G1 X101.701 Y115.07 E.01559
;WIDTH:0.520308
G1 X101.286 Y114.82 E.01729
;WIDTH:0.517445
G1 X100.943 Y114.48 E.01718
;WIDTH:0.525542
G1 X100.797 Y114.258 E.00959
; stop printing object OrangePi-Spacer.stl id:8761013144 copy 0
G1 E-.84 F2400
;WIPE_START
G1 F3600
G1 X100.612 Y113.849 E-.16147
G1 X100.526 Y113.448 E-.14779
G1 X100.524 Y113.307 E-.05073
;WIPE_END
;LAYER_CHANGE
;Z:7.2
;HEIGHT:0.2
;BEFORE_LAYER_CHANGE
;7.2
G92 E0

;_SET_FAN_SPEED_CHANGING_LAYER
; printing object OrangePi-Spacer.stl id:8761013144 copy 0
G1 Z7.6 F9000
G1 X118.734 Y111.108
G1 Z7.2
G1 E1.2 F1800
;WIDTH:0.520598
G1 F1200
G1 X119.162 Y111.429 E.01911
;WIDTH:0.528678
G1 X119.492 Y111.81 E.01834
G1 X119.748 Y112.261 E.01886
;WIDTH:0.526411
G1 X119.904 Y112.757 E.01878
G1 X119.953 Y113.273 E.01878
;WIDTH:0.52554
G1 X119.895 Y113.789 E.01875
;WIDTH:0.523506
G1 X119.73 Y114.282 E.01868
;WIDTH:0.520548
G1 X119.466 Y114.729 E.01857
;WIDTH:0.523506
G1 X119.113 Y115.111 E.01869
;WIDTH:0.52554
G1 X118.69 Y115.411 E.01876
;WIDTH:0.526411
G1 X118.213 Y115.617 E.01878
;WIDTH:0.527944
G1 X117.704 Y115.719 E.01884
G1 X117.185 Y115.715 E.01883
;WIDTH:0.524668
G1 X116.678 Y115.604 E.01872
;WIDTH:0.522052
G1 X116.205 Y115.388 E.01863
;WIDTH:0.520626
G1 X115.778 Y115.067 E.0191
;WIDTH:0.52467
G1 X115.446 Y114.687 E.0182
;WIDTH:0.526121
G1 X115.191 Y114.235 E.01878
;WIDTH:0.526412
G1 X115.036 Y113.739 E.01878
G1 X114.987 Y113.223 E.01878
;WIDTH:0.525542
G1 X115.045 Y112.707 E.01875
;WIDTH:0.523509
G1 X115.209 Y112.214 E.01868
;WIDTH:0.52055
G1 X115.474 Y111.767 E.01857
;WIDTH:0.523509
G1 X115.826 Y111.385 E.01869
;WIDTH:0.525541
G1 X116.25 Y111.085 E.01876
;WIDTH:0.529108
G1 X116.727 Y110.88 E.01889
G1 X117.235 Y110.776 E.01887
;WIDTH:0.526122
G1 X117.755 Y110.781 E.01877
;WIDTH:0.524669
G1 X118.262 Y110.892 E.01872
;WIDTH:0.522054
G1 X118.698 Y111.091 E.01719
G1 X117.108 Y111.282 F9000
;WIDTH:0.518919
G1 F1200
G1 X117.144 Y111.271 E.00133
;WIDTH:0.524669
G1 X117.666 Y111.254 E.01882
G1 X118.07 Y111.332 E.01485
;WIDTH:0.522054
G1 X118.499 Y111.524 E.01683
;WIDTH:0.518731
G1 X118.884 Y111.825 E.01744
;WIDTH:0.516773
G1 X119.193 Y112.226 E.01793
;WIDTH:0.516485
G1 X119.382 Y112.64 E.01612
;WIDTH:0.516592
G1 X119.472 Y113.115 E.01715
;WIDTH:0.523506
G1 X119.435 Y113.648 E.01921
G1 X119.306 Y114.062 E.01559
;WIDTH:0.520307
G1 X119.057 Y114.477 E.01729
;WIDTH:0.517445
G1 X118.717 Y114.82 E.01718
;WIDTH:0.515745
G1 X118.304 Y115.073 E.01711
;WIDTH:0.516634
G1 X117.837 Y115.22 E.01736
;WIDTH:0.521492
G1 X117.313 Y115.247 E.0188
;WIDTH:0.522052
G1 X116.87 Y115.164 E.01618
G1 X116.441 Y114.972 E.01683
;WIDTH:0.518731
G1 X116.059 Y114.675 E.01723
;WIDTH:0.516451
G1 X115.759 Y114.296 E.01714
;WIDTH:0.515377
G1 X115.558 Y113.856 E.0171
;WIDTH:0.516593
G1 X115.467 Y113.381 E.01715
;WIDTH:0.523509
G1 X115.505 Y112.848 E.01921
G1 X115.633 Y112.434 E.01559
;WIDTH:0.520309
G1 X115.882 Y112.019 E.01729
;WIDTH:0.517447
G1 X116.223 Y111.676 E.01718
;WIDTH:0.515815
G1 X116.641 Y111.421 E.01733
;WIDTH:0.518919
G1 X117.07 Y111.293 E.01593
; stop printing object OrangePi-Spacer.stl id:8761013144 copy 0
; printing object OrangePi-Spacer.stl id:29074711 copy 0
G1 E-.84 F2400
;WIPE_START
G1 F3600
G1 X117.144 Y111.271 E-.02784
G1 X117.666 Y111.254 E-.18797
G1 X118.059 Y111.33 E-.14419
;WIPE_END
G17
G3 Z7.6 I1.096 J-.53 P1  F9000
G1 X114.759 Y104.506 Z7.6
G1 Z7.2
G1 E1.2 F1800
;WIDTH:0.520548
G1 F1200
G1 X115.207 Y104.771 E.01857
;WIDTH:0.523506
G1 X115.588 Y105.123 E.01869
;WIDTH:0.52554
G1 X115.888 Y105.547 E.01876
;WIDTH:0.526411
G1 X116.094 Y106.024 E.01878
;WIDTH:0.527945
G1 X116.196 Y106.533 E.01884
G1 X116.193 Y107.052 E.01883
;WIDTH:0.524668
G1 X116.081 Y107.559 E.01872
;WIDTH:0.522053
G1 X115.866 Y108.032 E.01863
;WIDTH:0.520624
G1 X115.545 Y108.459 E.0191
;WIDTH:0.524669
G1 X115.165 Y108.791 E.0182
;WIDTH:0.52612
G1 X114.712 Y109.045 E.01878
;WIDTH:0.52641
G1 X114.217 Y109.201 E.01878
G1 X113.7 Y109.25 E.01878
;WIDTH:0.525541
G1 X113.184 Y109.191 E.01875
;WIDTH:0.524018
G1 X112.692 Y109.027 E.0187
;WIDTH:0.522797
G1 X112.244 Y108.763 E.01865
;WIDTH:0.523507
G1 X111.862 Y108.411 E.01869
;WIDTH:0.525542
G1 X111.562 Y107.987 E.01876
;WIDTH:0.526412
G1 X111.356 Y107.51 E.01878
;WIDTH:0.527946
G1 X111.254 Y107.001 E.01884
G1 X111.258 Y106.482 E.01883
;WIDTH:0.524669
G1 X111.37 Y105.975 E.01872
;WIDTH:0.522055
G1 X111.585 Y105.502 E.01863
;WIDTH:0.520625
G1 X111.906 Y105.075 E.0191
;WIDTH:0.524671
G1 X112.286 Y104.743 E.0182
;WIDTH:0.529255
G1 X112.739 Y104.49 E.0189
G1 X113.234 Y104.333 E.01888
;WIDTH:0.526412
G1 X113.751 Y104.284 E.01878
;WIDTH:0.52554
G1 X114.266 Y104.342 E.01875
;WIDTH:0.523506
G1 X114.721 Y104.494 E.01724
G1 E-.84 F2400
;WIPE_START
G1 F3600
G1 X115.207 Y104.771 E-.20118
G1 X115.531 Y105.07 E-.15882
;WIPE_END
G17
G3 Z7.6 I-.735 J-.97 P1  F9000
G1 X111.986 Y107.758 Z7.6
G1 Z7.2
G1 E1.2 F1800
;WIDTH:0.526412
G1 F1200
G1 X111.822 Y107.383 E.01479
;WIDTH:0.527946
G1 X111.739 Y106.988 E.01468
G1 X111.731 Y106.571 E.01512
;WIDTH:0.524669
G1 X111.809 Y106.167 E.01485
;WIDTH:0.522055
G1 X112.001 Y105.738 E.01683
;WIDTH:0.518732
G1 X112.298 Y105.356 E.01723
;WIDTH:0.516452
G1 X112.683 Y105.053 E.01735
;WIDTH:0.518071
G1 X113.164 Y104.844 E.01865
G1 X113.592 Y104.765 E.01551
;WIDTH:0.523506
G1 X114.125 Y104.802 E.01921
G1 X114.539 Y104.93 E.01559
;WIDTH:0.520308
G1 X114.954 Y105.18 E.01729
;WIDTH:0.517445
G1 X115.297 Y105.52 E.01718
;WIDTH:0.515746
G1 X115.55 Y105.933 E.01711
;WIDTH:0.516633
G1 X115.698 Y106.4 E.01736
;WIDTH:0.521492
G1 X115.724 Y106.924 E.0188
;WIDTH:0.522053
G1 X115.642 Y107.367 E.01618
G1 X115.45 Y107.796 E.01683
;WIDTH:0.51873
G1 X115.153 Y108.178 E.01723
;WIDTH:0.51645
G1 X114.774 Y108.478 E.01714
;WIDTH:0.515375
G1 X114.334 Y108.679 E.0171
;WIDTH:0.516592
G1 X113.858 Y108.77 E.01715
;WIDTH:0.524018
G1 X113.331 Y108.733 E.01903
G1 X112.87 Y108.58 E.01749
;WIDTH:0.520307
G1 X112.497 Y108.354 E.01558
;WIDTH:0.517445
G1 X112.153 Y108.014 E.01718
;WIDTH:0.525542
G1 X112.008 Y107.792 E.0096
; stop printing object OrangePi-Spacer.stl id:29074711 copy 0
; printing object OrangePi-Spacer.stl id:0 copy 0
G1 E-.84 F2400
;WIPE_START
G1 F3600
G1 X111.822 Y107.383 E-.1614
G1 X111.739 Y106.988 E-.14559
G1 X111.736 Y106.84 E-.05302
;WIPE_END
G17
G3 Z7.6 I-1.199 J-.208 P1  F9000
G1 X111.019 Y110.972 Z7.6
G1 Z7.2
G1 E1.2 F1800
;WIDTH:0.520548
G1 F1200
G1 X111.466 Y111.237 E.01857
;WIDTH:0.523506
G1 X111.848 Y111.589 E.01869
;WIDTH:0.52554
G1 X112.148 Y112.013 E.01876
;WIDTH:0.526411
G1 X112.354 Y112.49 E.01878
;WIDTH:0.527945
G1 X112.456 Y112.999 E.01884
G1 X112.452 Y113.518 E.01883
;WIDTH:0.524668
G1 X112.34 Y114.025 E.01872
;WIDTH:0.522053
G1 X112.125 Y114.498 E.01863
;WIDTH:0.520624
G1 X111.804 Y114.925 E.0191
;WIDTH:0.524669
G1 X111.424 Y115.257 E.0182
;WIDTH:0.52612
G1 X110.972 Y115.511 E.01878
;WIDTH:0.52641
G1 X110.476 Y115.667 E.01878
G1 X109.96 Y115.716 E.01878
;WIDTH:0.525541
G1 X109.444 Y115.657 E.01875
;WIDTH:0.524018
G1 X108.951 Y115.492 E.0187
;WIDTH:0.522797
G1 X108.504 Y115.229 E.01865
;WIDTH:0.523507
G1 X108.122 Y114.877 E.01869
;WIDTH:0.525542
G1 X107.822 Y114.453 E.01876
;WIDTH:0.526412
G1 X107.616 Y113.976 E.01878
;WIDTH:0.527946
G1 X107.514 Y113.467 E.01884
G1 X107.518 Y112.948 E.01883
;WIDTH:0.524669
G1 X107.629 Y112.441 E.01872
;WIDTH:0.522055
G1 X107.845 Y111.968 E.01863
;WIDTH:0.520625
G1 X108.166 Y111.541 E.0191
;WIDTH:0.524671
G1 X108.545 Y111.209 E.0182
;WIDTH:0.529255
G1 X108.999 Y110.956 E.0189
G1 X109.493 Y110.799 E.01888
;WIDTH:0.526412
G1 X110.01 Y110.75 E.01878
;WIDTH:0.52554
G1 X110.526 Y110.808 E.01875
;WIDTH:0.523506
G1 X110.981 Y110.96 E.01724
G1 E-.84 F2400
;WIPE_START
G1 F3600
G1 X111.466 Y111.237 E-.20118
G1 X111.79 Y111.536 E-.15882
;WIPE_END
G17
G3 Z7.6 I-.735 J-.97 P1  F9000
G1 X108.246 Y114.224 Z7.6
G1 Z7.2
G1 E1.2 F1800
;WIDTH:0.526412
G1 F1200
G1 X108.082 Y113.849 E.01479
;WIDTH:0.527946
G1 X107.999 Y113.454 E.01468
G1 X107.991 Y113.037 E.01512
;WIDTH:0.524669
G1 X108.069 Y112.633 E.01485
;WIDTH:0.522055
G1 X108.26 Y112.204 E.01683
;WIDTH:0.518732
G1 X108.557 Y111.822 E.01723
;WIDTH:0.516452
G1 X108.942 Y111.519 E.01735
;WIDTH:0.518071
G1 X109.423 Y111.31 E.01865
G1 X109.852 Y111.23 E.01551
;WIDTH:0.523506
G1 X110.385 Y111.268 E.01921
G1 X110.799 Y111.396 E.01559
;WIDTH:0.520308
G1 X111.214 Y111.646 E.01729
;WIDTH:0.517445
G1 X111.557 Y111.986 E.01718
;WIDTH:0.515746
G1 X111.809 Y112.399 E.01711
;WIDTH:0.516633
G1 X111.957 Y112.866 E.01736
;WIDTH:0.521492
G1 X111.984 Y113.39 E.0188
;WIDTH:0.522053
G1 X111.901 Y113.833 E.01618
G1 X111.709 Y114.262 E.01683
;WIDTH:0.51873
G1 X111.412 Y114.644 E.01723
;WIDTH:0.51645
G1 X111.033 Y114.944 E.01714
;WIDTH:0.515375
G1 X110.593 Y115.145 E.0171
;WIDTH:0.516592
G1 X110.118 Y115.235 E.01715
;WIDTH:0.524018
G1 X109.591 Y115.199 E.01903
G1 X109.13 Y115.046 E.01749
;WIDTH:0.520307
G1 X108.756 Y114.82 E.01558
;WIDTH:0.517445
G1 X108.413 Y114.48 E.01718
;WIDTH:0.525542
G1 X108.267 Y114.257 E.0096
; stop printing object OrangePi-Spacer.stl id:0 copy 0
; printing object OrangePi-Spacer.stl id:8761013144 copy 0
G1 E-.84 F2400
;WIPE_START
G1 F3600
G1 X108.082 Y113.849 E-.1614
G1 X107.999 Y113.454 E-.14559
G1 X107.996 Y113.306 E-.05302
;WIPE_END
G17
G3 Z7.6 I.566 J-1.078 P1  F9000
G1 X103.549 Y110.972 Z7.6
G1 Z7.2
G1 E1.2 F1800
;WIDTH:0.520548
G1 F1200
G1 X103.996 Y111.237 E.01857
;WIDTH:0.523506
G1 X104.378 Y111.589 E.01869
;WIDTH:0.52554
G1 X104.678 Y112.013 E.01876
;WIDTH:0.526411
G1 X104.884 Y112.49 E.01878
;WIDTH:0.527945
G1 X104.986 Y112.999 E.01884
G1 X104.982 Y113.518 E.01883
;WIDTH:0.524668
G1 X104.871 Y114.025 E.01872
;WIDTH:0.522053
G1 X104.655 Y114.498 E.01863
;WIDTH:0.520624
G1 X104.334 Y114.925 E.0191
;WIDTH:0.524669
G1 X103.955 Y115.257 E.0182
;WIDTH:0.52612
G1 X103.502 Y115.511 E.01878
;WIDTH:0.52641
G1 X103.007 Y115.667 E.01878
G1 X102.49 Y115.716 E.01878
;WIDTH:0.525541
G1 X101.974 Y115.657 E.01875
;WIDTH:0.524018
G1 X101.482 Y115.492 E.0187
;WIDTH:0.522797
G1 X101.034 Y115.229 E.01865
;WIDTH:0.523507
G1 X100.652 Y114.877 E.01869
;WIDTH:0.525542
G1 X100.352 Y114.453 E.01876
;WIDTH:0.526412
G1 X100.146 Y113.976 E.01878
;WIDTH:0.527946
G1 X100.044 Y113.467 E.01884
G1 X100.048 Y112.948 E.01883
;WIDTH:0.524669
G1 X100.16 Y112.441 E.01872
;WIDTH:0.522055
G1 X100.375 Y111.968 E.01863
;WIDTH:0.520625
G1 X100.696 Y111.541 E.0191
;WIDTH:0.524671
G1 X101.076 Y111.209 E.0182
;WIDTH:0.529255
G1 X101.529 Y110.956 E.0189
G1 X102.024 Y110.799 E.01888
;WIDTH:0.526412
G1 X102.54 Y110.75 E.01878
;WIDTH:0.52554
G1 X103.056 Y110.808 E.01875
;WIDTH:0.523506
G1 X103.511 Y110.96 E.01724
G1 E-.84 F2400
;WIPE_START
G1 F3600
G1 X103.996 Y111.237 E-.20118
G1 X104.32 Y111.536 E-.15882
;WIPE_END
G17
G3 Z7.6 I-.735 J-.97 P1  F9000
G1 X100.776 Y114.224 Z7.6
G1 Z7.2
G1 E1.2 F1800
;WIDTH:0.526412
G1 F1200
G1 X100.612 Y113.849 E.01479
;WIDTH:0.527946
G1 X100.529 Y113.454 E.01468
G1 X100.521 Y113.037 E.01512
;WIDTH:0.524669
G1 X100.599 Y112.633 E.01485
;WIDTH:0.522055
G1 X100.791 Y112.204 E.01683
;WIDTH:0.518732
G1 X101.088 Y111.822 E.01723
;WIDTH:0.516452
G1 X101.472 Y111.519 E.01735
;WIDTH:0.518071
G1 X101.953 Y111.31 E.01865
G1 X102.382 Y111.23 E.01551
;WIDTH:0.523506
G1 X102.915 Y111.268 E.01921
G1 X103.329 Y111.396 E.01559
;WIDTH:0.520308
G1 X103.744 Y111.646 E.01729
;WIDTH:0.517445
G1 X104.087 Y111.986 E.01718
;WIDTH:0.515746
G1 X104.34 Y112.399 E.01711
;WIDTH:0.516633
G1 X104.487 Y112.866 E.01736
;WIDTH:0.521492
G1 X104.514 Y113.39 E.0188
;WIDTH:0.522053
G1 X104.431 Y113.833 E.01618
G1 X104.24 Y114.262 E.01683
;WIDTH:0.51873
G1 X103.943 Y114.644 E.01723
;WIDTH:0.51645
G1 X103.563 Y114.944 E.01714
;WIDTH:0.515375
G1 X103.123 Y115.145 E.0171
;WIDTH:0.516592
G1 X102.648 Y115.235 E.01715
;WIDTH:0.524018
G1 X102.121 Y115.199 E.01903
G1 X101.66 Y115.046 E.01749
;WIDTH:0.520307
G1 X101.286 Y114.82 E.01558
;WIDTH:0.517445
G1 X100.943 Y114.48 E.01718
;WIDTH:0.525542
G1 X100.797 Y114.257 E.0096
; stop printing object OrangePi-Spacer.stl id:8761013144 copy 0
G1 E-.84 F2400
;WIPE_START
G1 F3600
G1 X100.612 Y113.849 E-.1614
G1 X100.529 Y113.454 E-.14559
G1 X100.526 Y113.306 E-.05302
;WIPE_END
;LAYER_CHANGE
;Z:7.4
;HEIGHT:0.2
;BEFORE_LAYER_CHANGE
;7.4
G92 E0

;_SET_FAN_SPEED_CHANGING_LAYER
; printing object OrangePi-Spacer.stl id:8761013144 copy 0
G1 Z7.8 F9000
G1 X118.734 Y111.108
G1 Z7.4
G1 E1.2 F1800
;WIDTH:0.520624
G1 F1200
G1 X119.162 Y111.429 E.0191
;WIDTH:0.524669
G1 X119.494 Y111.809 E.0182
;WIDTH:0.52612
G1 X119.748 Y112.261 E.01878
;WIDTH:0.526411
G1 X119.904 Y112.757 E.01878
G1 X119.953 Y113.273 E.01878
;WIDTH:0.52554
G1 X119.895 Y113.789 E.01875
;WIDTH:0.523505
G1 X119.73 Y114.282 E.01868
;WIDTH:0.520549
G1 X119.466 Y114.729 E.01857
;WIDTH:0.523506
G1 X119.113 Y115.111 E.01869
;WIDTH:0.525541
G1 X118.69 Y115.411 E.01876
;WIDTH:0.526412
G1 X118.213 Y115.617 E.01878
G1 X117.704 Y115.72 E.01878
;WIDTH:0.526121
G1 X117.185 Y115.715 E.01877
;WIDTH:0.524669
G1 X116.678 Y115.604 E.01872
;WIDTH:0.522053
G1 X116.205 Y115.388 E.01863
;WIDTH:0.520625
G1 X115.778 Y115.067 E.0191
;WIDTH:0.52467
G1 X115.446 Y114.687 E.0182
;WIDTH:0.526122
G1 X115.191 Y114.235 E.01878
;WIDTH:0.526412
G1 X115.036 Y113.739 E.01878
G1 X114.987 Y113.223 E.01878
;WIDTH:0.525542
G1 X115.045 Y112.707 E.01875
;WIDTH:0.523507
G1 X115.209 Y112.214 E.01868
;WIDTH:0.520548
G1 X115.474 Y111.767 E.01857
;WIDTH:0.523507
G1 X115.826 Y111.385 E.01869
;WIDTH:0.52554
G1 X116.25 Y111.085 E.01876
;WIDTH:0.528568
G1 X116.727 Y110.88 E.01887
G1 X117.235 Y110.777 E.01884
;WIDTH:0.525847
G1 X117.754 Y110.784 E.01873
;WIDTH:0.523558
G1 X118.262 Y110.892 E.01868
;WIDTH:0.522053
G1 X118.698 Y111.091 E.01719
G1 X117.108 Y111.28 F9000
;WIDTH:0.518234
G1 F1200
G1 X117.133 Y111.272 E.00096
G1 X117.579 Y111.245 E.01588
;WIDTH:0.522053
G1 X118.07 Y111.332 E.01788
G1 X118.499 Y111.524 E.01683
;WIDTH:0.51873
G1 X118.881 Y111.821 E.01723
;WIDTH:0.51645
G1 X119.181 Y112.2 E.01714
;WIDTH:0.515376
G1 X119.382 Y112.64 E.0171
;WIDTH:0.516592
G1 X119.472 Y113.115 E.01715
;WIDTH:0.523505
G1 X119.435 Y113.648 E.01921
G1 X119.306 Y114.062 E.01559
;WIDTH:0.520307
G1 X119.057 Y114.477 E.01729
;WIDTH:0.517446
G1 X118.717 Y114.82 E.01718
;WIDTH:0.515746
G1 X118.304 Y115.073 E.01711
G1 X117.843 Y115.22 E.01712
;WIDTH:0.524669
G1 X117.274 Y115.242 E.02054
G1 X116.87 Y115.164 E.01485
;WIDTH:0.522053
G1 X116.441 Y114.972 E.01683
;WIDTH:0.518731
G1 X116.059 Y114.675 E.01723
;WIDTH:0.51645
G1 X115.759 Y114.296 E.01714
;WIDTH:0.515377
G1 X115.558 Y113.856 E.0171
;WIDTH:0.516592
G1 X115.467 Y113.381 E.01715
;WIDTH:0.523507
G1 X115.505 Y112.848 E.01921
G1 X115.633 Y112.434 E.01559
;WIDTH:0.520308
G1 X115.882 Y112.019 E.01729
;WIDTH:0.517446
G1 X116.223 Y111.676 E.01718
;WIDTH:0.515746
G1 X116.64 Y111.422 E.01728
;WIDTH:0.518234
G1 X117.069 Y111.292 E.01596
; stop printing object OrangePi-Spacer.stl id:8761013144 copy 0
; printing object OrangePi-Spacer.stl id:29074711 copy 0
G1 E-.84 F2400
;WIPE_START
G1 F3600
G1 X117.133 Y111.272 E-.02408
G1 X117.579 Y111.245 E-.16071
G1 X118.058 Y111.33 E-.17521
;WIPE_END
G17
G3 Z7.8 I1.096 J-.53 P1  F9000
G1 X114.759 Y104.506 Z7.8
G1 Z7.4
G1 E1.2 F1800
;WIDTH:0.520548
G1 F1200
G1 X115.207 Y104.771 E.01857
;WIDTH:0.523506
G1 X115.588 Y105.123 E.01869
;WIDTH:0.52554
G1 X115.888 Y105.547 E.01876
;WIDTH:0.526411
G1 X116.094 Y106.024 E.01878
G1 X116.197 Y106.533 E.01878
;WIDTH:0.526122
G1 X116.193 Y107.052 E.01877
;WIDTH:0.524669
G1 X116.081 Y107.559 E.01872
;WIDTH:0.522053
G1 X115.865 Y108.031 E.01862
;WIDTH:0.519796
G1 X115.553 Y108.447 E.01854
;WIDTH:0.52467
G1 X115.165 Y108.791 E.01872
;WIDTH:0.52612
G1 X114.712 Y109.045 E.01878
;WIDTH:0.52641
G1 X114.217 Y109.201 E.01878
G1 X113.7 Y109.25 E.01878
;WIDTH:0.525541
G1 X113.184 Y109.192 E.01875
;WIDTH:0.523505
G1 X112.692 Y109.028 E.01868
;WIDTH:0.520548
G1 X112.244 Y108.763 E.01857
;WIDTH:0.523507
G1 X111.862 Y108.411 E.01869
;WIDTH:0.525543
G1 X111.562 Y107.987 E.01876
;WIDTH:0.526413
G1 X111.356 Y107.51 E.01878
G1 X111.254 Y107.001 E.01878
;WIDTH:0.526123
G1 X111.258 Y106.482 E.01877
;WIDTH:0.524669
G1 X111.37 Y105.975 E.01872
;WIDTH:0.522054
G1 X111.585 Y105.502 E.01863
;WIDTH:0.520625
G1 X111.906 Y105.075 E.0191
;WIDTH:0.524671
G1 X112.286 Y104.743 E.0182
;WIDTH:0.528628
G1 X112.739 Y104.49 E.01887
G1 X113.234 Y104.334 E.01885
;WIDTH:0.526172
G1 X113.75 Y104.288 E.01874
;WIDTH:0.524061
G1 X114.266 Y104.342 E.0187
;WIDTH:0.523505
G1 X114.721 Y104.494 E.01724
G1 E-.84 F2400
;WIPE_START
G1 F3600
G1 X115.207 Y104.771 E-.20118
G1 X115.531 Y105.07 E-.15882
;WIPE_END
G17
G3 Z7.8 I-.735 J-.97 P1  F9000
G1 X111.986 Y107.758 Z7.8
G1 Z7.4
G1 E1.2 F1800
;WIDTH:0.526413
G1 F1200
G1 X111.822 Y107.383 E.01478
G1 X111.736 Y106.982 E.01485
;WIDTH:0.526123
G1 X111.731 Y106.571 E.01486
;WIDTH:0.524669
G1 X111.809 Y106.167 E.01485
;WIDTH:0.522054
G1 X112.001 Y105.738 E.01683
;WIDTH:0.518732
G1 X112.298 Y105.356 E.01723
;WIDTH:0.516451
G1 X112.681 Y105.054 E.01731
;WIDTH:0.517474
G1 X113.153 Y104.847 E.0183
G1 X113.592 Y104.766 E.01585
;WIDTH:0.523505
G1 X114.125 Y104.802 E.01921
G1 X114.539 Y104.93 E.01559
;WIDTH:0.520307
G1 X114.954 Y105.18 E.01729
;WIDTH:0.517445
G1 X115.297 Y105.52 E.01718
;WIDTH:0.515746
G1 X115.55 Y105.933 E.01711
G1 X115.697 Y106.394 E.01712
;WIDTH:0.524669
G1 X115.719 Y106.963 E.02054
G1 X115.642 Y107.367 E.01485
;WIDTH:0.522053
G1 X115.449 Y107.795 E.01683
;WIDTH:0.517776
G1 X115.153 Y108.178 E.01719
;WIDTH:0.51645
G1 X114.774 Y108.478 E.01714
;WIDTH:0.515376
G1 X114.334 Y108.679 E.0171
;WIDTH:0.516592
G1 X113.858 Y108.77 E.01715
;WIDTH:0.523505
G1 X113.325 Y108.732 E.01921
G1 X112.912 Y108.604 E.01559
;WIDTH:0.520308
G1 X112.497 Y108.354 E.01729
;WIDTH:0.517445
G1 X112.153 Y108.014 E.01718
;WIDTH:0.525543
G1 X112.008 Y107.791 E.00961
; stop printing object OrangePi-Spacer.stl id:29074711 copy 0
; printing object OrangePi-Spacer.stl id:0 copy 0
G1 E-.84 F2400
;WIPE_START
G1 F3600
G1 X111.822 Y107.383 E-.16133
G1 X111.736 Y106.982 E-.14779
G1 X111.734 Y106.841 E-.05088
;WIPE_END
G17
G3 Z7.8 I-1.199 J-.208 P1  F9000
G1 X111.019 Y110.972 Z7.8
G1 Z7.4
G1 E1.2 F1800
;WIDTH:0.520548
G1 F1200
G1 X111.466 Y111.237 E.01857
;WIDTH:0.523506
G1 X111.848 Y111.589 E.01869
;WIDTH:0.52554
G1 X112.148 Y112.013 E.01876
;WIDTH:0.526411
G1 X112.354 Y112.49 E.01878
G1 X112.457 Y112.999 E.01878
;WIDTH:0.526122
G1 X112.452 Y113.518 E.01877
;WIDTH:0.524669
G1 X112.34 Y114.025 E.01872
;WIDTH:0.522053
G1 X112.125 Y114.497 E.01862
;WIDTH:0.519796
G1 X111.813 Y114.913 E.01854
;WIDTH:0.52467
G1 X111.424 Y115.257 E.01872
;WIDTH:0.52612
G1 X110.972 Y115.511 E.01878
;WIDTH:0.52641
G1 X110.476 Y115.667 E.01878
G1 X109.96 Y115.716 E.01878
;WIDTH:0.525541
G1 X109.444 Y115.658 E.01875
;WIDTH:0.523505
G1 X108.951 Y115.494 E.01868
;WIDTH:0.520548
G1 X108.504 Y115.229 E.01857
;WIDTH:0.523507
G1 X108.122 Y114.877 E.01869
;WIDTH:0.525543
G1 X107.822 Y114.453 E.01876
;WIDTH:0.526413
G1 X107.616 Y113.976 E.01878
G1 X107.513 Y113.467 E.01878
;WIDTH:0.526123
G1 X107.518 Y112.948 E.01877
;WIDTH:0.524669
G1 X107.629 Y112.441 E.01872
;WIDTH:0.522054
G1 X107.845 Y111.968 E.01863
;WIDTH:0.520625
G1 X108.166 Y111.541 E.0191
;WIDTH:0.524671
G1 X108.545 Y111.209 E.0182
;WIDTH:0.528628
G1 X108.999 Y110.956 E.01887
G1 X109.493 Y110.8 E.01885
;WIDTH:0.526172
G1 X110.01 Y110.754 E.01874
;WIDTH:0.524061
G1 X110.526 Y110.808 E.0187
;WIDTH:0.523505
G1 X110.981 Y110.96 E.01724
G1 E-.84 F2400
;WIPE_START
G1 F3600
G1 X111.466 Y111.237 E-.20118
G1 X111.79 Y111.536 E-.15882
;WIPE_END
G17
G3 Z7.8 I-.735 J-.97 P1  F9000
G1 X108.245 Y114.224 Z7.8
G1 Z7.4
G1 E1.2 F1800
;WIDTH:0.526413
G1 F1200
G1 X108.082 Y113.849 E.01478
G1 X107.995 Y113.448 E.01485
;WIDTH:0.526123
G1 X107.991 Y113.037 E.01486
;WIDTH:0.524669
G1 X108.069 Y112.633 E.01485
;WIDTH:0.522054
G1 X108.26 Y112.204 E.01683
;WIDTH:0.518732
G1 X108.557 Y111.822 E.01723
;WIDTH:0.516451
G1 X108.941 Y111.52 E.01731
;WIDTH:0.517474
G1 X109.413 Y111.313 E.0183
G1 X109.852 Y111.232 E.01585
;WIDTH:0.523505
G1 X110.385 Y111.268 E.01921
G1 X110.799 Y111.396 E.01559
;WIDTH:0.520307
G1 X111.214 Y111.646 E.01729
;WIDTH:0.517445
G1 X111.557 Y111.986 E.01718
;WIDTH:0.515746
G1 X111.809 Y112.399 E.01711
G1 X111.956 Y112.86 E.01712
;WIDTH:0.524669
G1 X111.979 Y113.429 E.02054
G1 X111.901 Y113.833 E.01485
;WIDTH:0.522053
G1 X111.709 Y114.261 E.01683
;WIDTH:0.517776
G1 X111.412 Y114.644 E.01719
;WIDTH:0.51645
G1 X111.033 Y114.944 E.01714
;WIDTH:0.515376
G1 X110.593 Y115.145 E.0171
;WIDTH:0.516592
G1 X110.118 Y115.235 E.01715
;WIDTH:0.523505
G1 X109.585 Y115.198 E.01921
G1 X109.171 Y115.07 E.01559
;WIDTH:0.520308
G1 X108.756 Y114.82 E.01729
;WIDTH:0.517445
G1 X108.413 Y114.48 E.01718
;WIDTH:0.525543
G1 X108.267 Y114.257 E.00961
; stop printing object OrangePi-Spacer.stl id:0 copy 0
; printing object OrangePi-Spacer.stl id:8761013144 copy 0
G1 E-.84 F2400
;WIPE_START
G1 F3600
G1 X108.082 Y113.849 E-.16133
G1 X107.995 Y113.448 E-.14779
G1 X107.994 Y113.307 E-.05088
;WIPE_END
G17
G3 Z7.8 I.566 J-1.077 P1  F9000
G1 X103.549 Y110.972 Z7.8
G1 Z7.4
G1 E1.2 F1800
;WIDTH:0.520548
G1 F1200
G1 X103.996 Y111.237 E.01857
;WIDTH:0.523506
G1 X104.378 Y111.589 E.01869
;WIDTH:0.52554
G1 X104.678 Y112.013 E.01876
;WIDTH:0.526411
G1 X104.884 Y112.49 E.01878
G1 X104.987 Y112.999 E.01878
;WIDTH:0.526122
G1 X104.982 Y113.518 E.01877
;WIDTH:0.524669
G1 X104.871 Y114.025 E.01872
;WIDTH:0.522053
G1 X104.655 Y114.497 E.01862
;WIDTH:0.519796
G1 X104.343 Y114.913 E.01854
;WIDTH:0.52467
G1 X103.955 Y115.257 E.01872
;WIDTH:0.52612
G1 X103.502 Y115.511 E.01878
;WIDTH:0.52641
G1 X103.007 Y115.667 E.01878
G1 X102.49 Y115.716 E.01878
;WIDTH:0.525541
G1 X101.974 Y115.658 E.01875
;WIDTH:0.523505
G1 X101.481 Y115.494 E.01868
;WIDTH:0.520548
G1 X101.034 Y115.229 E.01857
;WIDTH:0.523507
G1 X100.652 Y114.877 E.01869
;WIDTH:0.525543
G1 X100.352 Y114.453 E.01876
;WIDTH:0.526413
G1 X100.146 Y113.976 E.01878
G1 X100.043 Y113.467 E.01878
;WIDTH:0.526123
G1 X100.048 Y112.948 E.01877
;WIDTH:0.524669
G1 X100.16 Y112.441 E.01872
;WIDTH:0.522054
G1 X100.375 Y111.968 E.01863
;WIDTH:0.520625
G1 X100.696 Y111.541 E.0191
;WIDTH:0.524671
G1 X101.076 Y111.209 E.0182
;WIDTH:0.528628
G1 X101.529 Y110.956 E.01887
G1 X102.024 Y110.8 E.01885
;WIDTH:0.526172
G1 X102.54 Y110.754 E.01874
;WIDTH:0.524061
G1 X103.056 Y110.808 E.0187
;WIDTH:0.523505
G1 X103.511 Y110.96 E.01724
G1 E-.84 F2400
;WIPE_START
G1 F3600
G1 X103.996 Y111.237 E-.20118
G1 X104.32 Y111.536 E-.15882
;WIPE_END
G17
G3 Z7.8 I-.735 J-.97 P1  F9000
G1 X100.776 Y114.224 Z7.8
G1 Z7.4
G1 E1.2 F1800
;WIDTH:0.526413
G1 F1200
G1 X100.612 Y113.849 E.01478
G1 X100.526 Y113.448 E.01485
;WIDTH:0.526123
G1 X100.521 Y113.037 E.01486
;WIDTH:0.524669
G1 X100.599 Y112.633 E.01485
;WIDTH:0.522054
G1 X100.791 Y112.204 E.01683
;WIDTH:0.518732
G1 X101.088 Y111.822 E.01723
;WIDTH:0.516451
G1 X101.471 Y111.52 E.01731
;WIDTH:0.517474
G1 X101.943 Y111.313 E.0183
G1 X102.382 Y111.232 E.01585
;WIDTH:0.523505
G1 X102.915 Y111.268 E.01921
G1 X103.329 Y111.396 E.01559
;WIDTH:0.520307
G1 X103.744 Y111.646 E.01729
;WIDTH:0.517445
G1 X104.087 Y111.986 E.01718
;WIDTH:0.515746
G1 X104.34 Y112.399 E.01711
G1 X104.487 Y112.86 E.01712
;WIDTH:0.524669
G1 X104.509 Y113.429 E.02054
G1 X104.431 Y113.833 E.01485
;WIDTH:0.522053
G1 X104.239 Y114.261 E.01683
;WIDTH:0.517776
G1 X103.943 Y114.644 E.01719
;WIDTH:0.51645
G1 X103.563 Y114.944 E.01714
;WIDTH:0.515376
G1 X103.123 Y115.145 E.0171
;WIDTH:0.516592
G1 X102.648 Y115.235 E.01715
;WIDTH:0.523505
G1 X102.115 Y115.198 E.01921
G1 X101.701 Y115.07 E.01559
;WIDTH:0.520308
G1 X101.286 Y114.82 E.01729
;WIDTH:0.517445
G1 X100.943 Y114.48 E.01718
;WIDTH:0.525543
G1 X100.797 Y114.257 E.00961
; stop printing object OrangePi-Spacer.stl id:8761013144 copy 0
G1 E-.84 F2400
;WIPE_START
G1 F3600
G1 X100.612 Y113.849 E-.16133
G1 X100.526 Y113.448 E-.14779
G1 X100.524 Y113.307 E-.05088
;WIPE_END
;LAYER_CHANGE
;Z:7.6
;HEIGHT:0.2
;BEFORE_LAYER_CHANGE
;7.6
G92 E0

;_SET_FAN_SPEED_CHANGING_LAYER
; printing object OrangePi-Spacer.stl id:8761013144 copy 0
G1 Z8 F9000
G1 X118.734 Y111.108
G1 Z7.6
G1 E1.2 F1800
;WIDTH:0.520624
G1 F1200
G1 X119.162 Y111.429 E.0191
;WIDTH:0.524669
G1 X119.494 Y111.809 E.0182
;WIDTH:0.526121
G1 X119.748 Y112.261 E.01878
;WIDTH:0.526411
G1 X119.904 Y112.757 E.01878
G1 X119.953 Y113.273 E.01878
;WIDTH:0.526364
G1 X119.895 Y113.789 E.01878
;WIDTH:0.523506
G1 X119.73 Y114.282 E.01868
;WIDTH:0.520549
G1 X119.466 Y114.729 E.01857
;WIDTH:0.523506
G1 X119.113 Y115.111 E.01869
;WIDTH:0.525541
G1 X118.69 Y115.411 E.01876
;WIDTH:0.526411
G1 X118.213 Y115.617 E.01878
G1 X117.704 Y115.72 E.01878
;WIDTH:0.526121
G1 X117.185 Y115.715 E.01877
;WIDTH:0.524669
G1 X116.678 Y115.604 E.01872
;WIDTH:0.522114
G1 X116.206 Y115.388 E.01863
;WIDTH:0.521962
G1 X115.778 Y115.067 E.01915
;WIDTH:0.52467
G1 X115.446 Y114.687 E.0182
;WIDTH:0.526122
G1 X115.191 Y114.235 E.01878
;WIDTH:0.526412
G1 X115.036 Y113.739 E.01878
G1 X114.987 Y113.223 E.01878
G1 X115.045 Y112.707 E.01878
;WIDTH:0.523508
G1 X115.209 Y112.214 E.01868
;WIDTH:0.520549
G1 X115.474 Y111.767 E.01857
;WIDTH:0.523507
G1 X115.826 Y111.385 E.01869
;WIDTH:0.52554
G1 X116.25 Y111.085 E.01876
;WIDTH:0.527998
G1 X116.727 Y110.88 E.01885
G1 X117.235 Y110.777 E.01883
;WIDTH:0.525921
G1 X117.763 Y110.782 E.01909
;WIDTH:0.523877
G1 X118.262 Y110.892 E.01837
;WIDTH:0.522053
G1 X118.698 Y111.091 E.01719
G1 X117.107 Y111.278 F9000
;WIDTH:0.51755
G1 F1200
G1 X117.123 Y111.274 E.00058
G1 X117.579 Y111.245 E.01624
;WIDTH:0.522053
G1 X118.07 Y111.332 E.01788
G1 X118.499 Y111.524 E.01683
;WIDTH:0.518731
G1 X118.881 Y111.821 E.01723
;WIDTH:0.51645
G1 X119.181 Y112.2 E.01714
;WIDTH:0.515376
G1 X119.382 Y112.64 E.0171
;WIDTH:0.517093
G1 X119.473 Y113.118 E.01729
;WIDTH:0.521187
G1 X119.441 Y113.623 E.01811
G1 X119.306 Y114.062 E.01641
;WIDTH:0.520307
G1 X119.057 Y114.477 E.01729
;WIDTH:0.517445
G1 X118.717 Y114.82 E.01718
;WIDTH:0.515745
G1 X118.304 Y115.073 E.01711
G1 X117.843 Y115.22 E.01712
;WIDTH:0.524669
G1 X117.274 Y115.242 E.02054
G1 X116.873 Y115.166 E.01473
;WIDTH:0.522114
G1 X116.42 Y114.957 E.01788
;WIDTH:0.518945
G1 X116.059 Y114.675 E.01629
;WIDTH:0.516451
G1 X115.759 Y114.296 E.01714
;WIDTH:0.515377
G1 X115.558 Y113.856 E.0171
;WIDTH:0.517094
G1 X115.467 Y113.378 E.01729
;WIDTH:0.52134
G1 X115.499 Y112.872 E.01814
G1 X115.633 Y112.434 E.01639
;WIDTH:0.520309
G1 X115.882 Y112.019 E.01729
;WIDTH:0.517447
G1 X116.223 Y111.676 E.01718
;WIDTH:0.515747
G1 X116.639 Y111.422 E.01724
;WIDTH:0.51755
G1 X117.069 Y111.29 E.01598
; stop printing object OrangePi-Spacer.stl id:8761013144 copy 0
; printing object OrangePi-Spacer.stl id:29074711 copy 0
G1 E-.84 F2400
;WIPE_START
G1 F3600
G1 X117.123 Y111.274 E-.02026
G1 X117.579 Y111.245 E-.16457
G1 X118.058 Y111.33 E-.17517
;WIPE_END
G17
G3 Z8 I1.096 J-.53 P1  F9000
G1 X114.759 Y104.506 Z8
G1 Z7.6
G1 E1.2 F1800
;WIDTH:0.520548
G1 F1200
G1 X115.207 Y104.771 E.01857
;WIDTH:0.523506
G1 X115.588 Y105.123 E.01869
;WIDTH:0.52554
G1 X115.888 Y105.547 E.01876
;WIDTH:0.526411
G1 X116.094 Y106.024 E.01878
G1 X116.197 Y106.533 E.01878
;WIDTH:0.526122
G1 X116.193 Y107.052 E.01877
;WIDTH:0.524669
G1 X116.081 Y107.559 E.01872
;WIDTH:0.522052
G1 X115.865 Y108.031 E.01862
;WIDTH:0.519852
G1 X115.55 Y108.455 E.01888
;WIDTH:0.524669
G1 X115.165 Y108.791 E.01841
;WIDTH:0.52612
G1 X114.712 Y109.045 E.01878
;WIDTH:0.52641
G1 X114.217 Y109.201 E.01878
G1 X113.7 Y109.25 E.01878
;WIDTH:0.52554
G1 X113.184 Y109.192 E.01875
;WIDTH:0.523506
G1 X112.692 Y109.028 E.01868
;WIDTH:0.520549
G1 X112.244 Y108.763 E.01857
;WIDTH:0.523507
G1 X111.862 Y108.411 E.01869
;WIDTH:0.525541
G1 X111.562 Y107.987 E.01876
;WIDTH:0.526413
G1 X111.356 Y107.51 E.01878
G1 X111.254 Y107.001 E.01878
;WIDTH:0.526123
G1 X111.258 Y106.482 E.01877
;WIDTH:0.524669
G1 X111.37 Y105.975 E.01872
;WIDTH:0.522054
G1 X111.585 Y105.502 E.01863
;WIDTH:0.520624
G1 X111.906 Y105.075 E.0191
;WIDTH:0.52467
G1 X112.286 Y104.743 E.0182
;WIDTH:0.527961
G1 X112.739 Y104.489 E.01885
G1 X113.234 Y104.334 E.01883
;WIDTH:0.526237
G1 X113.759 Y104.284 E.0191
;WIDTH:0.524487
G1 X114.266 Y104.342 E.01839
;WIDTH:0.523507
G1 X114.721 Y104.494 E.01724
G1 E-.84 F2400
;WIPE_START
G1 F3600
G1 X115.207 Y104.771 E-.20118
G1 X115.531 Y105.07 E-.15882
;WIPE_END
G17
G3 Z8 I-.735 J-.97 P1  F9000
G1 X111.986 Y107.758 Z8
G1 Z7.6
G1 E1.2 F1800
;WIDTH:0.526413
G1 F1200
G1 X111.822 Y107.383 E.01478
G1 X111.736 Y106.982 E.01485
;WIDTH:0.526123
G1 X111.731 Y106.571 E.01486
;WIDTH:0.524669
G1 X111.809 Y106.167 E.01485
;WIDTH:0.522054
G1 X112.001 Y105.738 E.01683
;WIDTH:0.518732
G1 X112.298 Y105.356 E.01723
;WIDTH:0.516452
G1 X112.68 Y105.055 E.01726
;WIDTH:0.516874
G1 X113.143 Y104.849 E.01795
G1 X113.592 Y104.766 E.01621
;WIDTH:0.523507
G1 X114.125 Y104.802 E.01921
G1 X114.539 Y104.93 E.01559
;WIDTH:0.520307
G1 X114.954 Y105.18 E.01729
;WIDTH:0.517445
G1 X115.297 Y105.52 E.01718
;WIDTH:0.515745
G1 X115.55 Y105.933 E.01711
G1 X115.697 Y106.394 E.01712
;WIDTH:0.524669
G1 X115.719 Y106.963 E.02054
G1 X115.642 Y107.367 E.01485
;WIDTH:0.522052
G1 X115.45 Y107.796 E.01683
;WIDTH:0.51804
G1 X115.153 Y108.178 E.0172
;WIDTH:0.51645
G1 X114.774 Y108.478 E.01714
;WIDTH:0.515376
G1 X114.334 Y108.679 E.0171
;WIDTH:0.516593
G1 X113.858 Y108.77 E.01715
;WIDTH:0.523506
G1 X113.325 Y108.732 E.01921
G1 X112.912 Y108.604 E.01559
;WIDTH:0.520308
G1 X112.497 Y108.354 E.01729
;WIDTH:0.517446
G1 X112.153 Y108.014 E.01718
;WIDTH:0.525541
G1 X112.007 Y107.791 E.00961
; stop printing object OrangePi-Spacer.stl id:29074711 copy 0
; printing object OrangePi-Spacer.stl id:0 copy 0
G1 E-.84 F2400
;WIPE_START
G1 F3600
G1 X111.822 Y107.383 E-.16126
G1 X111.736 Y106.982 E-.14779
G1 X111.734 Y106.84 E-.05095
;WIPE_END
G17
G3 Z8 I-1.199 J-.208 P1  F9000
G1 X111.019 Y110.972 Z8
G1 Z7.6
G1 E1.2 F1800
;WIDTH:0.520548
G1 F1200
G1 X111.466 Y111.237 E.01857
;WIDTH:0.523506
G1 X111.848 Y111.589 E.01869
;WIDTH:0.52554
G1 X112.148 Y112.013 E.01876
;WIDTH:0.526411
G1 X112.354 Y112.49 E.01878
G1 X112.457 Y112.999 E.01878
;WIDTH:0.526122
G1 X112.452 Y113.518 E.01877
;WIDTH:0.524669
G1 X112.34 Y114.025 E.01872
;WIDTH:0.522052
G1 X112.125 Y114.497 E.01862
;WIDTH:0.519852
G1 X111.809 Y114.921 E.01888
;WIDTH:0.524669
G1 X111.424 Y115.257 E.01841
;WIDTH:0.52612
G1 X110.972 Y115.511 E.01878
;WIDTH:0.52641
G1 X110.476 Y115.667 E.01878
G1 X109.96 Y115.716 E.01878
;WIDTH:0.52554
G1 X109.444 Y115.658 E.01875
;WIDTH:0.523506
G1 X108.951 Y115.494 E.01868
;WIDTH:0.520549
G1 X108.504 Y115.229 E.01857
;WIDTH:0.523507
G1 X108.122 Y114.877 E.01869
;WIDTH:0.525541
G1 X107.822 Y114.453 E.01876
;WIDTH:0.526413
G1 X107.616 Y113.976 E.01878
G1 X107.513 Y113.467 E.01878
;WIDTH:0.526123
G1 X107.518 Y112.948 E.01877
;WIDTH:0.524669
G1 X107.629 Y112.441 E.01872
;WIDTH:0.522054
G1 X107.845 Y111.968 E.01863
;WIDTH:0.520624
G1 X108.166 Y111.541 E.0191
;WIDTH:0.52467
G1 X108.545 Y111.209 E.0182
;WIDTH:0.527961
G1 X108.999 Y110.955 E.01885
G1 X109.493 Y110.8 E.01883
;WIDTH:0.526237
G1 X110.019 Y110.75 E.0191
;WIDTH:0.524487
G1 X110.526 Y110.808 E.01839
;WIDTH:0.523507
G1 X110.981 Y110.96 E.01724
G1 E-.84 F2400
;WIPE_START
G1 F3600
G1 X111.466 Y111.237 E-.20118
G1 X111.79 Y111.536 E-.15882
;WIPE_END
G17
G3 Z8 I-.735 J-.97 P1  F9000
G1 X108.245 Y114.224 Z8
G1 Z7.6
G1 E1.2 F1800
;WIDTH:0.526413
G1 F1200
G1 X108.082 Y113.849 E.01478
G1 X107.995 Y113.448 E.01485
;WIDTH:0.526123
G1 X107.991 Y113.037 E.01486
;WIDTH:0.524669
G1 X108.069 Y112.633 E.01485
;WIDTH:0.522054
G1 X108.26 Y112.204 E.01683
;WIDTH:0.518732
G1 X108.557 Y111.822 E.01723
;WIDTH:0.516452
G1 X108.94 Y111.521 E.01726
;WIDTH:0.516874
G1 X109.402 Y111.315 E.01795
G1 X109.852 Y111.232 E.01621
;WIDTH:0.523507
G1 X110.385 Y111.268 E.01921
G1 X110.799 Y111.396 E.01559
;WIDTH:0.520307
G1 X111.214 Y111.646 E.01729
;WIDTH:0.517445
G1 X111.557 Y111.986 E.01718
;WIDTH:0.515745
G1 X111.809 Y112.399 E.01711
G1 X111.956 Y112.86 E.01712
;WIDTH:0.524669
G1 X111.979 Y113.429 E.02054
G1 X111.901 Y113.833 E.01485
;WIDTH:0.522052
G1 X111.709 Y114.261 E.01683
;WIDTH:0.51804
G1 X111.412 Y114.644 E.0172
;WIDTH:0.51645
G1 X111.033 Y114.944 E.01714
;WIDTH:0.515376
G1 X110.593 Y115.145 E.0171
;WIDTH:0.516593
G1 X110.118 Y115.235 E.01715
;WIDTH:0.523506
G1 X109.585 Y115.198 E.01921
G1 X109.171 Y115.07 E.01559
;WIDTH:0.520308
G1 X108.756 Y114.82 E.01729
;WIDTH:0.517446
G1 X108.413 Y114.48 E.01718
;WIDTH:0.525541
G1 X108.267 Y114.257 E.00961
; stop printing object OrangePi-Spacer.stl id:0 copy 0
; printing object OrangePi-Spacer.stl id:8761013144 copy 0
G1 E-.84 F2400
;WIPE_START
G1 F3600
G1 X108.082 Y113.849 E-.16126
G1 X107.995 Y113.448 E-.14779
G1 X107.994 Y113.306 E-.05095
;WIPE_END
G17
G3 Z8 I.566 J-1.077 P1  F9000
G1 X103.549 Y110.972 Z8
G1 Z7.6
G1 E1.2 F1800
;WIDTH:0.520548
G1 F1200
G1 X103.996 Y111.237 E.01857
;WIDTH:0.523506
G1 X104.378 Y111.589 E.01869
;WIDTH:0.52554
G1 X104.678 Y112.013 E.01876
;WIDTH:0.526411
G1 X104.884 Y112.49 E.01878
G1 X104.987 Y112.999 E.01878
;WIDTH:0.526122
G1 X104.982 Y113.518 E.01877
;WIDTH:0.524669
G1 X104.871 Y114.025 E.01872
;WIDTH:0.522052
G1 X104.655 Y114.497 E.01862
;WIDTH:0.519852
G1 X104.339 Y114.921 E.01888
;WIDTH:0.524669
G1 X103.955 Y115.257 E.01841
;WIDTH:0.52612
G1 X103.502 Y115.511 E.01878
;WIDTH:0.52641
G1 X103.007 Y115.667 E.01878
G1 X102.49 Y115.716 E.01878
;WIDTH:0.52554
G1 X101.974 Y115.658 E.01875
;WIDTH:0.523506
G1 X101.481 Y115.494 E.01868
;WIDTH:0.520549
G1 X101.034 Y115.229 E.01857
;WIDTH:0.523507
G1 X100.652 Y114.877 E.01869
;WIDTH:0.525541
G1 X100.352 Y114.453 E.01876
;WIDTH:0.526413
G1 X100.146 Y113.976 E.01878
G1 X100.043 Y113.467 E.01878
;WIDTH:0.526123
G1 X100.048 Y112.948 E.01877
;WIDTH:0.524669
G1 X100.16 Y112.441 E.01872
;WIDTH:0.522054
G1 X100.375 Y111.968 E.01863
;WIDTH:0.520624
G1 X100.696 Y111.541 E.0191
;WIDTH:0.52467
G1 X101.076 Y111.209 E.0182
;WIDTH:0.527961
G1 X101.529 Y110.955 E.01885
G1 X102.024 Y110.8 E.01883
;WIDTH:0.526237
G1 X102.549 Y110.75 E.0191
;WIDTH:0.524487
G1 X103.056 Y110.808 E.01839
;WIDTH:0.523507
G1 X103.511 Y110.96 E.01724
G1 E-.84 F2400
;WIPE_START
G1 F3600
G1 X103.996 Y111.237 E-.20118
G1 X104.32 Y111.536 E-.15882
;WIPE_END
G17
G3 Z8 I-.735 J-.97 P1  F9000
G1 X100.776 Y114.224 Z8
G1 Z7.6
G1 E1.2 F1800
;WIDTH:0.526413
G1 F1200
G1 X100.612 Y113.849 E.01478
G1 X100.526 Y113.448 E.01485
;WIDTH:0.526123
G1 X100.521 Y113.037 E.01486
;WIDTH:0.524669
G1 X100.599 Y112.633 E.01485
;WIDTH:0.522054
G1 X100.791 Y112.204 E.01683
;WIDTH:0.518732
G1 X101.088 Y111.822 E.01723
;WIDTH:0.516452
G1 X101.47 Y111.521 E.01726
;WIDTH:0.516874
G1 X101.933 Y111.315 E.01795
G1 X102.382 Y111.232 E.01621
;WIDTH:0.523507
G1 X102.915 Y111.268 E.01921
G1 X103.329 Y111.396 E.01559
;WIDTH:0.520307
G1 X103.744 Y111.646 E.01729
;WIDTH:0.517445
G1 X104.087 Y111.986 E.01718
;WIDTH:0.515745
G1 X104.34 Y112.399 E.01711
G1 X104.487 Y112.86 E.01712
;WIDTH:0.524669
G1 X104.509 Y113.429 E.02054
G1 X104.431 Y113.833 E.01485
;WIDTH:0.522052
G1 X104.239 Y114.261 E.01683
;WIDTH:0.51804
G1 X103.943 Y114.644 E.0172
;WIDTH:0.51645
G1 X103.563 Y114.944 E.01714
;WIDTH:0.515376
G1 X103.123 Y115.145 E.0171
;WIDTH:0.516593
G1 X102.648 Y115.235 E.01715
;WIDTH:0.523506
G1 X102.115 Y115.198 E.01921
G1 X101.701 Y115.07 E.01559
;WIDTH:0.520308
G1 X101.286 Y114.82 E.01729
;WIDTH:0.517446
G1 X100.943 Y114.48 E.01718
;WIDTH:0.525541
G1 X100.797 Y114.257 E.00961
; stop printing object OrangePi-Spacer.stl id:8761013144 copy 0
G1 E-.84 F2400
;WIPE_START
G1 F3600
G1 X100.612 Y113.849 E-.16126
G1 X100.526 Y113.448 E-.14779
G1 X100.524 Y113.306 E-.05095
;WIPE_END
;LAYER_CHANGE
;Z:7.8
;HEIGHT:0.2
;BEFORE_LAYER_CHANGE
;7.8
G92 E0

;_SET_FAN_SPEED_CHANGING_LAYER
; printing object OrangePi-Spacer.stl id:8761013144 copy 0
G1 Z8.2 F9000
G1 X118.734 Y111.108
G1 Z7.8
G1 E1.2 F1800
;WIDTH:0.520624
G1 F1200
G1 X119.162 Y111.429 E.0191
;WIDTH:0.52467
G1 X119.494 Y111.809 E.0182
;WIDTH:0.526121
G1 X119.748 Y112.261 E.01878
;WIDTH:0.526411
G1 X119.904 Y112.757 E.01878
G1 X119.953 Y113.273 E.01878
;WIDTH:0.52554
G1 X119.895 Y113.789 E.01875
;WIDTH:0.523506
G1 X119.73 Y114.282 E.01868
;WIDTH:0.520548
G1 X119.466 Y114.729 E.01857
;WIDTH:0.523506
G1 X119.113 Y115.111 E.01869
;WIDTH:0.525541
G1 X118.69 Y115.411 E.01876
;WIDTH:0.526412
G1 X118.213 Y115.617 E.01878
G1 X117.704 Y115.72 E.01878
;WIDTH:0.526121
G1 X117.185 Y115.715 E.01877
;WIDTH:0.524669
G1 X116.678 Y115.604 E.01872
;WIDTH:0.522095
G1 X116.206 Y115.388 E.01863
;WIDTH:0.521093
G1 X115.778 Y115.067 E.01912
;WIDTH:0.524671
G1 X115.446 Y114.687 E.0182
;WIDTH:0.526122
G1 X115.191 Y114.235 E.01878
;WIDTH:0.526412
G1 X115.036 Y113.739 E.01878
G1 X114.987 Y113.223 E.01878
;WIDTH:0.525542
G1 X115.045 Y112.707 E.01875
;WIDTH:0.523508
G1 X115.209 Y112.214 E.01868
;WIDTH:0.520549
G1 X115.474 Y111.767 E.01857
;WIDTH:0.523507
G1 X115.826 Y111.385 E.01869
;WIDTH:0.525541
G1 X116.25 Y111.085 E.01876
;WIDTH:0.527392
G1 X116.727 Y110.879 E.01882
G1 X117.235 Y110.776 E.01881
;WIDTH:0.525998
G1 X117.75 Y110.779 E.0186
;WIDTH:0.524195
G1 X118.262 Y110.892 E.01887
;WIDTH:0.522054
G1 X118.698 Y111.091 E.01719
G1 X117.107 Y111.276 F9000
;WIDTH:0.516867
G1 F1200
G1 X117.112 Y111.275 E.0002
;WIDTH:0.524195
G1 X117.685 Y111.257 E.02064
G1 X118.07 Y111.332 E.01413
;WIDTH:0.522054
G1 X118.499 Y111.524 E.01683
;WIDTH:0.518731
G1 X118.881 Y111.821 E.01723
;WIDTH:0.51645
G1 X119.181 Y112.2 E.01714
;WIDTH:0.515376
G1 X119.382 Y112.64 E.0171
;WIDTH:0.516592
G1 X119.472 Y113.115 E.01715
;WIDTH:0.523506
G1 X119.435 Y113.648 E.01921
G1 X119.306 Y114.062 E.01559
;WIDTH:0.520307
G1 X119.057 Y114.477 E.01729
;WIDTH:0.517446
G1 X118.717 Y114.82 E.01718
;WIDTH:0.515747
G1 X118.304 Y115.073 E.01711
G1 X117.843 Y115.22 E.01712
;WIDTH:0.524669
G1 X117.274 Y115.242 E.02054
G1 X116.871 Y115.165 E.01477
;WIDTH:0.522095
G1 X116.428 Y114.963 E.01746
;WIDTH:0.518858
G1 X116.059 Y114.675 E.01667
;WIDTH:0.516451
G1 X115.759 Y114.296 E.01714
;WIDTH:0.515377
G1 X115.558 Y113.856 E.0171
;WIDTH:0.516593
G1 X115.467 Y113.381 E.01715
;WIDTH:0.523508
G1 X115.505 Y112.848 E.01921
G1 X115.633 Y112.434 E.01559
;WIDTH:0.520309
G1 X115.882 Y112.019 E.01729
;WIDTH:0.517447
G1 X116.223 Y111.676 E.01718
;WIDTH:0.515747
G1 X116.638 Y111.423 E.01719
;WIDTH:0.516867
G1 X117.069 Y111.288 E.01602
; stop printing object OrangePi-Spacer.stl id:8761013144 copy 0
; printing object OrangePi-Spacer.stl id:29074711 copy 0
G1 E-.84 F2400
;WIPE_START
G1 F3600
G1 X117.112 Y111.275 E-.01644
G1 X117.685 Y111.257 E-.20631
G1 X118.059 Y111.33 E-.13725
;WIPE_END
G17
G3 Z8.2 I1.096 J-.53 P1  F9000
G1 X114.759 Y104.506 Z8.2
G1 Z7.8
G1 E1.2 F1800
;WIDTH:0.520548
G1 F1200
G1 X115.207 Y104.771 E.01857
;WIDTH:0.523506
G1 X115.588 Y105.123 E.01869
;WIDTH:0.52554
G1 X115.888 Y105.547 E.01876
;WIDTH:0.526411
G1 X116.094 Y106.024 E.01878
G1 X116.197 Y106.533 E.01878
;WIDTH:0.526122
G1 X116.193 Y107.052 E.01877
;WIDTH:0.524669
G1 X116.081 Y107.559 E.01872
;WIDTH:0.522054
G1 X115.866 Y108.031 E.01862
G1 X115.559 Y108.445 E.01848
;WIDTH:0.52467
G1 X115.165 Y108.791 E.0189
;WIDTH:0.52612
G1 X114.712 Y109.045 E.01878
;WIDTH:0.526411
G1 X114.217 Y109.201 E.01878
G1 X113.7 Y109.25 E.01878
;WIDTH:0.525541
G1 X113.184 Y109.192 E.01875
;WIDTH:0.523506
G1 X112.692 Y109.028 E.01868
;WIDTH:0.520549
G1 X112.244 Y108.763 E.01857
;WIDTH:0.523508
G1 X111.862 Y108.411 E.01869
;WIDTH:0.525542
G1 X111.562 Y107.987 E.01876
;WIDTH:0.526413
G1 X111.356 Y107.51 E.01878
;WIDTH:0.52679
G1 X111.254 Y107.001 E.0188
G1 X111.258 Y106.482 E.01879
;WIDTH:0.52467
G1 X111.37 Y105.975 E.01872
;WIDTH:0.522054
G1 X111.585 Y105.502 E.01863
;WIDTH:0.520625
G1 X111.906 Y105.075 E.0191
;WIDTH:0.524671
G1 X112.286 Y104.743 E.0182
;WIDTH:0.527258
G1 X112.739 Y104.489 E.01882
G1 X113.234 Y104.334 E.0188
;WIDTH:0.526305
G1 X113.746 Y104.283 E.01861
;WIDTH:0.524909
G1 X114.266 Y104.342 E.0189
;WIDTH:0.523507
G1 X114.721 Y104.494 E.01724
G1 E-.84 F2400
;WIPE_START
G1 F3600
G1 X115.207 Y104.771 E-.20118
G1 X115.531 Y105.07 E-.15882
;WIPE_END
G17
G3 Z8.2 I-.735 J-.97 P1  F9000
G1 X111.986 Y107.757 Z8.2
G1 Z7.8
G1 E1.2 F1800
;WIDTH:0.526413
G1 F1200
G1 X111.822 Y107.383 E.01477
;WIDTH:0.52679
G1 X111.737 Y106.984 E.01479
G1 X111.731 Y106.571 E.01495
;WIDTH:0.52467
G1 X111.809 Y106.167 E.01485
;WIDTH:0.522054
G1 X112.001 Y105.738 E.01683
;WIDTH:0.518732
G1 X112.298 Y105.356 E.01723
;WIDTH:0.516452
G1 X112.679 Y105.055 E.01721
;WIDTH:0.516276
G1 X113.133 Y104.852 E.01761
G1 X113.592 Y104.765 E.01657
;WIDTH:0.523507
G1 X114.125 Y104.802 E.01921
G1 X114.539 Y104.93 E.01559
;WIDTH:0.520307
G1 X114.954 Y105.18 E.01729
;WIDTH:0.517445
G1 X115.297 Y105.52 E.01718
;WIDTH:0.515746
G1 X115.55 Y105.933 E.01711
G1 X115.697 Y106.394 E.01712
;WIDTH:0.524669
G1 X115.719 Y106.963 E.02054
G1 X115.642 Y107.367 E.01485
;WIDTH:0.522054
G1 X115.448 Y107.797 E.0169
;WIDTH:0.518327
G1 X115.141 Y108.188 E.01769
;WIDTH:0.516836
G1 X114.774 Y108.478 E.01659
;WIDTH:0.515376
G1 X114.334 Y108.679 E.0171
;WIDTH:0.516592
G1 X113.858 Y108.77 E.01715
;WIDTH:0.523506
G1 X113.325 Y108.732 E.01921
G1 X112.912 Y108.604 E.01559
;WIDTH:0.520309
G1 X112.497 Y108.354 E.01729
;WIDTH:0.517445
G1 X112.153 Y108.014 E.01718
;WIDTH:0.525542
G1 X112.007 Y107.791 E.00962
; stop printing object OrangePi-Spacer.stl id:29074711 copy 0
; printing object OrangePi-Spacer.stl id:0 copy 0
G1 E-.84 F2400
;WIPE_START
G1 F3600
G1 X111.822 Y107.383 E-.16121
G1 X111.737 Y106.984 E-.14701
G1 X111.735 Y106.84 E-.05178
;WIPE_END
G17
G3 Z8.2 I-1.199 J-.208 P1  F9000
G1 X111.019 Y110.972 Z8.2
G1 Z7.8
G1 E1.2 F1800
;WIDTH:0.520548
G1 F1200
G1 X111.466 Y111.237 E.01857
;WIDTH:0.523506
G1 X111.848 Y111.589 E.01869
;WIDTH:0.52554
G1 X112.148 Y112.013 E.01876
;WIDTH:0.526411
G1 X112.354 Y112.49 E.01878
G1 X112.457 Y112.999 E.01878
;WIDTH:0.526122
G1 X112.452 Y113.518 E.01877
;WIDTH:0.524669
G1 X112.34 Y114.025 E.01872
;WIDTH:0.522054
G1 X112.125 Y114.497 E.01862
G1 X111.818 Y114.911 E.01848
;WIDTH:0.52467
G1 X111.424 Y115.257 E.0189
;WIDTH:0.52612
G1 X110.972 Y115.511 E.01878
;WIDTH:0.526411
G1 X110.476 Y115.667 E.01878
G1 X109.96 Y115.716 E.01878
;WIDTH:0.525541
G1 X109.444 Y115.658 E.01875
;WIDTH:0.523506
G1 X108.951 Y115.494 E.01868
;WIDTH:0.520549
G1 X108.504 Y115.229 E.01857
;WIDTH:0.523508
G1 X108.122 Y114.877 E.01869
;WIDTH:0.525542
G1 X107.822 Y114.453 E.01876
;WIDTH:0.526413
G1 X107.616 Y113.976 E.01878
;WIDTH:0.52679
G1 X107.513 Y113.467 E.0188
G1 X107.518 Y112.948 E.01879
;WIDTH:0.52467
G1 X107.629 Y112.441 E.01872
;WIDTH:0.522054
G1 X107.845 Y111.968 E.01863
;WIDTH:0.520625
G1 X108.166 Y111.541 E.0191
;WIDTH:0.524671
G1 X108.545 Y111.209 E.0182
;WIDTH:0.527258
G1 X108.998 Y110.955 E.01882
G1 X109.493 Y110.8 E.0188
;WIDTH:0.526305
G1 X110.005 Y110.749 E.01861
;WIDTH:0.524909
G1 X110.526 Y110.808 E.0189
;WIDTH:0.523507
G1 X110.981 Y110.96 E.01724
G1 E-.84 F2400
;WIPE_START
G1 F3600
G1 X111.466 Y111.237 E-.20118
G1 X111.79 Y111.536 E-.15882
;WIPE_END
G17
G3 Z8.2 I-.735 J-.97 P1  F9000
G1 X108.245 Y114.223 Z8.2
G1 Z7.8
G1 E1.2 F1800
;WIDTH:0.526413
G1 F1200
G1 X108.082 Y113.849 E.01477
;WIDTH:0.52679
G1 X107.997 Y113.45 E.01479
G1 X107.991 Y113.037 E.01495
;WIDTH:0.52467
G1 X108.069 Y112.633 E.01485
;WIDTH:0.522054
G1 X108.26 Y112.204 E.01683
;WIDTH:0.518732
G1 X108.557 Y111.822 E.01723
;WIDTH:0.516452
G1 X108.939 Y111.521 E.01721
;WIDTH:0.516276
G1 X109.392 Y111.317 E.01761
G1 X109.852 Y111.231 E.01657
;WIDTH:0.523507
G1 X110.385 Y111.268 E.01921
G1 X110.799 Y111.396 E.01559
;WIDTH:0.520307
G1 X111.214 Y111.646 E.01729
;WIDTH:0.517445
G1 X111.557 Y111.986 E.01718
;WIDTH:0.515746
G1 X111.809 Y112.399 E.01711
G1 X111.956 Y112.86 E.01712
;WIDTH:0.524669
G1 X111.979 Y113.429 E.02054
G1 X111.901 Y113.833 E.01485
;WIDTH:0.522054
G1 X111.708 Y114.263 E.0169
;WIDTH:0.518327
G1 X111.4 Y114.654 E.01769
;WIDTH:0.516836
G1 X111.033 Y114.944 E.01659
;WIDTH:0.515376
G1 X110.593 Y115.145 E.0171
;WIDTH:0.516592
G1 X110.118 Y115.235 E.01715
;WIDTH:0.523506
G1 X109.585 Y115.198 E.01921
G1 X109.171 Y115.07 E.01559
;WIDTH:0.520309
G1 X108.756 Y114.82 E.01729
;WIDTH:0.517445
G1 X108.413 Y114.48 E.01718
;WIDTH:0.525542
G1 X108.267 Y114.257 E.00962
; stop printing object OrangePi-Spacer.stl id:0 copy 0
; printing object OrangePi-Spacer.stl id:8761013144 copy 0
G1 E-.84 F2400
;WIPE_START
G1 F3600
G1 X108.082 Y113.849 E-.16121
G1 X107.997 Y113.45 E-.14701
G1 X107.995 Y113.306 E-.05178
;WIPE_END
G17
G3 Z8.2 I.566 J-1.078 P1  F9000
G1 X103.549 Y110.972 Z8.2
G1 Z7.8
G1 E1.2 F1800
;WIDTH:0.520548
G1 F1200
G1 X103.996 Y111.237 E.01857
;WIDTH:0.523506
G1 X104.378 Y111.589 E.01869
;WIDTH:0.52554
G1 X104.678 Y112.013 E.01876
;WIDTH:0.526411
G1 X104.884 Y112.49 E.01878
G1 X104.987 Y112.999 E.01878
;WIDTH:0.526122
G1 X104.982 Y113.518 E.01877
;WIDTH:0.524669
G1 X104.871 Y114.025 E.01872
;WIDTH:0.522054
G1 X104.655 Y114.497 E.01862
G1 X104.348 Y114.911 E.01848
;WIDTH:0.52467
G1 X103.955 Y115.257 E.0189
;WIDTH:0.52612
G1 X103.502 Y115.511 E.01878
;WIDTH:0.526411
G1 X103.007 Y115.667 E.01878
G1 X102.49 Y115.716 E.01878
;WIDTH:0.525541
G1 X101.974 Y115.658 E.01875
;WIDTH:0.523506
G1 X101.481 Y115.494 E.01868
;WIDTH:0.520549
G1 X101.034 Y115.229 E.01857
;WIDTH:0.523508
G1 X100.652 Y114.877 E.01869
;WIDTH:0.525542
G1 X100.352 Y114.453 E.01876
;WIDTH:0.526413
G1 X100.146 Y113.976 E.01878
;WIDTH:0.52679
G1 X100.044 Y113.467 E.0188
G1 X100.048 Y112.948 E.01879
;WIDTH:0.52467
G1 X100.16 Y112.441 E.01872
;WIDTH:0.522054
G1 X100.375 Y111.968 E.01863
;WIDTH:0.520625
G1 X100.696 Y111.541 E.0191
;WIDTH:0.524671
G1 X101.076 Y111.209 E.0182
;WIDTH:0.527258
G1 X101.529 Y110.955 E.01882
G1 X102.024 Y110.8 E.0188
;WIDTH:0.526305
G1 X102.536 Y110.749 E.01861
;WIDTH:0.524909
G1 X103.056 Y110.808 E.0189
;WIDTH:0.523507
G1 X103.511 Y110.96 E.01724
G1 E-.84 F2400
;WIPE_START
G1 F3600
G1 X103.996 Y111.237 E-.20118
G1 X104.32 Y111.536 E-.15882
;WIPE_END
G17
G3 Z8.2 I-.735 J-.97 P1  F9000
G1 X100.775 Y114.223 Z8.2
G1 Z7.8
G1 E1.2 F1800
;WIDTH:0.526413
G1 F1200
G1 X100.612 Y113.849 E.01477
;WIDTH:0.52679
G1 X100.527 Y113.45 E.01479
G1 X100.521 Y113.037 E.01495
;WIDTH:0.52467
G1 X100.599 Y112.633 E.01485
;WIDTH:0.522054
G1 X100.791 Y112.204 E.01683
;WIDTH:0.518732
G1 X101.088 Y111.822 E.01723
;WIDTH:0.516452
G1 X101.469 Y111.521 E.01721
;WIDTH:0.516276
G1 X101.922 Y111.317 E.01761
G1 X102.382 Y111.231 E.01657
;WIDTH:0.523507
G1 X102.915 Y111.268 E.01921
G1 X103.329 Y111.396 E.01559
;WIDTH:0.520307
G1 X103.744 Y111.646 E.01729
;WIDTH:0.517445
G1 X104.087 Y111.986 E.01718
;WIDTH:0.515746
G1 X104.34 Y112.399 E.01711
G1 X104.487 Y112.86 E.01712
;WIDTH:0.524669
G1 X104.509 Y113.429 E.02054
G1 X104.431 Y113.833 E.01485
;WIDTH:0.522054
G1 X104.238 Y114.263 E.0169
;WIDTH:0.518327
G1 X103.93 Y114.654 E.01769
;WIDTH:0.516836
G1 X103.563 Y114.944 E.01659
;WIDTH:0.515376
G1 X103.123 Y115.145 E.0171
;WIDTH:0.516592
G1 X102.648 Y115.235 E.01715
;WIDTH:0.523506
G1 X102.115 Y115.198 E.01921
G1 X101.701 Y115.07 E.01559
;WIDTH:0.520309
G1 X101.286 Y114.82 E.01729
;WIDTH:0.517445
G1 X100.943 Y114.48 E.01718
;WIDTH:0.525542
G1 X100.797 Y114.257 E.00962
; stop printing object OrangePi-Spacer.stl id:8761013144 copy 0
G1 E-.84 F2400
;WIPE_START
G1 F3600
G1 X100.612 Y113.849 E-.16121
G1 X100.527 Y113.45 E-.14701
G1 X100.525 Y113.306 E-.05178
;WIPE_END
;LAYER_CHANGE
;Z:8
;HEIGHT:0.2
;BEFORE_LAYER_CHANGE
;8
G92 E0

;_SET_FAN_SPEED_CHANGING_LAYER
; printing object OrangePi-Spacer.stl id:8761013144 copy 0
G1 Z8.4 F9000
G1 X118.734 Y111.108
G1 Z8
G1 E1.2 F1800
;WIDTH:0.520623
G1 F1200
G1 X119.162 Y111.429 E.0191
;WIDTH:0.52467
G1 X119.494 Y111.809 E.0182
;WIDTH:0.526121
G1 X119.748 Y112.261 E.01878
;WIDTH:0.52641
G1 X119.904 Y112.757 E.01878
G1 X119.953 Y113.273 E.01878
;WIDTH:0.52554
G1 X119.895 Y113.789 E.01875
;WIDTH:0.523506
G1 X119.73 Y114.282 E.01868
;WIDTH:0.520548
G1 X119.466 Y114.729 E.01857
;WIDTH:0.522932
G1 X119.108 Y115.115 E.0189
;WIDTH:0.525541
G1 X118.69 Y115.411 E.01852
;WIDTH:0.526412
G1 X118.213 Y115.617 E.01878
G1 X117.704 Y115.72 E.01878
;WIDTH:0.526121
G1 X117.185 Y115.715 E.01877
;WIDTH:0.524668
G1 X116.678 Y115.604 E.01872
;WIDTH:0.522052
G1 X116.205 Y115.388 E.01863
;WIDTH:0.520625
G1 X115.778 Y115.067 E.0191
;WIDTH:0.524671
G1 X115.446 Y114.687 E.0182
;WIDTH:0.526122
G1 X115.191 Y114.235 E.01878
;WIDTH:0.526413
G1 X115.036 Y113.739 E.01878
G1 X114.987 Y113.223 E.01878
;WIDTH:0.525541
G1 X115.045 Y112.707 E.01875
;WIDTH:0.523508
G1 X115.209 Y112.214 E.01868
;WIDTH:0.520549
G1 X115.474 Y111.767 E.01857
;WIDTH:0.523507
G1 X115.826 Y111.385 E.01869
;WIDTH:0.525541
G1 X116.25 Y111.085 E.01876
;WIDTH:0.526413
G1 X116.727 Y110.879 E.01878
G1 X117.235 Y110.776 E.01878
;WIDTH:0.52608
G1 X117.761 Y110.782 E.019
;WIDTH:0.524511
G1 X118.262 Y110.892 E.01848
;WIDTH:0.522054
G1 X118.698 Y111.091 E.01719
G1 X117.106 Y111.276 F9000
;WIDTH:0.524511
G1 F1200
G1 X117.672 Y111.255 E.0204
G1 X118.07 Y111.332 E.01461
;WIDTH:0.522054
G1 X118.499 Y111.524 E.01683
;WIDTH:0.51873
G1 X118.881 Y111.821 E.01723
;WIDTH:0.51645
G1 X119.181 Y112.2 E.01714
;WIDTH:0.515376
G1 X119.382 Y112.64 E.0171
;WIDTH:0.516591
G1 X119.472 Y113.115 E.01715
;WIDTH:0.523506
G1 X119.435 Y113.648 E.01921
G1 X119.306 Y114.062 E.01559
;WIDTH:0.520307
G1 X119.057 Y114.477 E.01729
;WIDTH:0.517257
G1 X118.717 Y114.82 E.01717
;WIDTH:0.515746
G1 X118.304 Y115.073 E.01711
G1 X117.843 Y115.22 E.01712
;WIDTH:0.524668
G1 X117.274 Y115.242 E.02054
G1 X116.87 Y115.164 E.01485
;WIDTH:0.522052
G1 X116.441 Y114.972 E.01683
;WIDTH:0.51873
G1 X116.059 Y114.675 E.01723
;WIDTH:0.516451
G1 X115.759 Y114.296 E.01714
;WIDTH:0.515377
G1 X115.558 Y113.856 E.0171
;WIDTH:0.516593
G1 X115.467 Y113.381 E.01715
;WIDTH:0.523508
G1 X115.505 Y112.848 E.01921
G1 X115.633 Y112.434 E.01559
;WIDTH:0.520309
G1 X115.882 Y112.019 E.01729
;WIDTH:0.517446
G1 X116.223 Y111.676 E.01718
;WIDTH:0.515747
G1 X116.636 Y111.423 E.01711
G1 X117.068 Y111.286 E.01606
; stop printing object OrangePi-Spacer.stl id:8761013144 copy 0
; printing object OrangePi-Spacer.stl id:29074711 copy 0
G1 E-.84 F2400
;WIPE_START
G1 F3600
G1 X117.672 Y111.255 E-.21782
G1 X118.06 Y111.33 E-.14218
;WIPE_END
G17
G3 Z8.4 I1.096 J-.53 P1  F9000
G1 X114.759 Y104.506 Z8.4
G1 Z8
G1 E1.2 F1800
;WIDTH:0.520548
G1 F1200
G1 X115.207 Y104.771 E.01857
;WIDTH:0.523506
G1 X115.588 Y105.123 E.01869
;WIDTH:0.525541
G1 X115.888 Y105.547 E.01876
;WIDTH:0.526412
G1 X116.094 Y106.024 E.01878
G1 X116.197 Y106.533 E.01878
;WIDTH:0.526123
G1 X116.193 Y107.052 E.01877
;WIDTH:0.524617
G1 X116.078 Y107.565 E.01895
;WIDTH:0.522001
G1 X115.866 Y108.032 E.01839
;WIDTH:0.520623
G1 X115.545 Y108.459 E.0191
;WIDTH:0.524669
G1 X115.165 Y108.791 E.0182
;WIDTH:0.52612
G1 X114.712 Y109.045 E.01878
;WIDTH:0.52641
G1 X114.217 Y109.201 E.01878
G1 X113.7 Y109.25 E.01878
;WIDTH:0.52554
G1 X113.184 Y109.192 E.01875
;WIDTH:0.523506
G1 X112.692 Y109.028 E.01868
;WIDTH:0.520549
G1 X112.244 Y108.763 E.01857
;WIDTH:0.523507
G1 X111.862 Y108.411 E.01869
;WIDTH:0.52554
G1 X111.562 Y107.987 E.01876
;WIDTH:0.526413
G1 X111.356 Y107.51 E.01878
G1 X111.254 Y107.001 E.01878
;WIDTH:0.526123
G1 X111.258 Y106.482 E.01877
;WIDTH:0.524669
G1 X111.37 Y105.975 E.01872
;WIDTH:0.522055
G1 X111.585 Y105.502 E.01863
;WIDTH:0.520624
G1 X111.906 Y105.075 E.0191
;WIDTH:0.524671
G1 X112.286 Y104.743 E.0182
;WIDTH:0.526123
G1 X112.739 Y104.489 E.01878
;WIDTH:0.526375
G1 X113.234 Y104.333 E.01878
G1 X113.757 Y104.284 E.01901
;WIDTH:0.52533
G1 X114.266 Y104.342 E.01851
;WIDTH:0.523507
G1 X114.721 Y104.494 E.01724
G1 E-.84 F2400
;WIPE_START
G1 F3600
G1 X115.207 Y104.771 E-.20118
G1 X115.531 Y105.07 E-.15882
;WIPE_END
G17
G3 Z8.4 I-.735 J-.97 P1  F9000
G1 X111.986 Y107.757 Z8.4
G1 Z8
G1 E1.2 F1800
;WIDTH:0.526413
G1 F1200
G1 X111.822 Y107.383 E.01476
G1 X111.736 Y106.982 E.01485
;WIDTH:0.526123
G1 X111.731 Y106.571 E.01486
;WIDTH:0.524669
G1 X111.809 Y106.167 E.01485
;WIDTH:0.522055
G1 X112.001 Y105.738 E.01683
;WIDTH:0.518731
G1 X112.298 Y105.356 E.01723
;WIDTH:0.516451
G1 X112.677 Y105.056 E.01714
;WIDTH:0.515378
G1 X113.117 Y104.855 E.0171
;WIDTH:0.516076
G1 X113.592 Y104.765 E.01713
;WIDTH:0.523507
G1 X114.125 Y104.802 E.01921
G1 X114.539 Y104.93 E.01559
;WIDTH:0.520307
G1 X114.954 Y105.18 E.01729
;WIDTH:0.517445
G1 X115.297 Y105.52 E.01718
;WIDTH:0.515746
G1 X115.55 Y105.933 E.01711
G1 X115.697 Y106.394 E.01712
;WIDTH:0.524617
G1 X115.719 Y106.962 E.02052
G1 X115.639 Y107.373 E.0151
;WIDTH:0.522001
G1 X115.45 Y107.796 E.01659
;WIDTH:0.51873
G1 X115.153 Y108.178 E.01723
;WIDTH:0.51645
G1 X114.774 Y108.478 E.01714
;WIDTH:0.515376
G1 X114.334 Y108.679 E.0171
;WIDTH:0.516592
G1 X113.858 Y108.77 E.01715
;WIDTH:0.523506
G1 X113.325 Y108.732 E.01921
G1 X112.912 Y108.604 E.01559
;WIDTH:0.520308
G1 X112.497 Y108.354 E.01729
;WIDTH:0.517446
G1 X112.153 Y108.014 E.01718
;WIDTH:0.52554
G1 X112.007 Y107.791 E.00963
; stop printing object OrangePi-Spacer.stl id:29074711 copy 0
; printing object OrangePi-Spacer.stl id:0 copy 0
G1 E-.84 F2400
;WIPE_START
G1 F3600
G1 X111.822 Y107.383 E-.16113
G1 X111.736 Y106.982 E-.14779
G1 X111.734 Y106.84 E-.05108
;WIPE_END
G17
G3 Z8.4 I-1.199 J-.208 P1  F9000
G1 X111.019 Y110.972 Z8.4
G1 Z8
G1 E1.2 F1800
;WIDTH:0.520548
G1 F1200
G1 X111.466 Y111.237 E.01857
;WIDTH:0.523506
G1 X111.848 Y111.589 E.01869
;WIDTH:0.525541
G1 X112.148 Y112.013 E.01876
;WIDTH:0.526412
G1 X112.354 Y112.49 E.01878
G1 X112.457 Y112.999 E.01878
;WIDTH:0.526123
G1 X112.452 Y113.518 E.01877
;WIDTH:0.524617
G1 X112.338 Y114.031 E.01895
;WIDTH:0.522001
G1 X112.125 Y114.498 E.01839
;WIDTH:0.520623
G1 X111.804 Y114.925 E.0191
;WIDTH:0.524669
G1 X111.424 Y115.257 E.0182
;WIDTH:0.52612
G1 X110.972 Y115.511 E.01878
;WIDTH:0.52641
G1 X110.476 Y115.667 E.01878
G1 X109.96 Y115.716 E.01878
;WIDTH:0.52554
G1 X109.444 Y115.658 E.01875
;WIDTH:0.523506
G1 X108.951 Y115.494 E.01868
;WIDTH:0.520549
G1 X108.504 Y115.229 E.01857
;WIDTH:0.523507
G1 X108.122 Y114.877 E.01869
;WIDTH:0.52554
G1 X107.822 Y114.453 E.01876
;WIDTH:0.526413
G1 X107.616 Y113.976 E.01878
G1 X107.513 Y113.467 E.01878
;WIDTH:0.526123
G1 X107.518 Y112.948 E.01877
;WIDTH:0.524669
G1 X107.629 Y112.441 E.01872
;WIDTH:0.522055
G1 X107.845 Y111.968 E.01863
;WIDTH:0.520624
G1 X108.166 Y111.541 E.0191
;WIDTH:0.524671
G1 X108.546 Y111.209 E.0182
;WIDTH:0.526123
G1 X108.998 Y110.955 E.01878
;WIDTH:0.526375
G1 X109.493 Y110.799 E.01878
G1 X110.017 Y110.75 E.01901
;WIDTH:0.52533
G1 X110.526 Y110.808 E.01851
;WIDTH:0.523507
G1 X110.981 Y110.96 E.01724
G1 E-.84 F2400
;WIPE_START
G1 F3600
G1 X111.466 Y111.237 E-.20118
G1 X111.79 Y111.536 E-.15882
;WIPE_END
G17
G3 Z8.4 I-.735 J-.97 P1  F9000
G1 X108.245 Y114.223 Z8.4
G1 Z8
G1 E1.2 F1800
;WIDTH:0.526413
G1 F1200
G1 X108.082 Y113.849 E.01476
G1 X107.995 Y113.448 E.01485
;WIDTH:0.526123
G1 X107.991 Y113.037 E.01486
;WIDTH:0.524669
G1 X108.069 Y112.633 E.01485
;WIDTH:0.522055
G1 X108.26 Y112.204 E.01683
;WIDTH:0.518731
G1 X108.557 Y111.822 E.01723
;WIDTH:0.516451
G1 X108.937 Y111.522 E.01714
;WIDTH:0.515378
G1 X109.377 Y111.321 E.0171
;WIDTH:0.516076
G1 X109.852 Y111.231 E.01713
;WIDTH:0.523507
G1 X110.385 Y111.268 E.01921
G1 X110.799 Y111.396 E.01559
;WIDTH:0.520307
G1 X111.214 Y111.646 E.01729
;WIDTH:0.517445
G1 X111.557 Y111.986 E.01718
;WIDTH:0.515746
G1 X111.809 Y112.399 E.01711
G1 X111.956 Y112.86 E.01712
;WIDTH:0.524617
G1 X111.979 Y113.428 E.02052
G1 X111.899 Y113.839 E.0151
;WIDTH:0.522001
G1 X111.709 Y114.262 E.01659
;WIDTH:0.51873
G1 X111.412 Y114.644 E.01723
;WIDTH:0.51645
G1 X111.033 Y114.944 E.01714
;WIDTH:0.515376
G1 X110.593 Y115.145 E.0171
;WIDTH:0.516592
G1 X110.118 Y115.235 E.01715
;WIDTH:0.523506
G1 X109.585 Y115.198 E.01921
G1 X109.171 Y115.07 E.01559
;WIDTH:0.520308
G1 X108.756 Y114.82 E.01729
;WIDTH:0.517446
G1 X108.413 Y114.48 E.01718
;WIDTH:0.52554
G1 X108.267 Y114.257 E.00963
; stop printing object OrangePi-Spacer.stl id:0 copy 0
; printing object OrangePi-Spacer.stl id:8761013144 copy 0
G1 E-.84 F2400
;WIPE_START
G1 F3600
G1 X108.082 Y113.849 E-.16113
G1 X107.995 Y113.448 E-.14779
G1 X107.994 Y113.306 E-.05108
;WIPE_END
G17
G3 Z8.4 I.566 J-1.077 P1  F9000
G1 X103.549 Y110.972 Z8.4
G1 Z8
G1 E1.2 F1800
;WIDTH:0.520548
G1 F1200
G1 X103.996 Y111.237 E.01857
;WIDTH:0.523506
G1 X104.378 Y111.589 E.01869
;WIDTH:0.525541
G1 X104.678 Y112.013 E.01876
;WIDTH:0.526412
G1 X104.884 Y112.49 E.01878
G1 X104.987 Y112.999 E.01878
;WIDTH:0.526123
G1 X104.982 Y113.518 E.01877
;WIDTH:0.524617
G1 X104.868 Y114.031 E.01895
;WIDTH:0.522001
G1 X104.655 Y114.498 E.01839
;WIDTH:0.520623
G1 X104.334 Y114.925 E.0191
;WIDTH:0.524669
G1 X103.955 Y115.257 E.0182
;WIDTH:0.52612
G1 X103.502 Y115.511 E.01878
;WIDTH:0.52641
G1 X103.007 Y115.667 E.01878
G1 X102.49 Y115.716 E.01878
;WIDTH:0.52554
G1 X101.974 Y115.658 E.01875
;WIDTH:0.523506
G1 X101.481 Y115.494 E.01868
;WIDTH:0.520549
G1 X101.034 Y115.229 E.01857
;WIDTH:0.523507
G1 X100.652 Y114.877 E.01869
;WIDTH:0.52554
G1 X100.352 Y114.453 E.01876
;WIDTH:0.526413
G1 X100.146 Y113.976 E.01878
G1 X100.043 Y113.467 E.01878
;WIDTH:0.526123
G1 X100.048 Y112.948 E.01877
;WIDTH:0.524669
G1 X100.16 Y112.441 E.01872
;WIDTH:0.522055
G1 X100.375 Y111.968 E.01863
;WIDTH:0.520624
G1 X100.696 Y111.541 E.0191
;WIDTH:0.524671
G1 X101.076 Y111.209 E.0182
;WIDTH:0.526123
G1 X101.528 Y110.955 E.01878
;WIDTH:0.526375
G1 X102.024 Y110.799 E.01878
G1 X102.547 Y110.75 E.01901
;WIDTH:0.52533
G1 X103.056 Y110.808 E.01851
;WIDTH:0.523507
G1 X103.511 Y110.96 E.01724
G1 E-.84 F2400
;WIPE_START
G1 F3600
G1 X103.996 Y111.237 E-.20118
G1 X104.32 Y111.536 E-.15882
;WIPE_END
G17
G3 Z8.4 I-.735 J-.97 P1  F9000
G1 X100.775 Y114.223 Z8.4
G1 Z8
G1 E1.2 F1800
;WIDTH:0.526413
G1 F1200
G1 X100.612 Y113.849 E.01476
G1 X100.526 Y113.448 E.01485
;WIDTH:0.526123
G1 X100.521 Y113.037 E.01486
;WIDTH:0.524669
G1 X100.599 Y112.633 E.01485
;WIDTH:0.522055
G1 X100.791 Y112.204 E.01683
;WIDTH:0.518731
G1 X101.088 Y111.822 E.01723
;WIDTH:0.516451
G1 X101.467 Y111.522 E.01714
;WIDTH:0.515378
G1 X101.907 Y111.321 E.0171
;WIDTH:0.516076
G1 X102.382 Y111.231 E.01713
;WIDTH:0.523507
G1 X102.915 Y111.268 E.01921
G1 X103.329 Y111.396 E.01559
;WIDTH:0.520307
G1 X103.744 Y111.646 E.01729
;WIDTH:0.517445
G1 X104.087 Y111.986 E.01718
;WIDTH:0.515746
G1 X104.34 Y112.399 E.01711
G1 X104.487 Y112.86 E.01712
;WIDTH:0.524617
G1 X104.509 Y113.428 E.02052
G1 X104.429 Y113.839 E.0151
;WIDTH:0.522001
G1 X104.24 Y114.262 E.01659
;WIDTH:0.51873
G1 X103.943 Y114.644 E.01723
;WIDTH:0.51645
G1 X103.563 Y114.944 E.01714
;WIDTH:0.515376
G1 X103.123 Y115.145 E.0171
;WIDTH:0.516592
G1 X102.648 Y115.235 E.01715
;WIDTH:0.523506
G1 X102.115 Y115.198 E.01921
G1 X101.701 Y115.07 E.01559
;WIDTH:0.520308
G1 X101.286 Y114.82 E.01729
;WIDTH:0.517446
G1 X100.943 Y114.48 E.01718
;WIDTH:0.52554
G1 X100.797 Y114.257 E.00963
; stop printing object OrangePi-Spacer.stl id:8761013144 copy 0
G1 E-.84 F2400
;WIPE_START
G1 F3600
G1 X100.612 Y113.849 E-.16113
G1 X100.526 Y113.448 E-.14779
G1 X100.524 Y113.306 E-.05108
;WIPE_END
M106 S0
M106 P2 S0
;TYPE:Custom
; filament end gcode 
G91 ;Relative positionning 
G1 E-2 F2700 ;Retract a bit 
G1 E-2 Z0.2 F2400 ;Retract and raise Z 
G1 X5 Y5 F3000 ;Wipe out 
G1 Z10 ;Raise Z more 
G90 ;Absolute positionning 
 
G1 X0 Y220 ;Present print 
M106 S0 ;Turn-off fan 
M104 S0 ;Turn-off hotend 
M140 S0 ;Turn-off bed 
 
M84 X Y E ;Disable all steppers but Z
; EXECUTABLE_BLOCK_END

; filament used [mm] = 216.03
; filament used [cm3] = 0.52
; filament used [g] = 0.64
; filament cost = 0.01
; total filament used [g] = 0.64
; total filament cost = 0.01
; total layers count = 40
; estimated printing time (normal mode) = 7m 34s
; estimated first layer printing time (normal mode) = 13s

; CONFIG_BLOCK_START
; accel_to_decel_enable = 1
; accel_to_decel_factor = 50%
; activate_air_filtration = 0
; activate_chamber_temp_control = 0
; adaptive_bed_mesh_margin = 0
; adaptive_pressure_advance = 0
; adaptive_pressure_advance_bridges = 0
; adaptive_pressure_advance_model = "0,0,0\n0,0,0"
; adaptive_pressure_advance_overhangs = 0
; additional_cooling_fan_speed = 70
; alternate_extra_wall = 0
; auxiliary_fan = 1
; bbl_calib_mark_logo = 1
; bbl_use_printhost = 0
; bed_custom_model = 
; bed_custom_texture = 
; bed_exclude_area = 0x0
; bed_mesh_max = 99999,99999
; bed_mesh_min = -99999,-99999
; bed_mesh_probe_distance = 50,50
; before_layer_change_gcode = ;BEFORE_LAYER_CHANGE\n;[layer_z]\nG92 E0\n
; best_object_pos = 0.5,0.5
; bottom_shell_layers = 4
; bottom_shell_thickness = 0
; bottom_solid_infill_flow_ratio = 1
; bottom_surface_pattern = monotonic
; bridge_acceleration = 50%
; bridge_angle = 0
; bridge_density = 100%
; bridge_flow = 0.95
; bridge_no_support = 0
; bridge_speed = 100
; brim_ears_detection_length = 1
; brim_ears_max_angle = 125
; brim_object_gap = 0.1
; brim_type = outer_only
; brim_width = 5
; chamber_temperature = 0
; change_extrusion_role_gcode = 
; change_filament_gcode = M600
; close_fan_the_first_x_layers = 1
; complete_print_exhaust_fan_speed = 80
; cool_plate_temp = 55
; cool_plate_temp_initial_layer = 55
; cooling_tube_length = 5
; cooling_tube_retraction = 91.5
; counterbore_hole_bridging = none
; curr_bed_type = High Temp Plate
; default_acceleration = 2500
; default_filament_colour = #E3E24D
; default_filament_profile = "Creality Generic PLA @Ender-3V3-all"
; default_jerk = 0
; default_print_profile = 0.20mm Standard @Creality Ender3V3SE 0.4
; deretraction_speed = 30
; detect_narrow_internal_solid_infill = 1
; detect_overhang_wall = 1
; detect_thin_wall = 1
; different_settings_to_system = brim_type;sparse_infill_pattern;default_filament_colour;filament_cost;filament_flow_ratio;filament_vendor;hot_plate_temp;hot_plate_temp_initial_layer;nozzle_temperature;nozzle_temperature_initial_layer;nozzle_temperature_range_high;auxiliary_fan;machine_start_gcode;print_host
; disable_m73 = 1
; dont_filter_internal_bridges = disabled
; dont_slow_down_outer_wall = 0
; draft_shield = disabled
; during_print_exhaust_fan_speed = 60
; elefant_foot_compensation = 0
; elefant_foot_compensation_layers = 1
; emit_machine_limits_to_gcode = 1
; enable_arc_fitting = 0
; enable_extra_bridge_layer = disabled
; enable_filament_ramming = 1
; enable_long_retraction_when_cut = 0
; enable_overhang_bridge_fan = 1
; enable_overhang_speed = 1
; enable_pressure_advance = 0
; enable_prime_tower = 0
; enable_support = 0
; enforce_support_layers = 0
; eng_plate_temp = 55
; eng_plate_temp_initial_layer = 55
; ensure_vertical_shell_thickness = ensure_all
; exclude_object = 0
; extra_loading_move = -2
; extra_perimeters_on_overhangs = 0
; extruder_clearance_height_to_lid = 34
; extruder_clearance_height_to_rod = 47
; extruder_clearance_radius = 90
; extruder_colour = #E3E24D
; extruder_offset = 0x0
; extrusion_rate_smoothing_external_perimeter_only = 0
; fan_cooling_layer_time = 100
; fan_kickstart = 0
; fan_max_speed = 100
; fan_min_speed = 100
; fan_speedup_overhangs = 1
; fan_speedup_time = 0
; filament_colour = #E3E24D
; filament_cooling_final_speed = 3.4
; filament_cooling_initial_speed = 2.2
; filament_cooling_moves = 4
; filament_cost = 12
; filament_density = 1.24
; filament_diameter = 1.75
; filament_end_gcode = "; filament end gcode \n"
; filament_flow_ratio = 0.9
; filament_ids = GFL99
; filament_is_support = 0
; filament_loading_speed = 28
; filament_loading_speed_start = 3
; filament_max_volumetric_speed = 18
; filament_minimal_purge_on_wipe_tower = 15
; filament_multitool_ramming = 0
; filament_multitool_ramming_flow = 10
; filament_multitool_ramming_volume = 10
; filament_notes = ""
; filament_ramming_parameters = "120 100 6.6 6.8 7.2 7.6 7.9 8.2 8.7 9.4 9.9 10.0| 0.05 6.6 0.45 6.8 0.95 7.8 1.45 8.3 1.95 9.7 2.45 10 2.95 7.6 3.45 7.6 3.95 7.6 4.45 7.6 4.95 7.6"
; filament_settings_id = "Elegoo PLA @Ender-3V3-all"
; filament_shrink = 100%
; filament_shrinkage_compensation_z = 100%
; filament_soluble = 0
; filament_stamping_distance = 0
; filament_stamping_loading_speed = 0
; filament_start_gcode = "; filament start gcode\n"
; filament_toolchange_delay = 0
; filament_type = PLA
; filament_unloading_speed = 90
; filament_unloading_speed_start = 100
; filament_vendor = Elegoo
; filename_format = {input_filename_base}_{filament_type[initial_tool]}_{print_time}.gcode
; filter_out_gap_fill = 0
; first_layer_print_sequence = 0
; flush_into_infill = 0
; flush_into_objects = 0
; flush_into_support = 1
; flush_multiplier = 1
; flush_volumes_matrix = 0
; flush_volumes_vector = 140,140
; full_fan_speed_layer = 0
; fuzzy_skin = none
; fuzzy_skin_first_layer = 0
; fuzzy_skin_noise_type = classic
; fuzzy_skin_octaves = 4
; fuzzy_skin_persistence = 0.5
; fuzzy_skin_point_distance = 0.3
; fuzzy_skin_scale = 1
; fuzzy_skin_thickness = 0.2
; gap_fill_target = nowhere
; gap_infill_speed = 50
; gcode_add_line_number = 0
; gcode_comments = 0
; gcode_flavor = marlin2
; gcode_label_objects = 1
; has_scarf_joint_seam = 0
; head_wrap_detect_zone = 
; high_current_on_filament_swap = 0
; hole_to_polyhole = 0
; hole_to_polyhole_threshold = 0.01
; hole_to_polyhole_twisted = 1
; host_type = octoprint
; hot_plate_temp = 60
; hot_plate_temp_initial_layer = 60
; idle_temperature = 0
; independent_support_layer_height = 1
; infill_anchor = 400%
; infill_anchor_max = 20
; infill_combination = 0
; infill_combination_max_layer_height = 100%
; infill_direction = 45
; infill_jerk = 9
; infill_wall_overlap = 15%
; inherits_group = "0.20mm Standard @Creality Ender3V3SE 0.4";"Creality Generic PLA @Ender-3V3-all";"Creality Ender-3 V3 SE 0.4 nozzle"
; initial_layer_acceleration = 500
; initial_layer_infill_speed = 80
; initial_layer_jerk = 9
; initial_layer_line_width = 0.46
; initial_layer_min_bead_width = 85%
; initial_layer_print_height = 0.2
; initial_layer_speed = 30
; initial_layer_travel_speed = 100%
; inner_wall_acceleration = 2000
; inner_wall_jerk = 9
; inner_wall_line_width = 0.45
; inner_wall_speed = 90
; interface_shells = 0
; interlocking_beam = 0
; interlocking_beam_layer_count = 2
; interlocking_beam_width = 0.8
; interlocking_boundary_avoidance = 2
; interlocking_depth = 2
; interlocking_orientation = 22.5
; internal_bridge_angle = 0
; internal_bridge_density = 100%
; internal_bridge_fan_speed = -1
; internal_bridge_flow = 1
; internal_bridge_speed = 150%
; internal_solid_infill_acceleration = 100%
; internal_solid_infill_line_width = 0.42
; internal_solid_infill_pattern = monotonic
; internal_solid_infill_speed = 180
; ironing_angle = -1
; ironing_flow = 15%
; ironing_inset = 0
; ironing_pattern = zig-zag
; ironing_spacing = 0.1
; ironing_speed = 20
; ironing_type = no ironing
; is_infill_first = 0
; lattice_angle_1 = -45
; lattice_angle_2 = 45
; layer_change_gcode = 
; layer_height = 0.2
; line_width = 0.46
; long_retractions_when_cut = 0
; machine_end_gcode = G91 ;Relative positionning \nG1 E-2 F2700 ;Retract a bit \nG1 E-2 Z0.2 F2400 ;Retract and raise Z \nG1 X5 Y5 F3000 ;Wipe out \nG1 Z10 ;Raise Z more \nG90 ;Absolute positionning \n \nG1 X0 Y220 ;Present print \nM106 S0 ;Turn-off fan \nM104 S0 ;Turn-off hotend \nM140 S0 ;Turn-off bed \n \nM84 X Y E ;Disable all steppers but Z
; machine_load_filament_time = 11
; machine_max_acceleration_e = 5000,5000
; machine_max_acceleration_extruding = 2500,2500
; machine_max_acceleration_retracting = 500,500
; machine_max_acceleration_travel = 2500,2500
; machine_max_acceleration_x = 2500,2500
; machine_max_acceleration_y = 2500,2500
; machine_max_acceleration_z = 500,500
; machine_max_jerk_e = 5,5
; machine_max_jerk_x = 10,10
; machine_max_jerk_y = 10,10
; machine_max_jerk_z = 0.4,0.4
; machine_max_speed_e = 40,40
; machine_max_speed_x = 250,250
; machine_max_speed_y = 250,250
; machine_max_speed_z = 5,5
; machine_min_extruding_rate = 0,0
; machine_min_travel_rate = 0,0
; machine_pause_gcode = M25
; machine_start_gcode = M220 S100 ;Reset Feedrate \nM221 S100 ;Reset Flowrate \nM413 S0; Disable power loss recovery \nM104 S[nozzle_temperature_initial_layer] ;Set final nozzle temp \nM190 S[bed_temperature_initial_layer_single] ;Set and wait for bed temp to stabilize \nG28 ;Home \nG92 E0 ;Reset Extruder \nG1 Z2.0 F3000 ;Move Z Axis up \nG1 X-2.1 Y20 Z0.28 F5000.0 ;Move to start position \nM109 S[nozzle_temperature_initial_layer] ;Wait for nozzle temp to stabilize \nG1 X-2.1 Y145.0 Z0.28 F1500.0 E15 ;Draw the first line \nG1 X-2.4 Y145.0 Z0.28 F5000.0 ;Move to side a little \nG1 X-2.4 Y20 Z0.28 F1500.0 E30 ;Draw the second line \nG92 E0  ;Reset Extruder \nG1 E-1.0000 F1800 ;Retract a bit \nG1 Z2.0 F3000 ;Move Z Axis up \nG1 E0.0000 F1800
; machine_tool_change_time = 0
; machine_unload_filament_time = 0
; make_overhang_printable = 0
; make_overhang_printable_angle = 55
; make_overhang_printable_hole_size = 0
; manual_filament_change = 1
; max_bridge_length = 10
; max_layer_height = 0.32
; max_travel_detour_distance = 0
; max_volumetric_extrusion_rate_slope = 0
; max_volumetric_extrusion_rate_slope_segment_length = 3
; min_bead_width = 85%
; min_feature_size = 25%
; min_layer_height = 0.08
; min_length_factor = 0.5
; min_skirt_length = 0
; min_width_top_surface = 300%
; minimum_sparse_infill_area = 10
; mmu_segmented_region_interlocking_depth = 0
; mmu_segmented_region_max_width = 0
; notes = 
; nozzle_diameter = 0.4
; nozzle_height = 2.5
; nozzle_hrc = 0
; nozzle_temperature = 210
; nozzle_temperature_initial_layer = 215
; nozzle_temperature_range_high = 210
; nozzle_temperature_range_low = 190
; nozzle_type = brass
; nozzle_volume = 0
; only_one_wall_first_layer = 0
; only_one_wall_top = 0
; ooze_prevention = 0
; other_layers_print_sequence = 0
; other_layers_print_sequence_nums = 0
; outer_wall_acceleration = 1000
; outer_wall_jerk = 9
; outer_wall_line_width = 0.42
; outer_wall_speed = 60
; overhang_1_4_speed = 0
; overhang_2_4_speed = 20
; overhang_3_4_speed = 15
; overhang_4_4_speed = 10
; overhang_fan_speed = 100
; overhang_fan_threshold = 50%
; overhang_reverse = 0
; overhang_reverse_internal_only = 0
; overhang_reverse_threshold = 50%
; overhang_speed_classic = 0
; parking_pos_retraction = 92
; pellet_flow_coefficient = 0.4157
; pellet_modded_printer = 0
; post_process = 
; precise_outer_wall = 0
; precise_z_height = 0
; preferred_orientation = 0
; preheat_steps = 1
; preheat_time = 30
; pressure_advance = 0.02
; prime_tower_brim_width = 3
; prime_tower_width = 60
; prime_volume = 45
; print_compatible_printers = "Creality Ender-3 V3 SE 0.4 nozzle"
; print_flow_ratio = 1
; print_order = default
; print_sequence = by layer
; print_settings_id = 0.20mm Standard @Creality Ender3V3SE 0.4 - Copy
; printable_area = 0x0,220x0,220x220,0x220
; printable_height = 250
; printer_model = Creality Ender-3 V3 SE
; printer_notes = 
; printer_settings_id = Creality Ender-3 V3 SE 0.4 nozzle - Copy
; printer_structure = i3
; printer_technology = FFF
; printer_variant = 0.4
; printhost_authorization_type = key
; printhost_ssl_ignore_revoke = 0
; printing_by_object_gcode = 
; purge_in_prime_tower = 1
; raft_contact_distance = 0.1
; raft_expansion = 1.5
; raft_first_layer_density = 90%
; raft_first_layer_expansion = 2
; raft_layers = 0
; reduce_crossing_wall = 0
; reduce_fan_stop_start_freq = 1
; reduce_infill_retraction = 1
; required_nozzle_HRC = 0
; resolution = 0.012
; retract_before_wipe = 70%
; retract_length_toolchange = 1
; retract_lift_above = 0
; retract_lift_below = 0
; retract_lift_enforce = All Surfaces
; retract_on_top_layer = 1
; retract_restart_extra = 0
; retract_restart_extra_toolchange = 0
; retract_when_changing_layer = 1
; retraction_distances_when_cut = 18
; retraction_length = 1.2
; retraction_minimum_travel = 2
; retraction_speed = 40
; role_based_wipe_speed = 1
; rotate_solid_infill_direction = 1
; scan_first_layer = 0
; scarf_angle_threshold = 155
; scarf_joint_flow_ratio = 1
; scarf_joint_speed = 100%
; scarf_overhang_threshold = 40%
; seam_gap = 10%
; seam_position = aligned
; seam_slope_conditional = 0
; seam_slope_entire_loop = 0
; seam_slope_inner_walls = 0
; seam_slope_min_length = 20
; seam_slope_start_height = 0
; seam_slope_steps = 10
; seam_slope_type = none
; silent_mode = 0
; single_extruder_multi_material = 1
; single_extruder_multi_material_priming = 0
; single_loop_draft_shield = 0
; skirt_distance = 2
; skirt_height = 2
; skirt_loops = 0
; skirt_speed = 50
; skirt_start_angle = -135
; skirt_type = combined
; slice_closing_radius = 0.049
; slicing_mode = regular
; slow_down_for_layer_cooling = 1
; slow_down_layer_time = 8
; slow_down_layers = 0
; slow_down_min_speed = 20
; slowdown_for_curled_perimeters = 1
; small_area_infill_flow_compensation = 0
; small_area_infill_flow_compensation_model = 0,0;"\n0.2,0.4444";"\n0.4,0.6145";"\n0.6,0.7059";"\n0.8,0.7619";"\n1.5,0.8571";"\n2,0.8889";"\n3,0.9231";"\n5,0.9520";"\n10,1"
; small_perimeter_speed = 50%
; small_perimeter_threshold = 0
; solid_infill_direction = 45
; solid_infill_filament = 1
; sparse_infill_acceleration = 100%
; sparse_infill_density = 15%
; sparse_infill_filament = 1
; sparse_infill_line_width = 0.45
; sparse_infill_pattern = zig-zag
; sparse_infill_speed = 180
; spiral_finishing_flow_ratio = 0
; spiral_mode = 0
; spiral_mode_max_xy_smoothing = 200%
; spiral_mode_smooth = 0
; spiral_starting_flow_ratio = 0
; staggered_inner_seams = 0
; standby_temperature_delta = -5
; start_end_points = 30x-3,54x245
; supertack_plate_temp = 35
; supertack_plate_temp_initial_layer = 35
; support_air_filtration = 0
; support_angle = 0
; support_base_pattern = rectilinear
; support_base_pattern_spacing = 2.5
; support_bottom_interface_spacing = 0.5
; support_bottom_z_distance = 0.2
; support_chamber_temp_control = 0
; support_critical_regions_only = 0
; support_expansion = 0
; support_filament = 0
; support_interface_bottom_layers = -1
; support_interface_filament = 0
; support_interface_loop_pattern = 0
; support_interface_not_for_body = 1
; support_interface_pattern = auto
; support_interface_spacing = 0.5
; support_interface_speed = 80
; support_interface_top_layers = 2
; support_line_width = 0.38
; support_material_interface_fan_speed = -1
; support_multi_bed_types = 0
; support_object_first_layer_gap = 0.2
; support_object_xy_distance = 0.35
; support_on_build_plate_only = 0
; support_remove_small_overhang = 1
; support_speed = 50
; support_style = grid
; support_threshold_angle = 30
; support_threshold_overlap = 50%
; support_top_z_distance = 0.15
; support_type = normal(auto)
; temperature_vitrification = 60
; template_custom_gcode = 
; textured_cool_plate_temp = 40
; textured_cool_plate_temp_initial_layer = 40
; textured_plate_temp = 55
; textured_plate_temp_initial_layer = 55
; thick_bridges = 0
; thick_internal_bridges = 1
; thumbnails = 
; thumbnails_format = PNG
; time_cost = 0
; time_lapse_gcode = 
; timelapse_type = 0
; top_bottom_infill_wall_overlap = 25%
; top_shell_layers = 4
; top_shell_thickness = 0.8
; top_solid_infill_flow_ratio = 1
; top_surface_acceleration = 2500
; top_surface_jerk = 9
; top_surface_line_width = 0.42
; top_surface_pattern = monotonicline
; top_surface_speed = 50
; travel_acceleration = 2500
; travel_jerk = 12
; travel_slope = 3
; travel_speed = 150
; travel_speed_z = 0
; tree_support_adaptive_layer_height = 1
; tree_support_angle_slow = 25
; tree_support_auto_brim = 1
; tree_support_branch_angle = 40
; tree_support_branch_angle_organic = 40
; tree_support_branch_diameter = 5
; tree_support_branch_diameter_angle = 5
; tree_support_branch_diameter_organic = 2
; tree_support_branch_distance = 5
; tree_support_branch_distance_organic = 1
; tree_support_brim_width = 3
; tree_support_tip_diameter = 0.8
; tree_support_top_rate = 30%
; tree_support_wall_count = 2
; upward_compatible_machine = 
; use_firmware_retraction = 0
; use_relative_e_distances = 1
; wall_direction = auto
; wall_distribution_count = 1
; wall_filament = 1
; wall_generator = arachne
; wall_loops = 2
; wall_sequence = inner wall/outer wall
; wall_transition_angle = 10
; wall_transition_filter_deviation = 25%
; wall_transition_length = 100%
; wipe = 1
; wipe_before_external_loop = 0
; wipe_distance = 1
; wipe_on_loops = 0
; wipe_speed = 80%
; wipe_tower_bridging = 10
; wipe_tower_cone_angle = 0
; wipe_tower_extra_flow = 100%
; wipe_tower_extra_spacing = 100%
; wipe_tower_filament = 0
; wipe_tower_max_purge_speed = 90
; wipe_tower_no_sparse_layers = 0
; wipe_tower_rotation_angle = 0
; wipe_tower_x = 0.000
; wipe_tower_x = 0
; wipe_tower_y = 250.000
; wipe_tower_y = 250
; wiping_volumes_extruders = 70,70,70,70,70,70,70,70,70,70
; xy_contour_compensation = 0
; xy_hole_compensation = 0
; z_hop = 0.4
; z_hop_types = Spiral Lift
; z_offset = 0
; first_layer_bed_temperature = 60
; bed_shape = 0x0,220x0,220x220,0x220
; first_layer_temperature = 215
; first_layer_height = 0.200
; CONFIG_BLOCK_END


